{
  "file": "1---A-20-Year-Old-Woman-from-Sudan-With-Fever--_2022_Clinical-Cases-in-Tropi.md",
  "n_chunks": 30,
  "text_embedding": "Processed_embeddings/embeddings/text/1---A-20-Year-Old-Woman-from-Sudan-With-Fever--_2022_Clinical-Cases-in-Tropi_text.npy",
  "image_embedding": "Processed_embeddings/embeddings/image/1---A-20-Year-Old-Woman-from-Sudan-With-Fever--_2022_Clinical-Cases-in-Tropi_images.npy",
  "chunks": [
    {
      "id": 0,
      "text": "# page 1 1 a 2 0 - year - old woman from sudan with fever, haemorrhage and shock daniel g. bausch clinical presentation history a 2 0 - year - old housewife presents to a hospital in northern uganda with a 2 - day history of fever, severe asthenia, chest and abdominal pain, nausea, vomiting, diarrhoea and slight non",
      "type": "text"
    },
    {
      "id": 1,
      "text": ", vomiting, diarrhoea and slight non - productive cough. the patient isa sudaneserefugee living inacampintheregion. shedeniesanycontactwithsickpeople. clinical findings the patient is prostrate and semiconscious on admission. vital signs : temperature 3 9. 6 ° c, 1 0 3. 3 ° f blood pressure 9 0 / 6 0 mmhg",
      "type": "text"
    },
    {
      "id": 2,
      "text": "f blood pressure 9 0 / 6 0 mmhg, pulse 9 0 bpm, and respiratory rate 2 4 cycles per minute. physical examination revealed abdominal ten - derness, especially in the right upper quadrant, hepatosple - nomegaly and bleeding from the gums. the lungs were clear. no rash or lymphadenopathy was noted. questions 1. is the",
      "type": "text"
    },
    {
      "id": 3,
      "text": "denopathy was noted. questions 1. is the patient ’ s history and clinical presentation consistent with a haemorrhagic fever hf syndrome? 2. what degree of nursing precautions need to be implemented? discussion this patient was seen during an outbreak of ebola virus dis - ease in northern uganda, so the diagnosis was strongly sus - pected. she was admitted to the isolation ward that had",
      "type": "text"
    },
    {
      "id": 4,
      "text": ". she was admitted to the isolation ward that had been established as part of the international outbreak response. no clinical laboratory data were available because, for biosafety reasons, such testing was suspended. although it is a reasonable precaution, the suspension of routine testing often causes difficulty in ruling out the many other febrile syn - dromes in the differential diagnosis and increases mortality from other non",
      "type": "text"
    },
    {
      "id": 5,
      "text": "in the differential diagnosis and increases mortality from other non - ebola disease. fortunately, many clinical lab - oratory tests can now be safely performed with point - of - care instruments, often brought into a specialized laboratory in the isolation ward, as long as the laboratory personnel are properly trained and equipped. answer to question 1 is the patient ’ s history and clinical presentation consistent with an hf",
      "type": "text"
    },
    {
      "id": 6,
      "text": "� s history and clinical presentation consistent with an hf syndrome? the clinical presentation is indeed one of classic viral hf. however, most times the diagnosis is not so easy. although some patients, such as this one, do progress to the classic syn - drome with haemorrhage, multiple organ dysfunction syn - drome and shock, haemorrhage is not invariably seen and may even",
      "type": "text"
    },
    {
      "id": 7,
      "text": "ge is not invariably seen and may even be noted in only a minority of cases with some virus species, and severe and fatal disease may still occur in its absence. the clinical presentation of viral hf is often very non - specific. furthermore, haemorrhage may be seen in numerous other syndromes, such as complicated malaria, typhoid fever, bacterial gastroenter",
      "type": "text"
    },
    {
      "id": 8,
      "text": "complicated malaria, typhoid fever, bacterial gastroenteritis and leptospirosis, which are the primary differential diagnoses, depending on the region. answer to question 2 what degree of nursing precautions needs to be implemented? the spread of ebola virus between humans is through direct contact with blood or bodily fluids. secondary attack rates are generally 1 5 % to 2 0 % during outbreaks in",
      "type": "text"
    },
    {
      "id": 9,
      "text": "5 % to 2 0 % during outbreaks in africa, and much lower if proper universal precautions are maintained. specialized viral hf precautions and personal protective equipment are warranted when there is a confirmed case or high index of suspicion, such as in this case. the case continued... intravenous fluids, broad - spectrum antibiotics and analge - sics were begun on admission. nevertheless, the",
      "type": "text"
    },
    {
      "id": 10,
      "text": "- sics were begun on admission. nevertheless, the patient ’ s condition rapidly worsened, with subconjunctival haemor - rhage, copious bleeding from the mouth, nose and rectum 1 # page 2 figs. 1. 1 and 1. 2, dyspnoea and hypothermic shock tem - perature 3 6. 0 ° c",
      "type": "text"
    },
    {
      "id": 11,
      "text": "tem - perature 3 6. 0 ° c, blood pressure ¼ unreadable, pulse 1 5 0 bpm, respiratory rate 3 6 cycles per minute. she became comatose and died approximately 2 4 hours after admission. laboratory testing at a specialized laboratory established as part of the outbreak response showed positive elisa antigen and pcr tests for ebola virus and a negative result for elisa",
      "type": "text"
    },
    {
      "id": 12,
      "text": "tests for ebola virus and a negative result for elisa igg antibody, confirming the diagnosis of ebola virus disease. summary box filoviral diseases ebola and marburg virus disease are the two syndromes caused by filoviruses. microvascular instability with capillary leak and impaired haemostasis, often including disseminated intravascular coagulation, are the pathogenic hallmarks.",
      "type": "text"
    },
    {
      "id": 13,
      "text": "agulation, are the pathogenic hallmarks. there are four known pathogenic species of ebola and one of marburg virus, with rel - atively consistent case fatality associated with each species, ranging from 2 5 % to 8 5 %. ebola and marburg diseases are generally indistinguishable, both with non - specific presentations typically including fever, headache, asthenia, myal",
      "type": "text"
    },
    {
      "id": 14,
      "text": "including fever, headache, asthenia, myalgias, abdominal pain, nausea, vomiting and diarrhoea. conjunctival injection and subconjunctival haemorrhage are common. a fleeting maculo - papular rash is occasionally seen. typical laboratory findings include mild lymphopenia and thrombocytopenia, and elevated hepatic",
      "type": "text"
    },
    {
      "id": 15,
      "text": "and thrombocytopenia, and elevated hepatic transaminases, with ast > alt. leucocytosis may be seen in late stages. the differential diagnosis is extremely broad, including almost all febrile diseases common in the tropics. ebola and marburg virus diseases are endemic in sub - saharan africa, with ebola virus typically found in tropical rain - forests in the central",
      "type": "text"
    },
    {
      "id": 16,
      "text": "typically found in tropical rain - forests in the central and western parts of the continent and marburg virus in the drier forest or savannah in the east. evidence strongly implicates fruit bats as the filovirus reservoir, especially the egyptian fruit bat rousettus aegyptiacus as the reservoir for marburg virus. human infection likely occurs from inadvertent exposure to infected bat excre",
      "type": "text"
    },
    {
      "id": 17,
      "text": "from inadvertent exposure to infected bat excreta or saliva. male - to - female sexual transmission may occur months after infection because of the virus ’ s persistence in the semen, although these events are relatively rare. miners, spelunkers, forestry workers and others with expo - sure in environments typically inhabited by bats are at risk, especially for marburg",
      "type": "text"
    },
    {
      "id": 18,
      "text": "by bats are at risk, especially for marburg virus disease. non - human primates, especially gorillas and chimpanzees, and other wild animals may serve as intermediate hosts that transmit filoviruses to humans through contact with their blood and bodily fluids, usually asso - ciated with hunting and butchering. these wild animals are pre - sumably also infected by",
      "type": "text"
    },
    {
      "id": 19,
      "text": "wild animals are pre - sumably also infected by exposure to bats and usually develop severe and fatal disease similar to human viral hf. most outbreaks are thought to result from a single or very few human introductions from a zoonotic source followed by nosocomial amplification through person - to - person transmission in a setting of inadequate universal precautions, usually in rural areas of countries",
      "type": "text"
    },
    {
      "id": 20,
      "text": "inadequate universal precautions, usually in rural areas of countries where civil unrest has decimated the healthcare infrastructure. because symptoms are generally non - specific and laboratory testing is not widely available, viral hf outbreaks are usually recognized only if a cluster of cases occurs, especially when healthcare workers are involved. having been into caves or mines, and direct or indirect contact with wild animals or people with suspected viral",
      "type": "text"
    },
    {
      "id": 21,
      "text": "indirect contact with wild animals or people with suspected viral hf, are key diagnostic clues, but these are not uniformly present. outside consultation with experts in the field and testing of suspected cases should be rapidly undertaken and public health authorities must be alerted. contact tracing should be undertaken to identify all persons with direct unprotected exposure with the case patient, with surveillance of contacts for",
      "type": "text"
    },
    {
      "id": 22,
      "text": "with the case patient, with surveillance of contacts for fever for 2 1 days the maximum incubation period for ebola and marburg virus diseases. any contact developing fever or showing other signs of viral hf should immediately be isolated and tested. treatment is supportive. antimalarials and broad - spectrum antibiotics should be given until the diagnosis of viral hf is con - firmed. preliminary results",
      "type": "text"
    },
    {
      "id": 23,
      "text": "viral hf is con - firmed. preliminary results from a clinical trial of experimental compounds conducted during an outbreak in the democratic republic of the congo show very promising results, reducing case fatality to as low as 1 0 % if treatment is administered early in the course of disease. similarly, a clinical trial of an ebola vaccine in the democratic republic of the congo and during the massive",
      "type": "text"
    },
    {
      "id": 24,
      "text": "the democratic republic of the congo and during the massive to outbreak in west africa showed protective efficacy of over 9 0 %. further reading 1. blumberg l, enria d, bausch dg. viral haemorrhagic fevers. in : farrar j, editor. manson ’ s tropical diseases. 2 3 rd ed. london : elsevier ; [ chapter 1 6 ]. 2",
      "type": "text"
    },
    {
      "id": 25,
      "text": ": elsevier ; [ chapter 1 6 ]. 2. vetter p, fischer 2 nd wa, schibler m, et al. ebola virus shedding and transmission : review of current evidence. j infect dis ; 2 1 4 suppl. 3 : s 1 7 7 - 8 4. • fig. 1. 1 oral bleeding in ebola virus disease. bausch, d.",
      "type": "text"
    },
    {
      "id": 26,
      "text": "in ebola virus disease. bausch, d. g.,. viral hemorrhagic fevers. in : schlossberg, d. ed., clinical infectious disease. cambridge university press, new york. used with permission. photo by bausch, d. • fig. 1. 2 rectal bleeding in ebola virus disease. bausch, d. g.,. viral hemorrha",
      "type": "text"
    },
    {
      "id": 27,
      "text": "sch, d. g.,. viral hemorrhagic fevers. in : schlossberg, d. ed., clinical infectious dis - ease. cambridge university press, new york. used with permission. photo by bausch, d. 2 chapter 1 a 2 0 - year - old woman from sudan with fever, haemorrhage and shock # page 3 3. who. interim",
      "type": "text"
    },
    {
      "id": 28,
      "text": "and shock # page 3 3. who. interim infection prevention and control guidance for care of patients with suspected or confirmed filovirus haemor - rhagic fever in health - care settings, with focus on ebola. geneva : world health organization ;. 4. lamontagne f, fowler ra, adhikari nk, et al. evidence - based guidelines for supportive care of patients",
      "type": "text"
    },
    {
      "id": 29,
      "text": ". evidence - based guidelines for supportive care of patients with ebola virus disease. lancet ; 3 9 1 1 : 7 0 0 - 8. 3 chapter 1 a 2 0 - year - old woman from sudan with fever, haemorrhage and shock",
      "type": "text"
    }
  ],
  "images": [
    {
      "path": "Processed/images/1---A-20-Year-Old-Woman-from-Sudan-With-Fever--_2022_Clinical-Cases-in-Tropi/1---A-20-Year-Old-Woman-from-Sudan-With-Fever--_2022_Clinical-Cases-in-Tropi_p2_img1.jpeg",
      "type": "image"
    },
    {
      "path": "Processed/images/1---A-20-Year-Old-Woman-from-Sudan-With-Fever--_2022_Clinical-Cases-in-Tropi/1---A-20-Year-Old-Woman-from-Sudan-With-Fever--_2022_Clinical-Cases-in-Tropi_p2_img2.jpeg",
      "type": "image"
    }
  ]
}