{
  "file": "10---A-55-Year-Old-Indigenous-Woman-from-Australia-W_2022_Clinical-Cases-in-.md",
  "n_chunks": 26,
  "text_embedding": "Processed_embeddings/embeddings/text/10---A-55-Year-Old-Indigenous-Woman-from-Australia-W_2022_Clinical-Cases-in-_text.npy",
  "image_embedding": "Processed_embeddings/embeddings/image/10---A-55-Year-Old-Indigenous-Woman-from-Australia-W_2022_Clinical-Cases-in-_images.npy",
  "chunks": [
    {
      "id": 0,
      "text": "# page 1 1 0 a 5 5 - year - old indigenous woman from australia with a widespread exfoliating rash and sepsis bart j. currie and james mccarthy clinical presentation history you are working in a remote indigenous community in trop - ical northern australia, and the community health worker asks you to visit a house to assess an elderly woman who has been living in the crowded back room. her family",
      "type": "text"
    },
    {
      "id": 1,
      "text": "been living in the crowded back room. her family are worried that she has become increasingly withdrawn and hasn ’ t been getting out of the house much at all. clinical findings the patient is a 5 5 - year - old indigenous australian woman with a widespread exfoliative rash involving all limbs and especially the armpits, buttocks and thighs fig. 1 0. 1. many",
      "type": "text"
    },
    {
      "id": 2,
      "text": "and thighs fig. 1 0. 1. many flakes of skin cover the mattress she is lying on. in addition, she has fissures over her wrists and knees. she also looks pale, is clammy and poorly responsive. her temperature is 3 9. 5 ° c 1 0 3. 1 ° f, heart rate 1 1 0 bpm, respiratory rate 2 8 breath",
      "type": "text"
    },
    {
      "id": 3,
      "text": "1 1 0 bpm, respiratory rate 2 8 breath cycles per minute and blood pressure 8 5 mmhg systolic to radial pulsation. oxygen saturation by pulse oximetry is 9 2 % on room air. laboratory results you take blood cultures, full blood count, crp and bio - chemistry. samples are sent into the regional laboratory, with results expected the next day. you also",
      "type": "text"
    },
    {
      "id": 4,
      "text": ", with results expected the next day. you also take skin scrapings, which you can look at yourself using the community clinic microscope. questions 1. what is your provisional diagnosis? 2. what is your initial management? discussion a 5 5 - year - old indigenous australian woman has a wide - spread exfoliating rash and is clearly systemically unwell with signs of sepsis. answer",
      "type": "text"
    },
    {
      "id": 5,
      "text": "mically unwell with signs of sepsis. answer to question 1 what is your provisional diagnosis? the exfoliating rash is classical for crusted scabies, which is uncommon but well recognized in remote indigenous com - munities where scabies remains endemic. undiagnosed cases can be ‘ core transmitters ’ of scabies ; and in this case many household members, and in particular the",
      "type": "text"
    },
    {
      "id": 6,
      "text": "this case many household members, and in particular the children, had mul - tiple scabies lesions, some with secondary pyoderma. in addi - tion, this woman has secondary sepsis which is likely to be from staphylococcus aureus or streptococcus pyogenes bacterae - mia, with inoculation through her skin fissures.",
      "type": "text"
    },
    {
      "id": 7,
      "text": "inoculation through her skin fissures. however, gram - negative or polymicrobial sepsis is also occasionally seen in patients with crusted scabies. • fig. 1 0. 1 severe crusted scabies of the right axilla and chest wall. 2 4 # page 2 answer to question 2 what is your initial management? she is transported to the community health centre where you put her",
      "type": "text"
    },
    {
      "id": 8,
      "text": "transported to the community health centre where you put her on oxygen, insert a wide - bore cannula, take an addi - tional set of blood cultures, give her 1 litre of normal saline over 3 0 minutes and commence her on intravenous iv cef - triaxone 2 g and gentamicin 3 2 0 mg her weight is 6 2 kg. the case continued …",
      "type": "text"
    },
    {
      "id": 9,
      "text": "weight is 6 2 kg. the case continued … after the iv fluids, her blood pressure rose to 9 5 mmhg systolic and her oxygen saturation was 9 7 % with oxygen by nasal prongs. she was evacuated to the regional hospital. in the clinic, microscopy of her skin scrapings under low - power magnification confirmed the diagnosis, showing multiple scabies mites of",
      "type": "text"
    },
    {
      "id": 10,
      "text": "the diagnosis, showing multiple scabies mites of varying maturity and multiple eggs. in the hospital, the patient was managed in a single room with enhanced contact precautions to prevent transmission of scabies to staff and visitors. treatment consisted of a five - dose course of ivermectin 2 0 0 μg kg dose on days 0, 1, 7, 8 and 1 4,",
      "type": "text"
    },
    {
      "id": 11,
      "text": ", 1, 7, 8 and 1 4, together with a topical scabicide benzyl benzoate 2 5 % applied every second day for the first week ; then twice weekly for the second week, with a keratolytic cream lactic acid and urea in sorbolene cream after bathing on the days the topical scabicide was not administered. her blood cultures taken",
      "type": "text"
    },
    {
      "id": 12,
      "text": "icide was not administered. her blood cultures taken in the community grew s. aureus resistant to flucloxacillin and clindamycin, but sensitive to gentamicin, co - trimoxazole and doxycycline i. e. community - acquired mrsa. she was therefore given 2 weeks of iv vancomycin. a transthorac",
      "type": "text"
    },
    {
      "id": 13,
      "text": "iv vancomycin. a transthoracic echocardiogram showed no features of endocarditis. repeated blood cultures 4 8 hours after admission were negative, and by that stage she was afebrile, off oxygen and eating well. while she was in the hospital, all her family members were treated in the community with topical permethrin 5 %, given as two doses",
      "type": "text"
    },
    {
      "id": 14,
      "text": "topical permethrin 5 %, given as two doses 1 week apart, and the children with skin sores were each given a single dose of intramuscular benzathine penicillin, with excellent response. the household clothes, linen and furniture were put out in the sun for a day, and the rooms were treated with a com - mercial residual insecticide. the",
      "type": "text"
    },
    {
      "id": 15,
      "text": "- mercial residual insecticide. the woman returned to the community after 3 weeks in the hospital, with her skin show - ing no residual hyperkeratosis or shedding. she and the fam - ily are followed up regularly by the health staff to allow early diagnosis and treatment should she again be infected with scabies. summary box crusted scabies although sarcoptes scab",
      "type": "text"
    },
    {
      "id": 16,
      "text": "summary box crusted scabies although sarcoptes scabiei infection and mite reproduction is usually self - limiting, hyperinfestation can develop in susceptible individuals. crusted or norwegian scabies was first described in patients with leprosy in norway. crusted scabies can occur after immunosuppressive therapy in transplantation, rheuma - tological conditions, chemotherapy for malignancy and in infection with",
      "type": "text"
    },
    {
      "id": 17,
      "text": "conditions, chemotherapy for malignancy and in infection with hiv and htlv - 1. it can also occur in malnutrition, down ’ s syndrome and in the elderly and institutionalized, especially those with physical or cognitive disability who are unable to scratch. patients with crusted scabies can have many thousands of mites in skin lesions and can serve as ‘ core transmitters �",
      "type": "text"
    },
    {
      "id": 18,
      "text": "and can serve as ‘ core transmitters ’ for continuing outbreaks of scabies in communities and nursing homes. mites from crusted scabies cases are not genetically distinct, with ordinary scabies occurring in those infected from these cases. crusted scabies results from unfettered mite reproduction and host reaction, resulting in formation of hyperkeratotic skin crusts that may be loose",
      "type": "text"
    },
    {
      "id": 19,
      "text": "keratotic skin crusts that may be loose and flaky or thick and adherent. skin flakes with thousands of mites can be shed onto bed linen and floors. although hands and feet are most commonly involved, the distribution is often extensive, including neck, face and scalp as well as axillae, trunk, buttocks and limbs, especially knees and elbows.",
      "type": "text"
    },
    {
      "id": 20,
      "text": "cks and limbs, especially knees and elbows. thick deposits of debris with mites accumulate beneath the nails, which are often thickened and dystrophic. crusting can be limited to one or two limbs, hands or fingers. unlike ordinary scabies, where itching is usually intense, the presence of itch is variable in crusted scabies. fissuring and secondary bacterial infection",
      "type": "text"
    },
    {
      "id": 21,
      "text": "crusted scabies. fissuring and secondary bacterial infection are common fig. 1 0. 2. a peripheral blood eosinophilia is common but not always present, and serum ige levels are often extremely high. there is high mortality in crusted scabies cases from secondary bacterial sepsis, including with gram - negative organisms such as pseudomonas aeruginosa in addition to s",
      "type": "text"
    },
    {
      "id": 22,
      "text": "onas aeruginosa in addition to s. pyogenes and or s. aureus. the differential diagnoses of crusted scabies include psoriasis, extensive tinea corporis, skin malignancies such as the t - cell lymphomas mycosis fungoides and the s ezary syndrome, nutritional deficiencies such as pellagra, pemphigus,",
      "type": "text"
    },
    {
      "id": 23,
      "text": "as pellagra, pemphigus, kava dermopathy, onchocerciasis, lepromatous leprosy and secondary syphilis. further reading 1. currie bj, mccarthy js. scabies. in : farrar j, editor. manson ’ s tropical diseases. 2 3 rd ed. london : elsevier ; [ chapter 5 8",
      "type": "text"
    },
    {
      "id": 24,
      "text": ". london : elsevier ; [ chapter 5 8 ]. 2. currie bj, mccarthy js. permethrin and ivermectin for scabies. n engl j med ; 3 6 2 8 : 7 1 7 - 2 5. 3. roberts lj, huffam se, walton sf, et al. crusted scabies : clinical and immunological findings in seventy - eight",
      "type": "text"
    },
    {
      "id": 25,
      "text": ": clinical and immunological findings in seventy - eight patients and a review of the literature. j infect ; 5 0 5 : 3 7 5 - 8 1. • fig. 1 0. 2 fissure over the wrist with underlying less severe crusted scabies. 2 5 chapter 1 0 a 5 5 - year - old indigenous woman from australia with a widespread exfoliating rash and sepsis",
      "type": "text"
    }
  ],
  "images": [
    {
      "path": "Processed/images/10---A-55-Year-Old-Indigenous-Woman-from-Australia-W_2022_Clinical-Cases-in-/10---A-55-Year-Old-Indigenous-Woman-from-Australia-W_2022_Clinical-Cases-in-_p1_img1.jpeg",
      "type": "image"
    },
    {
      "path": "Processed/images/10---A-55-Year-Old-Indigenous-Woman-from-Australia-W_2022_Clinical-Cases-in-/10---A-55-Year-Old-Indigenous-Woman-from-Australia-W_2022_Clinical-Cases-in-_p2_img1.jpeg",
      "type": "image"
    }
  ]
}