{
  "file": "11---A-45-Year-Old-Male-Security-Guard-from-Malawi-_2022_Clinical-Cases-in-T.md",
  "n_chunks": 40,
  "text_embedding": "Processed_embeddings/embeddings/text/11---A-45-Year-Old-Male-Security-Guard-from-Malawi-_2022_Clinical-Cases-in-T_text.npy",
  "image_embedding": "Processed_embeddings/embeddings/image/11---A-45-Year-Old-Male-Security-Guard-from-Malawi-_2022_Clinical-Cases-in-T_images.npy",
  "chunks": [
    {
      "id": 0,
      "text": "# page 1 1 1 a 4 5 - year - old male security guard from malawi with difficulties in walking and back pain juri katchanov clinical presentation history a 4 5 - year - old security guard from malawi is admitted to a local tertiary hospital because of back pain and progressive difficulty in walking. his troubles started 1 year earlier with back pain and he presented to a local health",
      "type": "text"
    },
    {
      "id": 1,
      "text": "with back pain and he presented to a local health centre. he was given paracetamol and sent home. the pain did not improve. over the follow - ing weeks he also developed difficulty in walking and ‘ pins and needles ’ sensation in his legs. three months after the first visit he presented again to the same health centre. his temperature was slightly elevated 3 7.",
      "type": "text"
    },
    {
      "id": 2,
      "text": "centre. his temperature was slightly elevated 3 7. 5 ° c, 9 9. 5 ° f. he was given antimalarials, a single dose of praziquantel and paracetamol. he consulted a local tradi - tional healer who applied tattoos to his chest and his back fig. 1 1. 1 a. over the following 6 months his",
      "type": "text"
    },
    {
      "id": 3,
      "text": ". 1 a. over the following 6 months his condition fur - ther deteriorated and he finally became bedridden. the patient denies fever, night sweats and weight loss, and there is no chronic cough. there is neither haematuria nor diarrhoea and he is continent for stool and urine. there is no history of trauma or past tuberculosis tb. he has never been tested",
      "type": "text"
    },
    {
      "id": 4,
      "text": "or past tuberculosis tb. he has never been tested for hiv. he is a non - smoker, but drinks two paper cartons about one litre of chibuku, a locally brewed beer, per day. he is married with three children, who are all well. he resides in an urban area and used to work as a security guard but has been unemployed for the last 6",
      "type": "text"
    },
    {
      "id": 5,
      "text": "security guard but has been unemployed for the last 6 months because of his illness. clinical findings he looks well and is afebrile with normal vital signs. there is tenderness over the lower thoracic spine and severe spasticity of both legs fig. 1 1. 1 b. the power in his legs is 1 5 visible muscle flicker. deep tendon reflexes of the",
      "type": "text"
    },
    {
      "id": 6,
      "text": "muscle flicker. deep tendon reflexes of the lower limbs are exaggerated. the plantar reflexes are upgoing. there is a sen - sory level for pain and temperature sensation between t 9 and t 1 1, with diminished joint sense in his big toes bilater - ally. the examination of his cranial nerves and the upper limbs is normal. • fig. 1",
      "type": "text"
    },
    {
      "id": 7,
      "text": "the upper limbs is normal. • fig. 1 1. 1 physical examination of a malawian patient with back pain and difficulties walking. a tattoos from a traditional healer on the chest of the patient. b severe spasticity and contractures of both lower limbs. 2 6 # page 2 laboratory results his full blood count results are normal. questions 1. what is the neuroanatom",
      "type": "text"
    },
    {
      "id": 8,
      "text": "normal. questions 1. what is the neuroanatomical syndrome and what is your differential diagnosis? 2. what further management should be carried out? discussion a 4 5 - year - old malawian man presents with chronic back pain and slowly progressive spastic paraparesis. on examina - tion there is tenderness over the lower thoracic spine and a thoracic sensory",
      "type": "text"
    },
    {
      "id": 9,
      "text": "thoracic spine and a thoracic sensory level. he denies any constitutional symp - toms. his past medical history is unremarkable. his hiv sta - tus is unknown. answer to question 1 what is the neuroanatomical syndrome and what is your differential diagnosis? the clinical signs - spastic paraparesis with hyperreflexia, upgoing plantar reflexes and thor",
      "type": "text"
    },
    {
      "id": 10,
      "text": "ia, upgoing plantar reflexes and thoracic sensory level - localize the lesion to the spinal cord. the bladder is usually involved in spinal cord disease, but the absence of bladder symptoms does not rule out spinal cord involvement, particularly in slowly progressive lesions, as in our case. spinal cord disease can be traumatic or non - traumatic. nothing in the patient �",
      "type": "text"
    },
    {
      "id": 11,
      "text": "or non - traumatic. nothing in the patient ’ s history suggests trauma. non - traumatic spinal cord disease can be compressive or non - compressive. compressive disease is sometimes amena - ble to spinal surgery. common causes of adult non - traumatic compressive spi - nal cord disease in sub - saharan africa are spinal tb ‘ pott ’ s disease ’",
      "type": "text"
    },
    {
      "id": 12,
      "text": "‘ pott ’ s disease ’, spinal metastases and degenerative spinal disease including slipped disc. common causes of non - compressive spinal cord disease are schistosomiasis, autoimmune trans - verse myelitis and hiv - associated vacuolar myelopathy. answer to question 2 what is the further management? the diagnosis of spinal cord disease in resource - limited set",
      "type": "text"
    },
    {
      "id": 13,
      "text": "diagnosis of spinal cord disease in resource - limited set - tings is often clinical table 1 1. 1. management should focus on diagnosis and treatment of the underlying aetiology and on prevention and treatment of the complications of spi - nal cord disease. diagnostic clues and possible treatment reg - imens are summarized in table 1 1. 2. all patients should be tested for hiv, ova",
      "type": "text"
    },
    {
      "id": 14,
      "text": ". all patients should be tested for hiv, ova of schistosoma spp. in urine and stool and evidence of tb or neoplasia on chest - and spinal radiography. if available, ultrasound exam - ination of the abdomen is very valuable in tumour - screening and tb work - up. csf should be examined, which is of par - ticular importance in immuno",
      "type": "text"
    },
    {
      "id": 15,
      "text": "which is of par - ticular importance in immunosuppressed patients. realistically, most patients admitted to hospital with paraplegia because of spinal cord disease will leave the table 1 1. 1 important causes of spinal cord disease in the tropics and their typical clinical features typical onset and course clinical features spinal tuberculosis insidious onset, chronically progressive over weeks, with months of back pain sp",
      "type": "text"
    },
    {
      "id": 16,
      "text": "progressive over weeks, with months of back pain spasticity common, bladder may be spared, spinal deformity on examination spinal metastases subacute onset, chronically progressive over weeks spasticity or flaccidity, bladder may be spared transverse myelitis incl. autoimmune acute onset, often non - progressive bladder involvement common schistosomiasis acute days or subacute",
      "type": "text"
    },
    {
      "id": 17,
      "text": "schistosomiasis acute days or subacute a couple of weeks often flaccid paresis, bladder involvement common table 1 1. 2 diagnostic clues and possible treatment regimens for important causes of spinal cord disease in resource - limited settings diagnostic clues treatment spinal tuberculosis typical spinal radiograph see box epidemiological evidence antituberculous treatment spinal surgery if available and applicable see box spinal",
      "type": "text"
    },
    {
      "id": 18,
      "text": "treatment spinal surgery if available and applicable see box spinal metastases clinical evidence of the primary tumour e. g. prostate, breast very limited options : radiotherapy rarely available ; corticosteroids to decrease oedema transverse myelitis incl. autoimmune young adults inflammatory csf corticosteroids schistosomiasis exposure to freshwater in endemic regions, young adults in endemic coutries or",
      "type": "text"
    },
    {
      "id": 19,
      "text": "endemic regions, young adults in endemic coutries or non - immune travellers ; csf eosinophilia ; other manifestations of schistosomiasis may or may not be present. praziquantel, corticosteroids 2 7 chapter 1 1 a 4 5 - year - old male security guard from malawi with difficulties in walking and back pain # page 3 hospital parap",
      "type": "text"
    },
    {
      "id": 20,
      "text": "in walking and back pain # page 3 hospital paraplegic. the prognosis is overall poor, and often the secondary complications rather than the primary pathol - ogy dictate the further course of the disease. the prevention of complications of spinal cord disease is therefore of para - mount importance. health workers should work hand in hand with guardians, physiotherapists and the local palliative care team",
      "type": "text"
    },
    {
      "id": 21,
      "text": "guardians, physiotherapists and the local palliative care team table 1 1. 3. the case continued … the patient was found to be hiv - positive. his urine dipstick was normal and there were no ova of schistosoma spp. detected in his urine and stool. the spinal radiograph showed a collapse of t 1 1 vertebral body as well as soft tissue swelling around the spine",
      "type": "text"
    },
    {
      "id": 22,
      "text": "body as well as soft tissue swelling around the spine fig. 1 1. 2. chest radiography and abdominal ultrasound examination were normal. a presumed diagnosis of spinal tb was made and the patient was started on standard first - line antituberculous treatment. vitamin b 6 was prescribed to prevent peripheral neuropathy. physiotherapy and intensive guardian counsel - ling were initiated at the hospital",
      "type": "text"
    },
    {
      "id": 23,
      "text": "intensive guardian counsel - ling were initiated at the hospital. the patient was reviewed by a spinal surgeon who did not recommend surgical inter - vention at that time, but suggested a review 3 months later. the patient was discharged home. the hospital palliative care team was involved and put him on their list for monthly home visits. at 4 weeks he was followed up in the hiv outpatient clinic.",
      "type": "text"
    },
    {
      "id": 24,
      "text": "he was followed up in the hiv outpatient clinic. his neurological deficits were unchanged. his cd 4 count was 3 3 1 cells μl and he was started on antiretroviral therapy. at the 3 - month follow - up by the palliative care team, the patient reported some subjective improvement in his gait. clinically though, his deficits remained unchanged. he was",
      "type": "text"
    },
    {
      "id": 25,
      "text": "though, his deficits remained unchanged. he was taking his antituberculous and antiretroviral medication regularly and was still waiting for a wheelchair. he did not attend the neurosurgical outpatient clinic because of prob - lems with transportation. summary box spinal tuberculosis pott ’ s disease spinal tb is a collective term for spinal involvement in mycobacterium tuberculosis infection. it compri",
      "type": "text"
    },
    {
      "id": 26,
      "text": "involvement in mycobacterium tuberculosis infection. it comprises tuberculous spondylitis, tuberculous spondylodiscitis and tuberculous epidural and paraspinal abscess. often, all manifestations occur together. spinal tb is the most common cause of tuberculous paraplegia and represents two - thirds of cases. other causes are tuberculous",
      "type": "text"
    },
    {
      "id": 27,
      "text": "thirds of cases. other causes are tuberculous radiculomyelitis ¼ arachnoiditis, tuberculous myelitis and intramedullary tuberculoma. constitutional symptoms are absent in more than half of patients, and simultaneous active pulmonary involvement is rather the exception than the rule. inflammatory markers esr and crp are elevated in most cases and may be",
      "type": "text"
    },
    {
      "id": 28,
      "text": "crp are elevated in most cases and may be used as a screening method for patients from endemic regions presenting with back pain. spinal radiographs may typically show focal areas of erosions and osseous destruction in the anterior corners of the vertebral bodies, involvement of the adjacent disc or vertebral body, ‘ wedging, ’ gibbus deformity or paraspinal",
      "type": "text"
    },
    {
      "id": 29,
      "text": "’ gibbus deformity or paraspinal abscess formation. compressive spinal cord involvement is a common and most feared complication caused by accumulation of epidural caseous debris or by vertebral collapse or dislocation. ct - guided percutaneous vertebral or paravertebral biopsy and aspiration is the diagnostic gold standard. if biopsy is available, polymer",
      "type": "text"
    },
    {
      "id": 30,
      "text": "standard. if biopsy is available, polymerase chain reaction pcr - based technology such as genexpert might expedite the diagnostic process and allow the early recognition of antibiotic resistance. antituberculous therapy is the same as for pulmonary tb ; however, most national guidelines and centres recommend longer treatment for nine instead of 6 months. table 1 1. 3 common complications of spinal",
      "type": "text"
    },
    {
      "id": 31,
      "text": ". table 1 1. 3 common complications of spinal cord disease and their prevention and management complication prevention management pressure sores nursing, training and counselling of guardians two hourly turning urinary retention catheterization contractures physiotherapy, training of guardians for home - based physiotherapy pain pain relief by nsaid opiates, involvement of local palliative care team immobilization if available, prescription of walking",
      "type": "text"
    },
    {
      "id": 32,
      "text": "care team immobilization if available, prescription of walking aids wheelchairs depression spiritual and mental support, occupational therapy community projects, pharmacotherapy, involvement of local palliative care team • fig. 1 1. 2 ap radiograph demonstrating a paravertebral soft tissue mass in the lower dorsal region with collapse of the t 1 1 vertebral body. waldman, s. d.,",
      "type": "text"
    },
    {
      "id": 33,
      "text": "bral body. waldman, s. d., campbell, r. s. d.,. imaging of pain, 1 st ed. saunders, amsterdam. pp. 1 4 7 - 8 2 8 chapter 1 1 a 4 5 - year - old male security guard from malawi with difficulties in walking and back pain # page 4 progression of bone destruction may continue for up to 1 year after",
      "type": "text"
    },
    {
      "id": 34,
      "text": "bone destruction may continue for up to 1 year after effective antituberculous treatment has been initiated and should not be taken as a sign of treatment failure. adjunctive corticosteroid treatment is not recommended for spinal tb. however, some centres use steroids in severe spinal cord compression to reduce oedematous swelling, which is a non - evidence - based approach. surgery has",
      "type": "text"
    },
    {
      "id": 35,
      "text": "a non - evidence - based approach. surgery has been recommended for patients with 1 extensive extradural compression with features of spinal cord involvement, 2 no improvement or worsening of deficits after conservative treatment and 3 potentially unstable spine or kyphosis of more than 6 0 degrees. surgical treatment relieves compression of the spinal cord, corrects kyphosis, may facilitate fusion and lead",
      "type": "text"
    },
    {
      "id": 36,
      "text": "ts kyphosis, may facilitate fusion and lead to faster pain relief. further reading 1. heckmann je, bhigjee ai. tropical neurology. in : farrar j, editor. manson ’ s tropical diseases. 2 3 rd ed. london : elsevier ; [ chapter 7 1 ]. 2. thwaites g. tuberculosis. in : farrar j, editor",
      "type": "text"
    },
    {
      "id": 37,
      "text": ". tuberculosis. in : farrar j, editor. manson ’ s tropical diseases. 2 3 rd ed. london : elsevier ; [ chapter 4 0 ]. 3. draulans n, kiekens c, roels e, et al. etiology of spinal cord inju - ries in sub - saharan africa. spinal cord ; 4 9 : 5 4. 4",
      "type": "text"
    },
    {
      "id": 38,
      "text": "spinal cord ; 4 9 : 5 4. 4. jain ak. tuberculosis of the spine : a fresh look at an old disease. j bone joint surg br ; 9 2 : 9 0 5 - 1 3. 5. dunn rn, ben husien m. spinal tuberculosis : review of current management. bone joint j ; 1 0 0 - b 4 : 4 2 5",
      "type": "text"
    },
    {
      "id": 39,
      "text": "1 0 0 - b 4 : 4 2 5 - 3 1. 2 9 chapter 1 1 a 4 5 - year - old male security guard from malawi with difficulties in walking and back pain",
      "type": "text"
    }
  ],
  "images": [
    {
      "path": "Processed/images/11---A-45-Year-Old-Male-Security-Guard-from-Malawi-_2022_Clinical-Cases-in-T/11---A-45-Year-Old-Male-Security-Guard-from-Malawi-_2022_Clinical-Cases-in-T_p1_img1.jpeg",
      "type": "image"
    },
    {
      "path": "Processed/images/11---A-45-Year-Old-Male-Security-Guard-from-Malawi-_2022_Clinical-Cases-in-T/11---A-45-Year-Old-Male-Security-Guard-from-Malawi-_2022_Clinical-Cases-in-T_p3_img1.jpeg",
      "type": "image"
    }
  ]
}