{
  "file": "12---A-29-Year-Old-Man-from-The-Gambia-With-G_2022_Clinical-Cases-in-Tropica.md",
  "n_chunks": 23,
  "text_embedding": "Processed_embeddings/embeddings/text/12---A-29-Year-Old-Man-from-The-Gambia-With-G_2022_Clinical-Cases-in-Tropica_text.npy",
  "image_embedding": "Processed_embeddings/embeddings/image/12---A-29-Year-Old-Man-from-The-Gambia-With-G_2022_Clinical-Cases-in-Tropica_images.npy",
  "chunks": [
    {
      "id": 0,
      "text": "# page 1 1 2 a 2 9 - year - old man from the gambia with genital ulceration david c. w. mabey clinical presentation history a 2 9 - year - old man comes to your clinic in the gambia com - plaining of painful sores involving his private parts for 7 days. he has been previously well. he admits to having had sex with a commercial",
      "type": "text"
    },
    {
      "id": 1,
      "text": ". he admits to having had sex with a commercial sex worker 2 weeks ago, when he had not used a condom. clinical findings he is in considerable pain and is only able to walk with dif - ficulty because of these sores. he is afebrile and well nour - ished. general examination is unremarkable. the only abnormality is the presence of numerous painful",
      "type": "text"
    },
    {
      "id": 2,
      "text": "only abnormality is the presence of numerous painful ulcers on his penis, scrotum and inner thigh fig. 1 2. 1. the ulcers are tender, soft and bleed on contact. there is no inguinal lymphadenopathy. questions 1. what are the most important differential diagnoses? 2. how would you manage this patient? discussion a 2 9",
      "type": "text"
    },
    {
      "id": 3,
      "text": "would you manage this patient? discussion a 2 9 - year - old gambian man presents with genital ulcers which he has developed over the past week. he admits to having had unprotected sex with a commercial sex worker 2 weeks previously. answer to question 1 what are the most important differential diagnoses? the three major causes of genital ulceration are herpes sim - plex,",
      "type": "text"
    },
    {
      "id": 4,
      "text": "ulceration are herpes sim - plex, syphilis and chancroid. ulcers caused by h. simplex are self - limiting in immunocompetent individuals, and do not usually last longer than a few days. they can be severe and persistent in the immunocompromised. ulcers caused by primary syphilis are usually painless, and it is unusual for there to",
      "type": "text"
    },
    {
      "id": 5,
      "text": "painless, and it is unusual for there to be more than a single ulcer. inguinal adenopathy is sometimes seen but is usually painless. ulcers caused by chancroid are often multiple, and usually painful. in some 5 0 % of cases painful inguinal lymphadenopathy is found. inguinal buboes may be fluctuant and sometimes rupture",
      "type": "text"
    },
    {
      "id": 6,
      "text": "boes may be fluctuant and sometimes rupture, releasing large amounts of pus. however, the clinical diagnosis of genital ulcer disease is unreliable. for this reason, the patient should be treated syn - dromically for both syphilis and chancroid. if he is hiv - positive, additional treatment for herpes should also be considered. answer to question 2 how",
      "type": "text"
    },
    {
      "id": 7,
      "text": "should also be considered. answer to question 2 how would you manage this patient? treat him for syphilis with a single dose of im benzathine pen - icillin 2. 4 million units. treat him for chancroid with a single dose of azithromycin 1 g po or ciprofloxacin 5 0 0 mg bid for 3 days or erythro",
      "type": "text"
    },
    {
      "id": 8,
      "text": "0 0 mg bid for 3 days or erythromycin 5 0 0 mg qds for 7 days. if he is hiv - positive, consider adding aciclovir 4 0 0 mg tds for 7 days. he is at high risk of hiv because he has acquired a genital ulcer from a commercial sex worker, so you should test him for hiv and start antiretroviral",
      "type": "text"
    },
    {
      "id": 9,
      "text": "should test him for hiv and start antiretroviral treatment if positive. serol - ogy for syphilis will be helpful in guiding treatment for his • fig. 1 2. 1 numerous painful ulcers on the penis, scrotum and inner thigh. the ulcers are soft, tender and bleed on contact. 3 0 # page 2 sexual partners, but he should be",
      "type": "text"
    },
    {
      "id": 10,
      "text": "# page 2 sexual partners, but he should be treated for syphilis even if it is negative, because serology can be negative in early primary syphilis. he should be strongly encouraged to bring his sex - ual partners to the clinic for assessment and treatment. the case continued … the patient was treated with 2. 4 million units of benzathine penicillin im stat",
      "type": "text"
    },
    {
      "id": 11,
      "text": "units of benzathine penicillin im stat and given erythromycin 5 0 0 mg to take qds for 7 days. he was hiv - negative, his syphilis serology was positive rpr and tpha. a swab was taken for culture of haemophilus ducreyi, and h. ducreyi was grown after three days ’",
      "type": "text"
    },
    {
      "id": 12,
      "text": "ducreyi was grown after three days ’ incubation at 3 3 ° c. mixed infection are common in patients with sexually transmitted diseases stis, since for behavioural reasons patients with one sti are at increased risk of others. the patient returned for follow - up after 7 days. the pain had resolved and the ulcers were all healing fig. 1 2. 2. summary box chanc",
      "type": "text"
    },
    {
      "id": 13,
      "text": "fig. 1 2. 2. summary box chancroid chancroid is a disease of core groups, principally sex workers and their clients. unlike other stis, asymptomatic infection is rare ; most infected individuals have painful genital ulcers. laboratory diagnosis of chancroid is difficult. it depends on the identification of the causative agent, h. ducreyi",
      "type": "text"
    },
    {
      "id": 14,
      "text": "causative agent, h. ducreyi, in material from lesions. gram stain is neither sensitive nor specific. nucleic acid amplification tests such as pcr have been used in research settings, but are not commercially available. isolation is the gold standard. h. ducreyi is a fastidious organism, requiring an enriched culture medium that needs to be made",
      "type": "text"
    },
    {
      "id": 15,
      "text": "requiring an enriched culture medium that needs to be made selective by the addition of antibiotics to inhibit the growth of other organisms present in the ulcer. unlike most bacteria, it grows best at 3 3 ° c. virtually all strains of h. ducreyi are resistant to penicillin, because of plasmids encoding various penicillin resistance genes. most strains are also",
      "type": "text"
    },
    {
      "id": 16,
      "text": "penicillin resistance genes. most strains are also resistant to tetracyclines and sulphona - mides. treatment for chancroid is with azithromycin 1 g po or ciprofloxacin 5 0 0 mg bid for 3 days or erythromycin 5 0 0 mg qds for 7 days. it is important to treat all patients with genital ul",
      "type": "text"
    },
    {
      "id": 17,
      "text": "it is important to treat all patients with genital ulcers for chancroid in regions where it is endemic believed to be most parts of africa, asia and perhaps south america. because it is difficult to diagnose, the incidence, prevalence and geographical distribution of chancroid are not well known ; but it is thought to have become less common since the onset of the hiv aids epidemic. further",
      "type": "text"
    },
    {
      "id": 18,
      "text": "since the onset of the hiv aids epidemic. further reading 1. richens j, mayaud p, mabey dcw. sexually transmitted infec - tions excluding hiv. in : farrar j, editor. manson ’ s tropical dis - eases. 2 3 rd ed london : elsevier ; [ chapter 2 3 ]. 2. mayaud p, ndowa fj",
      "type": "text"
    },
    {
      "id": 19,
      "text": "2. mayaud p, ndowa fj, richens j, et al. sexually transmitted infec - tions. in : mabey d, et al, editors. principles of medicine in africa. 4 th ed cambridge university press, [ chapter 2 1 ]. 3. lewis da, ison ca. chancroid. sex transm infect ; 8 2 suppl.",
      "type": "text"
    },
    {
      "id": 20,
      "text": "transm infect ; 8 2 suppl. 4 : iv 1 9 - 2 0. 4. kemp m, christensen jj, lautenschlager s, et al. european guide - line for the management of chancroid,. int j std aids ; 2 2 5 : 2 4 1 - 4. 5. kularatne rs, muller ee, maseko dv",
      "type": "text"
    },
    {
      "id": 21,
      "text": "atne rs, muller ee, maseko dv, et al. trends in the relative prevalence of genital ulcer disease pathogens and association with hiv infection in johannesburg, south africa,. plos one ; 1 3 : e 1 2 5. https : doi. org 1 0. journal. pone. 1 2 5. • fig. 1 2. 2 follow - up after 1",
      "type": "text"
    },
    {
      "id": 22,
      "text": ". 1 2. 2 follow - up after 1 week of antibiotic therapy. the ulcers are healing and the pain has resolved. 3 1 chapter 1 2 a 2 9 - year - old man from the gambia with genital ulceration",
      "type": "text"
    }
  ],
  "images": [
    {
      "path": "Processed/images/12---A-29-Year-Old-Man-from-The-Gambia-With-G_2022_Clinical-Cases-in-Tropica/12---A-29-Year-Old-Man-from-The-Gambia-With-G_2022_Clinical-Cases-in-Tropica_p1_img1.jpeg",
      "type": "image"
    },
    {
      "path": "Processed/images/12---A-29-Year-Old-Man-from-The-Gambia-With-G_2022_Clinical-Cases-in-Tropica/12---A-29-Year-Old-Man-from-The-Gambia-With-G_2022_Clinical-Cases-in-Tropica_p2_img1.jpeg",
      "type": "image"
    }
  ]
}