{
  "file": "13---A-16-Year-Old-Girl-from-Malawi-With-Fever_2022_Clinical-Cases-in-Tropic.md",
  "n_chunks": 28,
  "text_embedding": "Processed_embeddings/embeddings/text/13---A-16-Year-Old-Girl-from-Malawi-With-Fever_2022_Clinical-Cases-in-Tropic_text.npy",
  "image_embedding": "Processed_embeddings/embeddings/image/13---A-16-Year-Old-Girl-from-Malawi-With-Fever_2022_Clinical-Cases-in-Tropic_images.npy",
  "chunks": [
    {
      "id": 0,
      "text": "# page 1 1 3 a 1 6 - year - old girl from malawi with fever and abdominal pain camilla rothe clinical presentation history a 1 6 - year - old malawian girl presents to the emergency room of a local hospital because of fever, generalized abdominal pain and frontal headache for the past 5 days. she delivered a baby 5 months ago. an hiv test done in the",
      "type": "text"
    },
    {
      "id": 1,
      "text": "5 months ago. an hiv test done in the antenatal clinic was negative. her further past medical history is unremarkable. she lives with her parents, her three siblings and her baby in an urban high - density area. there is no running water and no electricity in the house. the family fetch water from a community tap. the girl went to primary school but recently dropped out during",
      "type": "text"
    },
    {
      "id": 2,
      "text": "girl went to primary school but recently dropped out during her pregnancy. clinical findings 1 6 - year - old girl in a fair nutritional state. temperature 3 8. 1 ° c 1 0 0. 6 ° f, blood pressure 1 1 0 6 0 mmhg, pulse 7 8 bpm, respiratory rate 2 0 breath cycles per minute, glas - gow coma scale 1 5 1 5.",
      "type": "text"
    },
    {
      "id": 3,
      "text": "glas - gow coma scale 1 5 1 5. there is mild scleral jaundice, no neck stiffness. the examination of the abdomen shows dif - fuse tenderness but no guarding. the liver is not enlarged, the spleen is palpable at 2 cm below the left costal margin. the chest is clear and there is no lympha",
      "type": "text"
    },
    {
      "id": 4,
      "text": "chest is clear and there is no lymphadenopathy. pelvic examination is unremarkable and there is no vaginal discharge. investigations her laboratory results on admission are shown in table 1 3. 1. the blood film for malaria parasites is positive, parasitaemia is described as “ low ”. liver function tests are not available because reagents are out of stock.",
      "type": "text"
    },
    {
      "id": 5,
      "text": "not available because reagents are out of stock. questions what are your most important differential diagnoses? how would you approach this patient? discussion a 1 6 - year - old girl presents with fever, abdominal pain and frontal headache. she has recently delivered a baby, other - wise her past medical history is unremarkable. she is febrile, mildly jaundiced and there",
      "type": "text"
    },
    {
      "id": 6,
      "text": "brile, mildly jaundiced and there is diffuse abdominal tenderness with slight splenomegaly. there is mild normocytic anaemia. malaria parasites are positive with low parasitaemia. answer to question 1 what are your most important differential diagnoses? malaria could explain most of her signs and symptoms, even though her abdominal pain would be unusual.",
      "type": "text"
    },
    {
      "id": 7,
      "text": ", even though her abdominal pain would be unusual. however, in a malaria - endemic area where large parts of the population are semi - immune, low parasitaemia is common and often sub - clinical. nevertheless, malaria itself, particularly if combined with severe anaemia, is a predisposing factor for gram - negative bacteraemia and sepsis. enteric fever typhoid",
      "type": "text"
    },
    {
      "id": 8,
      "text": "aemia and sepsis. enteric fever typhoid or paratyphoid is another diagno - sis to consider, particularly given her abdominal tenderness, her splenomegaly, her frontal headache and her relative bra - dycardia. mild jaundice in enteric fever may be caused by hepatitis, cholangitis, cholecystitis or haemolysis.",
      "type": "text"
    },
    {
      "id": 9,
      "text": "cholecystitis or haemolysis. table 1 3. 1 laboratory results on admission parameter patient reference wbc 1 0 9 l 3. 2 4 - 1 0 haemoglobin mg dl 1 0. 9 1 2 - 1 4 mcv fl 9 9 platelets 1 0 9 l 5 0 - 4 0 0 creatinine μmol l 7 1 <",
      "type": "text"
    },
    {
      "id": 10,
      "text": "creatinine μmol l 7 1 < # page 2 in hiv - positive patients an infection with invasive non - typhoidal salmonellae ints should be considered. answer to question 2 how would you approach this patient? blood cultures should be taken in any febrile patient regard - less of the malaria test result to rule out bacterial sepsis and enteric fever. her hiv test",
      "type": "text"
    },
    {
      "id": 11,
      "text": "bacterial sepsis and enteric fever. her hiv test should be repeated. since she is symptomatic and has malaria parasites in her blood, she should receive antimalarials according to the national guidelines and the local resistance profile. she should also be given broad - spectrum antibiotics to cover for gram - negative and, less likely, gram - positive bacteria. a urinary dipstick",
      "type": "text"
    },
    {
      "id": 12,
      "text": "gram - positive bacteria. a urinary dipstick could quickly help rule out a urinary tract infection. an abdominal ultrasound should be done to rule out post - hepatic causes of jaundice and to assess texture and size of liver and spleen. the case continued … on admission the patient was started on artemether lume - fantrine po and a broad - spectrum",
      "type": "text"
    },
    {
      "id": 13,
      "text": "- fantrine po and a broad - spectrum antibiotic ceftriaxone 2 g iv od. a repeat hiv test was negative. blood cultures grew salmonella typhi. the antibiotic therapy was switched to ciprofloxacin 5 0 0 mg bid. on day 5 of antibiotic treat - ment the patient ’ s fever started to settle and she was feeling better.",
      "type": "text"
    },
    {
      "id": 14,
      "text": "fever started to settle and she was feeling better. she was discharged on day 7. ciprofloxacin was con - tinued for a total of 1 0 days. the patient was also given one dose of praziquantel, because co - infection with schistosomi - asis seems to favour chronic carriage of s. typhi and relapse, and",
      "type": "text"
    },
    {
      "id": 15,
      "text": "of s. typhi and relapse, and malawi is a country highly endemic for schistosomiasis. summary box typhoid fever typhoid fever caused by salmonella typhi is an exclusively human disease and there is no animal reservoir. typhoid is clin - ically indistinguishable from paratyphoid, caused by s. paratyphi a, b and",
      "type": "text"
    },
    {
      "id": 16,
      "text": "by s. paratyphi a, b and c. the enteric fevers, typhoid and paratyphoid, are endemic all over the tropical world. incidence appears to be highest on the indian subcontinent approx. 5 0 0 : 0 0 per year in urban slums. in endemic countries, enteric fevers are most common in children and adolescents, whereas adults",
      "type": "text"
    },
    {
      "id": 17,
      "text": "are most common in children and adolescents, whereas adults have acquired immunity through previous exposures. typhoid is usually acquired through ingestion of food or water contaminated by faeces of a patient or carrier. overcrowding and poor sanitation are major risk factors. the incubation period of typhoid fever averages 1 0 to 2 0 days range 3 - 5 6. it is shorter in par",
      "type": "text"
    },
    {
      "id": 18,
      "text": "3 - 5 6. it is shorter in paratyphoid 1 - 1 0 days. symptoms are nonspecific with fever, headache, dry cough and abdominal pain. other than in malaria, fever starts insidiously and may go unnoticed by the patient for some time. temperature typically rises in the evening hours and patients may be afebrile in the morning. constipation is",
      "type": "text"
    },
    {
      "id": 19,
      "text": "brile in the morning. constipation is common, but foul - smelling diarrhoea may occur during the course of an untreated infection. patients may become confused and apathetic and, if untreated, may die of myocarditis, overwhelming toxaemia, intestinal perforation or haemorrhage. full blood count typically shows leukopenia. low - grade",
      "type": "text"
    },
    {
      "id": 20,
      "text": "typically shows leukopenia. low - grade anaemia and thrombocytopenia as well as slightly elevated transaminases are also common, but non - specific. the definitive diagnosis of typhoid requires proof of s. typhi in blood cultures or bone marrow. isolation from stool or urine indicates carrier state but does not prove disease. the serological widal test lacks",
      "type": "text"
    },
    {
      "id": 21,
      "text": "prove disease. the serological widal test lacks both sensitivity and specificity and should be abandoned altogether. novel and more promising serological tests are under development. meanwhile, blood culture remains the diagnostic gold standard. in many low - resource settings, blood culture testing is however unavailable. patients with suspected enteric fever should be started on empirical antibiotic therapy. antibiotic resistance patterns vary considerably",
      "type": "text"
    },
    {
      "id": 22,
      "text": "empirical antibiotic therapy. antibiotic resistance patterns vary considerably between endemic areas. in many countries, antibi - otic resistance is on the rise. fluoroquinolones are the drugs of choice in areas without antimicrobial resistance because they reach very high intracellular concentrations. third - generation cephalosporins or azithromycin should be used in south asia where fluoroquin",
      "type": "text"
    },
    {
      "id": 23,
      "text": "should be used in south asia where fluoroquinolone resistance is common. duration of treatment is between 1 and 2 weeks depending on the drug used. case fatality rate on antibiotic treatment is < 1 %. apart from public health measures to improve safe water supply and sanitation, targeted vaccination of high - risk popula - tions seems to be a promising strategy to control typhoid fever.",
      "type": "text"
    },
    {
      "id": 24,
      "text": "be a promising strategy to control typhoid fever. typhoid conjugate vaccines which can also be applied to children < 2 years of age seem to be promising. further reading 1. feasey na, gordon ma. salmonella infections. in : farrar j, editor. manson ’ s tropical diseases. 2 3 rd ed. london : elsevier ; [ chapter 2 5",
      "type": "text"
    },
    {
      "id": 25,
      "text": ". london : elsevier ; [ chapter 2 5 ]. 2. wain j, hendriksen r, mikoleit ml, et al. typhoid fever. lancet ; 3 8 5 :. 3. crump ja, heydermann rs. a perspective on invasive salmonella disease in africa. clin infect dis ; 6 1 suppl 4 : s 2",
      "type": "text"
    },
    {
      "id": 26,
      "text": "dis ; 6 1 suppl 4 : s 2 3 5 - s 2 3 9. 4. hsiao a, toy t, seo hj, et al. interaction between salmonella and schistosomiasis : a review. plos pathog ; 1 2 1 2 : e 9 2 8. 5. andrews jr, baker s, marks f, et al",
      "type": "text"
    },
    {
      "id": 27,
      "text": "jr, baker s, marks f, et al. typhoid conjugate vaccines : a new tool in the fight against antimicrobial resistance. lancet infect dis ; 1 9 : e 2 6 - e 3 0. 3 3 chapter 1 3 a 1 6 - year - old girl from malawi with fever and abdominal pain",
      "type": "text"
    }
  ],
  "images": []
}