{
  "file": "14---A-22-Year-Old-Woman-from-Bangladesh-With-P_2022_Clinical-Cases-in-Tropi.md",
  "n_chunks": 34,
  "text_embedding": "Processed_embeddings/embeddings/text/14---A-22-Year-Old-Woman-from-Bangladesh-With-P_2022_Clinical-Cases-in-Tropi_text.npy",
  "image_embedding": "Processed_embeddings/embeddings/image/14---A-22-Year-Old-Woman-from-Bangladesh-With-P_2022_Clinical-Cases-in-Tropi_images.npy",
  "chunks": [
    {
      "id": 0,
      "text": "# page 1 1 4 a 2 2 - year - old woman from bangladesh with profuse watery diarrhoea gagandeep kang and sudhir babji clinical presentation history a 2 2 - year - old woman from ashulia near dhaka, bangladesh is brought to a local hospital with a history of passing 1 2 to 1 5 large - volume stoolsin the pastday. the",
      "type": "text"
    },
    {
      "id": 1,
      "text": "large - volume stoolsin the pastday. the stools resemble diluted milk or rice water with white flakes. her husband reports that shebecameunresponsiveaboutanhourpreviouslyandhehired a rickshaw to bring her to the hospital. he says that she had not complained of pain and did not have fever. the patient has recently attended a religious festival,",
      "type": "text"
    },
    {
      "id": 2,
      "text": ". the patient has recently attended a religious festival, where water was supplied in large metal containers. her hus - band reports that there were five or six people who had attended the same event and were also ill with diarrhoea. clinical findings a thin young woman, who is stuporous and responds min - imally to a painful stimulus gcs 9 1 5. she is afe",
      "type": "text"
    },
    {
      "id": 3,
      "text": "stimulus gcs 9 1 5. she is afebrile, with sunken eyes, dry mouth and a scaphoid abdomen. a skin pinch returns very slowly. her pulse rate is 1 1 0 bpm, low vol - ume, and her blood pressure is 9 0 / 5 0 mmhg. the remainder of her systemic examination is normal. laboratory results laboratory results are",
      "type": "text"
    },
    {
      "id": 4,
      "text": "systemic examination is normal. laboratory results laboratory results are given in table 1 4. 1 stool examination macroscopic : liquid stool, rice - water appearance with no faecal matter. hanging drop preparation shows small slender curved bacilli with darting motility. motility is completely inhibited by using vibrio cholerae antiserum o 1. stool cul - ture grows",
      "type": "text"
    },
    {
      "id": 5,
      "text": "serum o 1. stool cul - ture grows v. cholerae fig. 1 4. 1 and the organism is typed as v. cholerae o 1, serotype ogawa, biotype el tor. questions 1. how was the infection most likely acquired? is there an outbreak? 2. how is dehydration assessed and managed? • fig. 1 4",
      "type": "text"
    },
    {
      "id": 6,
      "text": "hydration assessed and managed? • fig. 1 4. 1 stool culture growing vibrio cholerae which produces typical golden - yellow colonies on thiosulphate citrate bile salt sucrose tcbs agar. table 1 4. 1 laboratory results on admission parameter patient reference range sodium 1 4 3. 8 mmol l 1 3 5 - 1 4 5 mmol l",
      "type": "text"
    },
    {
      "id": 7,
      "text": "1 3 5 - 1 4 5 mmol l potassium 3. 0 mmol l 3. 5 - 5. 0 mmol l chloride 1 0 3. 8 mmol l 9 8 - 1 0 8 mmol l bicarbonate 1 1. 4 mmol l 2 3 - 2 8 mmol l lactic acid venous 4. 1 mmol l",
      "type": "text"
    },
    {
      "id": 8,
      "text": "tic acid venous 4. 1 mmol l 0. 6 7 - 1. 8 mmol l creatine 2 0 3 μmol l 6 2 - 1 1 5 μmol l blood urea nitrogen 8. 6 mmol l 2. 9 - 7. 1 mmol l 3 4 # page 2 discussion a 2 2 - year - old bengali woman who has",
      "type": "text"
    },
    {
      "id": 9,
      "text": "2 2 - year - old bengali woman who has recently visited a reli - gious festival is brought into hospital in a stuporous condi - tion with a history of rapid onset of severe, acute watery diarrhoea. there is no fever, vomiting or abdominal pain. she is severely dehydrated and her electrolytes are deranged. the microscopic examination",
      "type": "text"
    },
    {
      "id": 10,
      "text": "tes are deranged. the microscopic examination of her stool indicates cholera which is confirmed on culture. a number of other people who attended the same festival have also fallen ill with diarrhoea. answer to question 1 how was the infection most likely acquired? is there an outbreak? cholera transmission is closely linked to inadequate environ - mental management. typical at - risk areas include peri",
      "type": "text"
    },
    {
      "id": 11,
      "text": "mental management. typical at - risk areas include peri - urban slums where basic infrastructure is not available and rural and urban areas in endemic countries where sanitation is limited, including refugee camps. additionally, natural disasters, as well as times of political and social unrest associated with a collapse of infrastructure, pose a risk of cholera. an outbreak is defined as the occurrence of disease epi -",
      "type": "text"
    },
    {
      "id": 12,
      "text": "outbreak is defined as the occurrence of disease epi - sodes in greater numbers than would be expected at a partic - ular time and place. in this case there seems to be a typical cholera outbreak. the source is most probably contaminated water consumed from the containers during the festival, with the likelihood that unless control measures for disease prevention and appropriate case management are instituted rapidly, there will",
      "type": "text"
    },
    {
      "id": 13,
      "text": "appropriate case management are instituted rapidly, there will be spread, significant morbidity and, possibly, mortality. answer to question 2 how is dehydration assessed and managed? the who has recommended an assessment based on the general clinical condition of the patient table 1 4. 2. depending on their degree of fluid depletion, patients are assigned to rehydration at home, supervised oral re",
      "type": "text"
    },
    {
      "id": 14,
      "text": "assigned to rehydration at home, supervised oral rehydration or intravenous rehydration table 1 4. 3. adequate fluid and electrolyte replacement are the corner - stones of cholera management and differ substantially from the approaches to patients with gastroenteritis of other aeti - ologies. patients with severe cholera present with a higher table 1 4. 3 approach to rehydration in patients with",
      "type": "text"
    },
    {
      "id": 15,
      "text": "4. 3 approach to rehydration in patients with cholera depending on the degree of clinical dehydration after harris j. b., et al. no dehydration < 5 % some dehydration 5 - 1 0 % severe dehydration > 1 0 % requirement for fluid replacement ongoing losses only 7 5 ml kg in the first 2 4 hours in addition to ongoing losses > 1 0 0 ml kg",
      "type": "text"
    },
    {
      "id": 16,
      "text": "addition to ongoing losses > 1 0 0 ml kg in the first 2 4 hours in addition to ongoing losses preferred route of administration oral oral or intravenous intravenous timing usually guided by thirst replace fluids over 3 - 4 hours as rapidly as possible until circulation is restored, then complete the remainder of fluids within 3 hours monitoring observe until ongoing losses can definitely be adequately replaced by ors",
      "type": "text"
    },
    {
      "id": 17,
      "text": "ongoing losses can definitely be adequately replaced by ors observe every 1 - 2 hours until all signs of dehydration resolve and patient urinates once circulation is established monitor every 1 - 2 hours ors ¼ oral rehydration solution. table 1 4. 2 clinical assessment of dehydration in patients with suspected cholera after harris j. b., et al. no dehydration < 5 % some de",
      "type": "text"
    },
    {
      "id": 18,
      "text": "al. no dehydration < 5 % some dehydration 5 - 1 0 % severe dehydration > 1 0 % general appearance well, alert restless, irritable lethargic or unconscious eyes normal sunken sunken thirst drinks normally thirsty, drinks eagerly drinks poorly or is unable to drink skin turgor instantaneous recoil non - instantaneous recoil very slow recoil > 2 s pulse normal",
      "type": "text"
    },
    {
      "id": 19,
      "text": "il very slow recoil > 2 s pulse normal rapid, low volume weak or absent 3 5 chapter 1 4 a 2 2 - year - old woman from bangladesh with profuse watery diarrhoea # page 3 degree of initial dehydration, have more rapid continuing losses and proportionately greater electrolyte depletion than patients with other forms of gastroenteritis. the most com -",
      "type": "text"
    },
    {
      "id": 20,
      "text": "forms of gastroenteritis. the most com - mon error is for clinicians to underestimate the speed and volume of fluids required for rehydration. up to 8 0 % of sufferers can be treated successfully through prompt administration of oral rehydration salts who unicef ors standard sachets. in adults, 2 to 4 litres of ors may be required in the first 4 hours. patients with severe",
      "type": "text"
    },
    {
      "id": 21,
      "text": "required in the first 4 hours. patients with severe cholera typically require an average of 2 0 0 ml kg of isotonic oral or iv fluids in the first 2 4 hours table 1 4. 2. the initial fluid deficit should be replaced within 3 to 4 hours of initial presentation. 1 0 to 2 0 ml kg bodyweight should be calculated for each diarrhoeal stool or episode",
      "type": "text"
    },
    {
      "id": 22,
      "text": "calculated for each diarrhoeal stool or episode of vomiting. antibiotic therapy in cholera is secondary ; but in patients with severe disease, appropriate antibiotics diminish the duration of diarrhoea, reduce the volume of rehydration fluids needed and shorten the duration of v. cholerae excre - tion. in bangladesh, resistance to furazolidone and tetracy - cline",
      "type": "text"
    },
    {
      "id": 23,
      "text": "to furazolidone and tetracy - cline is increasing. the case continued … the patient was admitted immediately and started on intra - venous rehydration with ringer ’ s lactate solution. after receiving 3 l in the first hour her pulse rate and blood pres - sure picked up to 8 4 bpm and 1 0 0 7 0 mmhg respectively. over the next 3",
      "type": "text"
    },
    {
      "id": 24,
      "text": "7 0 mmhg respectively. over the next 3 hours she was given an additional 2 l and became alert and responsive. she was then started on oral rehydration and given a single dose of 3 0 0 mg doxycycline. she was discharged on the third day, by which time stool consistency had returned to normal. the local health authorities identified an additional 4 4 cases of",
      "type": "text"
    },
    {
      "id": 25,
      "text": "local health authorities identified an additional 4 4 cases of cholera. all were treated, health education carried out and the overhead tanks were chlorinated. summary box cholera cholera, caused by v. cholerae, is a major cause of acute dehydrating diarrhoea, particularly in south and south - east asia, where it is endemic ; it also occurs as large - scale outbreaks in",
      "type": "text"
    },
    {
      "id": 26,
      "text": "it also occurs as large - scale outbreaks in africa and latin america. v. cholerae is an aerobic gram - negative bacillus with typical darting motility. man is the only natural host of v. cholerae and asymptomatic carriage is possible. the main source of trans - mission is from a contaminated water source. in some parts of the world",
      "type": "text"
    },
    {
      "id": 27,
      "text": "contaminated water source. in some parts of the world, copepods are responsible for maintaining vibrio spp. in a viable but non - cultivable state. the incubation period ranges between 1 2 hours and 5 days. patients are usually afebrile and do not have any abdominal pain. the major clinical challenge is dehydration, ranging from mild to severe, and electrolyte im",
      "type": "text"
    },
    {
      "id": 28,
      "text": "ranging from mild to severe, and electrolyte imbalance leading on to renal failure in severe cases. in epidemics, the diagnosis of cholera may be presumptive on clinical and epidemiological grounds following the who clinical case definition. laboratory confirmation may be required when sporadic cases occur or when an extensive outbreak requires confirmation and typing of the etiological agent. treatment typically involves isolation of the",
      "type": "text"
    },
    {
      "id": 29,
      "text": "etiological agent. treatment typically involves isolation of the patient, correction of dehydration and antimicrobial treatment. in most cases oral replacement solutions may be used. antimicrobial therapy is secondary ; it is shown to decrease shedding of the bacteria and also hastens clinical resolution of illness. tetracycline and doxy - cycline are the preferred drugs in adults, but ciprofloxac",
      "type": "text"
    },
    {
      "id": 30,
      "text": "drugs in adults, but ciprofloxacin or macrolides can also be used depending on availability and local resistance pattern. public health measures to improve water and sanitation are essential for long - term control. who has endorsed the inclusion of oral vaccines in cholera control programmes in endemic areas in conjunction with other preventive and control strategies. further reading 1. kang g, hart ca,",
      "type": "text"
    },
    {
      "id": 31,
      "text": "further reading 1. kang g, hart ca, shears p. bacterial enteropathogens. in : farrar j, editor. manson ’ s tropical diseases. 2 3 rd ed. london : elsevier ; [ chapter 2 4 ]. 2. clemens jd, nair gb, ahmed t, et al. cholera. lancet ; 3 9 0 1 : 4 9",
      "type": "text"
    },
    {
      "id": 32,
      "text": "lancet ; 3 9 0 1 : 4 9. 3. holmgren j, svennerholm am. vaccines against mucosal infec - tions. curr opin immunol ; 2 4 3 : 3 4 3 - 5 3. 4. klontz eh, das sk, ahmed d, et al. long term comparison of antibiotic resistance in vibrio chol",
      "type": "text"
    },
    {
      "id": 33,
      "text": "term comparison of antibiotic resistance in vibrio cholerae 0 1 and shigella species between urban and rural bangladesh. clin infect dis ; 5 8 9 : e 1 3 3 - 6. 3 6 chapter 1 4 a 2 2 - year - old woman from bangladesh with profuse watery diarrhoea",
      "type": "text"
    }
  ],
  "images": [
    {
      "path": "Processed/images/14---A-22-Year-Old-Woman-from-Bangladesh-With-P_2022_Clinical-Cases-in-Tropi/14---A-22-Year-Old-Woman-from-Bangladesh-With-P_2022_Clinical-Cases-in-Tropi_p1_img1.jpeg",
      "type": "image"
    }
  ]
}