{
  "file": "15---A-3-Year-Old-Boy-from-Laos-With-Right-Sup_2022_Clinical-Cases-in-Tropic.md",
  "n_chunks": 33,
  "text_embedding": "Processed_embeddings/embeddings/text/15---A-3-Year-Old-Boy-from-Laos-With-Right-Sup_2022_Clinical-Cases-in-Tropic_text.npy",
  "image_embedding": "Processed_embeddings/embeddings/image/15---A-3-Year-Old-Boy-from-Laos-With-Right-Sup_2022_Clinical-Cases-in-Tropic_images.npy",
  "chunks": [
    {
      "id": 0,
      "text": "# page 1 1 5 a 3 - year - old boy from laos with right suppurative parotitis sayaphet rattanavong, viravong douangnoulak, buachan norindr, paul n. newton and caoimhe nic fhogartaigh clinical presentation history a 3 - year - old rural lao boy presents to the ent clinic",
      "type": "text"
    },
    {
      "id": 1,
      "text": "- old rural lao boy presents to the ent clinic with a 1 0 - day history of gradual, painful swelling of the right cheek with associated fever and poor appetite. three days previously his mother noticed a purulent discharge from the ear. he has no cough, vomiting or diarrhoea. there is no history of pre - vious ear infection or dental problems and no known history",
      "type": "text"
    },
    {
      "id": 2,
      "text": "vious ear infection or dental problems and no known history of trauma. the child is developing normally and is up to date with vaccinations. his parents are rice farmers. clinical findings the child looks unwell, with a fever of 3 9. 5 ° c 1 0 3. 1 ° f. there is a localized, fluctuant, hot, tender swelling below and anterior to the",
      "type": "text"
    },
    {
      "id": 3,
      "text": "hot, tender swelling below and anterior to the right ear, 6 to 8 cm in diameter, extending from the lower cheek to the submandibular region and con - sistent with a parotid mass fig. 1 5. 1. ear examination reveals a purulent discharge in the auditory canal and suspicion of a small fistula from which the pus is arising",
      "type": "text"
    },
    {
      "id": 4,
      "text": "fistula from which the pus is arising, with a right lower motor neuron facial nerve palsy. the oral cavity and throat are unremarkable. there is no lymphadenopathy and no hepatos - plenomegaly. heart sounds are normal and the chest is clear. laboratory results wbc 1 6. l 4 - 1 0 x 1 0 9 l,",
      "type": "text"
    },
    {
      "id": 5,
      "text": "4 - 1 0 x 1 0 9 l, 9 0 % neutrophils. hb 9. 4 g dl 1 3 - 1 5 g dl, all other blood tests are normal. questions 1. what are your differential diagnoses? 2. what investigations would you perform? discussion a 3 - year - old boy from rural laos presents to a local hospital because of high fever,",
      "type": "text"
    },
    {
      "id": 6,
      "text": "presents to a local hospital because of high fever, unilateral parotid swelling and purulent discharge from his ear. the little boy has previously been well. answer to question 1 what are your differential diagnoses? acute, suppurative, unilateral parotitis in children is usually bacterial. the most common pathogens are staphylococcus aureus, streptococ",
      "type": "text"
    },
    {
      "id": 7,
      "text": "hylococcus aureus, streptococcus pyogenes and haemophilus influenzae, although the latter has declined because of widespread vac - cination. neonates are at risk of parotitis caused by gram - negative bacteria, and streptococcus pneumoniae parotitis may occur in hiv - infected children. in an endemic area like laos",
      "type": "text"
    },
    {
      "id": 8,
      "text": "- infected children. in an endemic area like laos, burkholderia pseudomallei, the causative agent of melioidosis, must also be considered. studies in neighbouring countries have shown melioidosis to be the commonest cause of suppurative parotitis in children. actinomycosis and cat - scratch disease bartonella hensel",
      "type": "text"
    },
    {
      "id": 9,
      "text": "sis and cat - scratch disease bartonella henselae are more unusual bacterial causes. • fig. 1 5. 1 a lao boy with a unilateral parotid mass showing signs of local inflammation. 3 7 # page 2 mumps was the commonest cause of parotid swelling in children until the introduction of vaccination, which is still not commonly available in some countries, including laos.",
      "type": "text"
    },
    {
      "id": 10,
      "text": "not commonly available in some countries, including laos. swelling is painful, but is non - suppurative and becomes bilateral in the majority of cases. other less common viral agents causing parotitis include parainfluenza viruses, influ - enza a, cytomegalovirus, epstein - barr virus and enterovi - ruses, but these do not cause the degree of inflammation",
      "type": "text"
    },
    {
      "id": 11,
      "text": ", but these do not cause the degree of inflammation and suppuration seen here. granulomatous parotitis, caused by mycobacterium tuber - culosis, mycobacterium avium - intracellulare and other myco - bacteria, is rare and presents with a more chronic, painless, enlarging mass without surrounding inflammation. salivary stones and malign",
      "type": "text"
    },
    {
      "id": 12,
      "text": "mass without surrounding inflammation. salivary stones and malignancies are very rare in children. answer to question 2 what investigations would you perform? samples for bacterial culture before commencing antimicro - bial therapy are crucial. gram stain and bacterial culture of pus from the ear are quick and non - invasive. blood cultures should be taken because the results have therapeutic and prognostic implications. a throat",
      "type": "text"
    },
    {
      "id": 13,
      "text": "results have therapeutic and prognostic implications. a throat swab may detect causative bacterial pathogens and has been used to diagnose melioidosis in children. deep pus from incision and drainage of the parotid abscess is the most useful diagnostic material, and drainage may be neces - sary for management of the abscess. this may be performed under ultrasound guidance. full",
      "type": "text"
    },
    {
      "id": 14,
      "text": ". this may be performed under ultrasound guidance. full blood count may help differentiate between bacte - rial and viral causes. when melioidosis is suspected, chest radiograph and abdominal ultrasound should be requested to look for other foci of infection. in this patient a radiograph of the skull would be useful to detect any osteomyelitis. the laboratory must be informed if meli",
      "type": "text"
    },
    {
      "id": 15,
      "text": "yelitis. the laboratory must be informed if melioidosis is sus - pected, because selective media are used to isolate b. pseudo - mallei from non - sterile sites, and suspected growth must be handled under containment level 3 conditions when available. if melioidosis is confirmed, investigations should look for underlying predisposing conditions such as diabetes mellitus",
      "type": "text"
    },
    {
      "id": 16,
      "text": "underlying predisposing conditions such as diabetes mellitus, although these are found less commonly in chil - dren with b. pseudomallei parotitis than in adults with melioidosis. the case continued … pus culture from the right ear and parotid abscess isolated b. pseudomallei. blood culture was negative. chest radiography and abdominal ultrasound were normal",
      "type": "text"
    },
    {
      "id": 17,
      "text": "negative. chest radiography and abdominal ultrasound were normal. the patient had incision and drainage of the parotid with removal of copious pus. intravenous ceftazidime was admin - istered for 1 0 days followed by oral co - amoxiclav for 1 6 weeks with good clinical response. no complications occurred, and no underlying disease was identified. being from",
      "type": "text"
    },
    {
      "id": 18,
      "text": ", and no underlying disease was identified. being from a rice farm - ing family, the boy was likely to have been frequently exposed to soil and water containing b. pseudomallei in the paddy fields. summary box melioidosis melioidosis is an infectious disease caused by b. pseudomallei, a saprophytic gram - negative environmental bacterium endemic",
      "type": "text"
    },
    {
      "id": 19,
      "text": "prophytic gram - negative environmental bacterium endemic in south and south - east asia, as well as in northern australia. it is the third most common cause of death in north - east thailand after hiv and tuberculosis. there is growing evidence that melioidosis is also of relevance in other parts of the tropics where its importance has long been underestimated. in endemic areas b.",
      "type": "text"
    },
    {
      "id": 20,
      "text": "long been underestimated. in endemic areas b. pseudomallei is readily isolated from soil and surface water. the disease is highly seasonal and most cases present during the rainy season. the clinical presentation ranges from mild localized infection to severe septicaemia. in endemic areas, 6 0 - 8 0 % of children have evidence of seroconversion to b. pseudomallei",
      "type": "text"
    },
    {
      "id": 21,
      "text": "of seroconversion to b. pseudomallei by the age of 4 years and most paediatric infections are mild or asymptomatic. septicaemic melioidosis occurs in more than one - third of paediatric cases, with a similar clinical presentation as in adults. the lung is the most common organ involved, and septic shock is associated with a high mortality.",
      "type": "text"
    },
    {
      "id": 22,
      "text": "and septic shock is associated with a high mortality. multiple organ involvement and disseminated infections are well described. localized disease, however, accounts for the majority of paediatric melioidosis, with the parotid gland being the most common site involved. skin and soft tissue abscesses are also common. parotitis is uncommon in adults and has not been seen in children in australia",
      "type": "text"
    },
    {
      "id": 23,
      "text": "adults and has not been seen in children in australia. it is believed that ingestion of water contaminated with b. pseudomallei may cause colonization of the oropharynx and ascending infection to the parotid gland, particularly where drinking water is obtained from boreholes. less than 1 0 % of children have a predisposing condition. the prognosis is usually",
      "type": "text"
    },
    {
      "id": 24,
      "text": "predisposing condition. the prognosis is usually favourable, although complications include spontaneous rupture into the auditory canal, facial nerve palsy, septicaemia and osteomyelitis. the aims of treatment are to reduce mortality and morbidity, prevent recurrence and drain abscesses. referral to a surgeon for consideration for drainage should be arranged ; however, such surgery",
      "type": "text"
    },
    {
      "id": 25,
      "text": "for drainage should be arranged ; however, such surgery risks damage to the facial nerve. there is little evidence to inform the choice and duration of antimicrobial treatment for localized melioidosis in children. the authors recommend pre - cautionary intravenous ceftazidime, meropenem or imipenem for the acute phase 1 0 - 1 4 days ; however,",
      "type": "text"
    },
    {
      "id": 26,
      "text": "phase 1 0 - 1 4 days ; however, parenteral therapy is very expensive. this is followed by co - trimoxazole monotherapy for the eradication phase 1 2 - 2 0 weeks, which has been shown to be non - inferior to dual therapy with co - trimoxazole and doxycy - cline and avoids adverse effects of doxy",
      "type": "text"
    },
    {
      "id": 27,
      "text": "cy - cline and avoids adverse effects of doxycycline in children. amoxicillin - clavulanate is an alternative for patients with sulfa allergy or resistance and in pregnancy. further reading 1. dance dab. melioidosis. in : farrar j, editor. manson ’ s tropical diseases. 2 3 rd ed. london : elsevier ; [",
      "type": "text"
    },
    {
      "id": 28,
      "text": "3 rd ed. london : elsevier ; [ chapter 3 4 ]. 2. lumbiganon p, viengnondha s. clinical manifestations of melioi - dosis in children. pediatr infect dis j ; 1 4 2 : 1 3 6 - 4 0. 3 8 chapter 1 5 a 3 - year - old boy from laos with right suppurative",
      "type": "text"
    },
    {
      "id": 29,
      "text": "- old boy from laos with right suppurative parotitis # page 3 3. stoesser n, pocock j, moore ce, et al. paediatric suppurative par - otitis in cambodia between and. paediatr infect dis j ; 3 1 8 : 8 6 5 - 8. 4. phetsouvanh r, phongmany",
      "type": "text"
    },
    {
      "id": 30,
      "text": "phetsouvanh r, phongmany s, newton p, et al. melioidosis and pandora ’ s box in the lao people ’ s democratic republic. clin infect dis ; 3 2 4 : 6 5 3 - 4. 5. chetchotisakd p, chierakul w, chaowagul w, et",
      "type": "text"
    },
    {
      "id": 31,
      "text": "ul w, chaowagul w, et al. trimetho - prim - sulphamethoxazole versus trimethoprim - sulphamethoxazole plus doxycycline as oral eradicative treatment for melioidosis merth : a multicentre, double - blind, non - inferiority, rando - mised controlled trial.",
      "type": "text"
    },
    {
      "id": 32,
      "text": "ority, rando - mised controlled trial. lancet ; 3 8 3 : 8 0 7 - 1 4. https : doi. org 1 0. s 1 3 1 - 0. 3 9 chapter 1 5 a 3 - year - old boy from laos with right suppurative parotitis",
      "type": "text"
    }
  ],
  "images": [
    {
      "path": "Processed/images/15---A-3-Year-Old-Boy-from-Laos-With-Right-Sup_2022_Clinical-Cases-in-Tropic/15---A-3-Year-Old-Boy-from-Laos-With-Right-Sup_2022_Clinical-Cases-in-Tropic_p1_img1.jpeg",
      "type": "image"
    }
  ]
}