{
  "file": "16---A-25-Year-Old-Female-School-Teacher-from-Malaw_2022_Clinical-Cases-in-T.md",
  "n_chunks": 31,
  "text_embedding": "Processed_embeddings/embeddings/text/16---A-25-Year-Old-Female-School-Teacher-from-Malaw_2022_Clinical-Cases-in-T_text.npy",
  "image_embedding": "Processed_embeddings/embeddings/image/16---A-25-Year-Old-Female-School-Teacher-from-Malaw_2022_Clinical-Cases-in-T_images.npy",
  "chunks": [
    {
      "id": 0,
      "text": "# page 1 1 6 a 2 5 - year - old female school teacher from malawi with abrupt onset of fever and confusion emma c. wall clinical presentation history a 2 5 - year - old malawian primary school teacher presents to a local central hospital. she was reported to be well at 8 a. m., confused by 1 0 a. m. and drowsy with a",
      "type": "text"
    },
    {
      "id": 1,
      "text": "0 a. m. and drowsy with a high fever and con - vulsions on admission at 1 1 a. m. she is hiv - positive and has been on first - line antiretrovi - ral therapy art with tenofovir, lamivudine and efavirenz for 6 months with good adherence. her cd 4 count on start - ing",
      "type": "text"
    },
    {
      "id": 2,
      "text": "rence. her cd 4 count on start - ing art was 3 2 0 cells μl. she completed treatment for pul - monary tuberculosis 2 months ago. clinical findings the patient is restless and agitated ; glasgow coma scale 1 0 1 5. pupils are equal and reactive with photophobia ; the neck is stiff and there is no rash. plantar responses are down - going",
      "type": "text"
    },
    {
      "id": 3,
      "text": "no rash. plantar responses are down - going, kernig ’ s sign is positive. chest and abdominal examinations are unremarkable. temperature 4 0 ° c 1 0 4 ° f, pulse 1 2 5 bpm, blood pressure 1 2 5 6 8 mmhg, oxygen saturation 9 3 % on room air. during the physical examination she suf - fers a renewed",
      "type": "text"
    },
    {
      "id": 4,
      "text": "during the physical examination she suf - fers a renewed seizure. laboratory results her blood results are shown in table 1 6. 1. a spinal tap is done. the csf appears hazy ; csf results are shown in table 1 6. 2. rapid antigen test for plasmodium falciparum is negative. questions 1. what are your treatment priorities for this woman?",
      "type": "text"
    },
    {
      "id": 5,
      "text": ". what are your treatment priorities for this woman? 2. what adjunctive interventions should be used in this setting? discussion a 2 5 - year - old malawian woman, known to be hiv - positive and on art, presents with acute severe symptoms including a high fever, a rapid decline in consciousness and new onset convulsions, suggesting a severe neurological infection. her csf",
      "type": "text"
    },
    {
      "id": 6,
      "text": ", suggesting a severe neurological infection. her csf is hazy and shows a neutrophilic pleocytosis, as well as a high csf - protein and low glucose. table 1 6. 1 blood results on admission parameter patient reference wbc 1 0 9 l 1 0. 5 4 - 1 0 neutrophil count 1 0 9 l 8. 9 2. 5",
      "type": "text"
    },
    {
      "id": 7,
      "text": "1 0 9 l 8. 9 2. 5 - 6 haemoglobin g dl 8. 9 1 2 - 1 4 mcv fl 9 0 platelets 1 0 9 l 5 0 - 4 0 0 creatinine μmol l 5 - 1 0 6 random blood glucose mmol l 5. 6 3. 9 - 7. 8 table 1 6. 2 results",
      "type": "text"
    },
    {
      "id": 8,
      "text": "- 7. 8 table 1 6. 2 results on admission parameter patient reference leukocytes cells μl 3 5 6 0 % neutrophils 0 - 5 μl protein g l 2. 6 0. 1 5 - 0. 4 2 glucose mmol l 1. 2 2. 5 - 5 4 0 # page 2 bacterial meningitis is the most likely",
      "type": "text"
    },
    {
      "id": 9,
      "text": "# page 2 bacterial meningitis is the most likely diagnosis ; tubercu - lous meningitis and cryptococcal meningitis are possibilities, though much less likely, since they tend to present in a sub - acute manner. answer to question 1 what are your treatment priorities for this woman? the suspected diagnosis is acute bacterial meningitis. in africa streptococcus pneumoniae",
      "type": "text"
    },
    {
      "id": 10,
      "text": ". in africa streptococcus pneumoniae is the most common cause of meningitis in adults and children. additionally, in the meningitis belt, seasonal outbreaks of bacterial meningitis caused by neisseria meningitis occur during the dry season. case numbers have dropped considerably after the introduc - tion of large - scale vaccination programmes. the immediate treatment priority is",
      "type": "text"
    },
    {
      "id": 11,
      "text": "- scale vaccination programmes. the immediate treatment priority is emergency resuscita - tion, including rapid administration of antibiotics. a third - generation cephalosporin such as ceftriaxone at a high dose to penetrate the csf is appropriate ; where this is not available, high dose benzylpenicillin plus chloramphenicol is a suitable alternative. resistance rates of",
      "type": "text"
    },
    {
      "id": 12,
      "text": "icol is a suitable alternative. resistance rates of s. pneumoniae to both penicil - lins and chloramphenicol are rising, hence local advice about resistance patterns should be sought. data to guide resusci - tation in adults are limited, but airway support and seizure control are indicated. public health services are required for case management to ensure that appropriate vaccination programmes",
      "type": "text"
    },
    {
      "id": 13,
      "text": "required for case management to ensure that appropriate vaccination programmes and case notification for outbreak monitoring are done. answer to question 2 what adjunctive interventions should be used in this setting and what are your differential diagnoses? several meta - analyses suggest that while in well - resourced countries dexamethasone should be given to adults and chil - dren presenting to hospital with meningitis, steroids should",
      "type": "text"
    },
    {
      "id": 14,
      "text": "dren presenting to hospital with meningitis, steroids should not be used in resource - limited hospitals in africa given their lack of efficacy. glycerol has been tested in paediatric men - ingitis with mixed results but was shown to be harmful in adults with meningitis in malawi. no other adjuncts have been tested in clinical trials to date ; adjunctive treatment is not indicated. in cases",
      "type": "text"
    },
    {
      "id": 15,
      "text": "; adjunctive treatment is not indicated. in cases of suspected meningitis, a lumbar puncture lp must be undertaken to obtain a diagnosis. despite clinical contraindications to lumbar puncture in this patient sei - zures and altered conscious level, the risk of causing harm by doing an lp is low. lp should not be delayed by attempts to obtain cerebral imaging unless obvious",
      "type": "text"
    },
    {
      "id": 16,
      "text": "be delayed by attempts to obtain cerebral imaging unless obvious signs of a space - occupying lesion are present. ct scan of the brain is of lim - ited value in bacterial meningitis. administration of antibi - otics should not be delayed while the lp is undertaken, particularly in resource - limited settings. the main differential diagnoses for this patient are cryp - toco",
      "type": "text"
    },
    {
      "id": 17,
      "text": "ses for this patient are cryp - tococcal meningitis ccm and tb meningitis tbm. however, her cd 4 count is too high for ccm and her recent completion of tb treatment makes tbm less likely. in addition, both of these infections classically have a more chronic course. she is not pregnant, therefore meningitis caused by lis - teria monocytogenes",
      "type": "text"
    },
    {
      "id": 18,
      "text": "meningitis caused by lis - teria monocytogenes is very unlikely. bacterial pathogens that cause meningitis in hiv - infected adults include s. pneumo - niae, group a streptococci, staphylococcus aureus, invasive non - typhoidal salmonellae, salmonella typhi, escherichia coli and haemophilus influenzae",
      "type": "text"
    },
    {
      "id": 19,
      "text": "hia coli and haemophilus influenzae ; all will be treated with a third - generation cephalosporin. european guidelines recommend 1 4 days of antibiotics in hiv - infected adults with bacterial meningitis. however, in sub - saharan africa often shorter courses are given, determined by the patient ’ s recovery rate, local guidelines and availability of antibiotics for long courses. in",
      "type": "text"
    },
    {
      "id": 20,
      "text": "guidelines and availability of antibiotics for long courses. in children with bacterial meningitis in malawi, 5 days of ceftriaxone was shown to be non - inferior to ten days, with substantial savings shown, and shorter courses are now commonly used. the case continued … in the emergency department the patient received ceftriax - one 2 g iv, 1 0 mg of di",
      "type": "text"
    },
    {
      "id": 21,
      "text": "one 2 g iv, 1 0 mg of diazepam iv and 6 0 0 mg of phenobar - bitone iv. her oxygen saturation improved with resuscitation. she received 1 0 days of iv ceftriaxone and recovered consciousness by day 3. csf culture grew s. pneu - moniae. audiometry revealed a minor hearing loss in",
      "type": "text"
    },
    {
      "id": 22,
      "text": ". audiometry revealed a minor hearing loss in her right ear. no further neurological impairment or seizures were noted ; anticonvulsants were weaned by day 3. summary box acute bacterial meningitis in resource - rich settings, acute bacterial meningitis in adults and children is declining in incidence because of successful vaccination campaigns, but sporadic cases continue to occur. in contrast,",
      "type": "text"
    },
    {
      "id": 23,
      "text": "sporadic cases continue to occur. in contrast, many countries with high hiv prevalence have reported an increase in patients presenting with acute bacterial meningitis abm since the start of the hiv epidemic. case fatality rates in resource - rich settings have declined from 4 5 - 5 0 % to 1 1 - 2 5 % over the past 5 0 years, associated with early administration of broad -",
      "type": "text"
    },
    {
      "id": 24,
      "text": "0 years, associated with early administration of broad - spectrum antibiotics and better sup - portive care. in contrast, adult abm lethality rates in sub - saharan africa are reported to vary between 5 0 and 7 0 % without any change over time, and survivors experience higher rates of neurological disabilities. adjunctive treatments have failed to reduce lethality in large randomized controlled trials in africa",
      "type": "text"
    },
    {
      "id": 25,
      "text": "lethality in large randomized controlled trials in africa despite efficacy elsewhere. in well - resourced settings, important risk factors for poor outcome include advanced age, hyperglycaemia and immunosuppression. in africa, coma, seizures, anaemia and delayed presentation to hospital are poor prognostic features. antibiotic treatment depends on local sensitivities. a third - generation cephalospor",
      "type": "text"
    },
    {
      "id": 26,
      "text": "vities. a third - generation cephalosporin at high dose given as early as possible is the treatment of choice. 4 1 chapter 1 6 a 2 5 - year - old female school teacher from malawi with abrupt onset of fever and confusion # page 3 further reading 1. heckmann je, bhigjee ai. tropical neurology. in : farrar j, editor.",
      "type": "text"
    },
    {
      "id": 27,
      "text": "neurology. in : farrar j, editor. manson ’ s tropical diseases. 2 3 rd ed. london : elsevier ; [ chapter 7 1 ]. 2. van de beek d, cabellos c, dzupova o, et al. escmid guideline : diagnosis and treatment of acute bacterial meningitis. clin micro - biol infect ; 2",
      "type": "text"
    },
    {
      "id": 28,
      "text": "clin micro - biol infect ; 2 2 suppl 3 : s 3 7 - s 6 2. 3. wall ec, mukaka m, denis b, et al. goal directed therapy for sus - pected acute bacterial meningitis in adults and adolescents in sub - saharan africa. plos one ; 1 2 1 0 e 6 8 7. 4. van de",
      "type": "text"
    },
    {
      "id": 29,
      "text": "0 e 6 8 7. 4. van de beek d, farrar jj, de gans j, et al. adjunctive dexametha - sone in bacterial meningitis : a meta - analysis of individual patient data. lancet neurol ; 9 3 : 2 5 4 - 2 6 3. 5. global burden of diseases study collaborators. global, regional, and national",
      "type": "text"
    },
    {
      "id": 30,
      "text": "diseases study collaborators. global, regional, and national burden of meningitis,: a systematic anal - ysis for the global burden of disease study. lancet neurol ; 1 7 1 2 :. 4 2 chapter 1 6 a 2 5 - year - old female school teacher from malawi with abrupt onset of fever and confusion",
      "type": "text"
    }
  ],
  "images": []
}