{
  "file": "17---A-34-Year-Old-Man-from-Thailand-With-Feve_2022_Clinical-Cases-in-Tropic.md",
  "n_chunks": 31,
  "text_embedding": "Processed_embeddings/embeddings/text/17---A-34-Year-Old-Man-from-Thailand-With-Feve_2022_Clinical-Cases-in-Tropic_text.npy",
  "image_embedding": "Processed_embeddings/embeddings/image/17---A-34-Year-Old-Man-from-Thailand-With-Feve_2022_Clinical-Cases-in-Tropic_images.npy",
  "chunks": [
    {
      "id": 0,
      "text": "# page 1 1 7 a 3 4 - year - old man from thailand with fever and a papular rash juri katchanov and hartmut stocker clinical presentation history a 3 4 - year - old man from phuket, thailand presents to a hos - pital in germany with a 2 - week history of fever. he has also noticed a papular rash affecting his whole body",
      "type": "text"
    },
    {
      "id": 1,
      "text": "also noticed a papular rash affecting his whole body, particularly his face and trunk. when asked, he reports weight loss 7 kg in the last 3 months. he lives in thailand and arrived in germany only 3 days previously to visit friends. clinical findings on examination, the patient is febrile with a temperature of 3 8. 2 ° c 1 0 0. 7 6 ° f",
      "type": "text"
    },
    {
      "id": 2,
      "text": "° c 1 0 0. 7 6 ° f. his conjunctivae are pale. he is very wasted, with a body mass index of 1 4 kg m 2. the patient has a generalized non - pruritic rash, predom - inantly on his face and trunk, which consists of small umbilicated papules fig. 1 7. 1",
      "type": "text"
    },
    {
      "id": 3,
      "text": "icated papules fig. 1 7. 1. there is generalized lymphadenopathy with visibly swollen lymph nodes in the left supraclavicular region ; his inguinal and axillary lymph nodes are also enlarged. on abdominal examination, the spleen is palpable at two fingers below the left costal margin. the liver span is 1",
      "type": "text"
    },
    {
      "id": 4,
      "text": "left costal margin. the liver span is 1 5 cm in the midclavicular line. laboratory results full blood count : wbc 2. l reference range 4 - 1 0, haemoglobin 9. 8 g dl 1 3 - 1 6, platelets 0 9 l 1 5 0 - 3 5 0. c - reactive protein 1 5 0 mg l < 5.",
      "type": "text"
    },
    {
      "id": 5,
      "text": "reactive protein 1 5 0 mg l < 5. questions 1. what is the single most important test to be done in this patient? 2. what is your differential diagnosis? discussion a 3 4 - year - old man from thailand presents with a 2 - week history of fever and a 3 - month history of wasting. on exam - ination, he has mild hepatosplenomegal",
      "type": "text"
    },
    {
      "id": 6,
      "text": "ination, he has mild hepatosplenomegaly, generalized lymphadenopathy and a papular rash. the laboratory results reveal pancytopenia and an elevated c - reactive protein. answer to question 1 what is the single most important test to be done in this patient? the most important test to be done is an hiv serology. the patient presents with fever",
      "type": "text"
    },
    {
      "id": 7,
      "text": "an hiv serology. the patient presents with fever, unexplained weight loss, lymph - adenopathy and a papular rash ; his blood results show pan - cytopenia. each of these conditions alone should warrant hiv testing. answer to question 2 what is your differential diagnosis? common causes of fever, generalized lymphadenopathy and hepatosplenomegaly",
      "type": "text"
    },
    {
      "id": 8,
      "text": "hadenopathy and hepatosplenomegaly are infectious diseases and neoplasms. • fig. 1 7. 1 multiple umbilicated papular skin lesions on the neck. 4 3 # page 2 apart from hiv, cmv and ebv infection should be considered. all three of these viral infections may present with fever, hepatosplenomegaly and a",
      "type": "text"
    },
    {
      "id": 9,
      "text": "fever, hepatosplenomegaly and a rash, but umbilicated papular lesions are not part of the clinical picture. however, in hiv - infected individuals, mollusca contagiosa are com - mon, which resemble the lesions seen in this patient. disseminated tuberculosis and infections with atypical mycobacteria are important differential diagnoses. both can also",
      "type": "text"
    },
    {
      "id": 10,
      "text": "bacteria are important differential diagnoses. both can also present with cutaneous manifestations. an infection that resembles mycobacterioses in many ways is melioidosis. melioidosis is one of the leading causes of community - acquired septicaemia in thailand. it may present with lymphadenitis and disseminated papular skin lesions. bartonella spp.",
      "type": "text"
    },
    {
      "id": 11,
      "text": "papular skin lesions. bartonella spp. b. henselae, b. quintana cause bacillary angiomatosis in immunosuppressed individuals. bacillary angiomatosis presents with non - specific systemic symptoms and umbilicated papular skin lesions. however, these pap - ules are usually erythematous. fungal infections to consider in this patient are crypto",
      "type": "text"
    },
    {
      "id": 12,
      "text": ". fungal infections to consider in this patient are cryptococ - cosis, histoplasmosis and talaromycosis previously penicilliosis, which are all commonly associated with immu - nosuppression but may also rarely occur in non - immunosuppressed individuals. all three may also present with umbilicated, papular skin lesions. visceral le",
      "type": "text"
    },
    {
      "id": 13,
      "text": "papular skin lesions. visceral leishmaniasis causes fever, wasting, hepatosplenomegaly and pancytope - nia. it does however not cause a papular rash. it has been reported from thailand, but appears to be uncommon. neoplasms to consider include lymphomas and non - malignant neoplastic conditions such as hhv - 8",
      "type": "text"
    },
    {
      "id": 14,
      "text": "neoplastic conditions such as hhv - 8 - associated castleman ’ s disease. the case continued … the hiv test came back positive. the patient was found to be highly immunosuppressed, with a cd 4 cell count of 2 μl normal range : 5 0 0 μl. blood cultures were taken. a fine needle aspirate of the lymph node",
      "type": "text"
    },
    {
      "id": 15,
      "text": "a fine needle aspirate of the lymph node and a skin biopsy were performed, and the mate - rial was sent for microbiological and pathological work - up. histopathology of the lymph node biopsy showed multiple yeast - like structures fig. 1 7. 2. there were no acid - fast bacilli seen. the blood culture and cultures from the skin",
      "type": "text"
    },
    {
      "id": 16,
      "text": "seen. the blood culture and cultures from the skin biopsy and lymph node all grew talaromyces penicillium marneffei. the diagnosis of talaromycosis was made and the patient was started on a 2 - week course of intravenous liposomal amphotericin b followed by oral itraconazole. on 3 -",
      "type": "text"
    },
    {
      "id": 17,
      "text": "oral itraconazole. on 3 - week follow - up he was afebrile and gaining weight. antiretroviral therapy art was initiated. six months later the patient presented with a recurrence of his cervical lymphadenopathy. a talaromycosis relapse was suspected. however, this time an infection with atypical mycobacteria was found. his cd",
      "type": "text"
    },
    {
      "id": 18,
      "text": "with atypical mycobacteria was found. his cd 4 count had come up to 1 0 2 μl and the viral load was suppressed. this second infec - tion within 6 months after starting art was interpreted as an immune reconstitution inflammatory syndrome iris of the unmasking type. summary box talaromycosis penicilliosis talaromycosis previously penic",
      "type": "text"
    },
    {
      "id": 19,
      "text": "illiosis talaromycosis previously penicilliosis is caused by talaromyces penicillium marneffei, a dimorphic fungus endemic to east and south - east asia. incidence of talaromycosis has increased in parallel with the aids pandemic. it is the third commonest aids - related opportunistic infection in thailand and vietnam after",
      "type": "text"
    },
    {
      "id": 20,
      "text": "related opportunistic infection in thailand and vietnam after tuberculosis and cryptococcosis. talaromycosis has also been reported in immunosuppressed travellers to endemic areas. acquisition and transmission of talaromycosis, either by inhalation or by direct inoculation, have not been fully understood ; the only known hosts are humans and bamboo rats. talaromycosis",
      "type": "text"
    },
    {
      "id": 21,
      "text": "humans and bamboo rats. talaromycosis usually affects severely immunocompromised individuals who frequently have other concurrent opportunistic infections. patients present with non - specific symptoms such as prolonged fever, fatigue, weight loss and diarrhoea. clinical signs are lymphadenopathy, hepatosplenomegaly and anaemia. gen - eralized umbilicated pap",
      "type": "text"
    },
    {
      "id": 22,
      "text": ". gen - eralized umbilicated papular skin lesions can help the clinician narrow down the differential diagnosis. the papules are often located on the face, on the chest and on the extremities. lung involvement is common and chest radiography may reveal diffuse reticulonodular or alveolar infiltrates. diagnosis is made by identification of the",
      "type": "text"
    },
    {
      "id": 23,
      "text": "infiltrates. diagnosis is made by identification of the fungus by micros - copy and culture. blood, bronchoalveolar lavage fluid, or biopsies of skin, lymph nodes or bone marrow are appropriate clinical specimens. microscopical examination reveals extracellular and intracellular yeasts. the extracellular forms often have a trans - verse septum as",
      "type": "text"
    },
    {
      "id": 24,
      "text": "forms often have a trans - verse septum as a result of binary fission. treatment is with intravenous amphotericin b for 2 weeks followed by oral itraconazole. secondary prophylaxis in hiv - infected patients with itraconazole 2 0 0 mg od has been sug - gested until a cd 4 - count of 1",
      "type": "text"
    },
    {
      "id": 25,
      "text": "gested until a cd 4 - count of 1 0 0 cells μl has been maintained for at least 6 months. • fig. 1 7. 2 histology of the supraclavicular lymph node showing multiple round - shaped yeast - like structures pas stain, 4 0 0. inset : prominent septal wall ‘ septation ’ as a result of",
      "type": "text"
    },
    {
      "id": 26,
      "text": "‘ septation ’ as a result of reproduction by fission. courtesy u. zimmermann, m. gr € unbaum and h. herbst. 4 4 chapter 1 7 a 3 4 - year - old man from thailand with fever and a papular rash # page 3 further reading 1. wood r. clinical features and management of hiv aids. in : farrar",
      "type": "text"
    },
    {
      "id": 27,
      "text": "and management of hiv aids. in : farrar j, editor. manson ’ s tropical diseases. 2 3 rd ed. london : elsevier ; [ chapter 1 0 ]. 2. hay rj. fungal infections. in : farrar j, editor. manson ’ s tropical diseases. 2 3 rd ed. london : elsevier ; [ chapter 3 8 ]. 3. chakra",
      "type": "text"
    },
    {
      "id": 28,
      "text": "vier ; [ chapter 3 8 ]. 3. chakrabarti a, slavin ma. endemic fungal infections in the asia - pacific region. med mycol ; 4 9 4 : 3 3 7 - 3 4 4. 4. chastain db, henao - martínez af, franco - paredes c. opportu - nistic invasive mycoses in aids : cryptococ",
      "type": "text"
    },
    {
      "id": 29,
      "text": "nistic invasive mycoses in aids : cryptococcosis, histoplasmosis, coccidiodomycosis, and talaromycosis. curr infect dis rep ; 1 9 1 0 : 3 6. 5. le t, kinh nv, cuc ntk, et al. a trial of itraconazole or ampho",
      "type": "text"
    },
    {
      "id": 30,
      "text": "trial of itraconazole or ampho - tericin b for hiv - associated talaromycosis. n engl j med ; 3 7 6 2 4 :. 4 5 chapter 1 7 a 3 4 - year - old man from thailand with fever and a papular rash",
      "type": "text"
    }
  ],
  "images": [
    {
      "path": "Processed/images/17---A-34-Year-Old-Man-from-Thailand-With-Feve_2022_Clinical-Cases-in-Tropic/17---A-34-Year-Old-Man-from-Thailand-With-Feve_2022_Clinical-Cases-in-Tropic_p1_img1.jpeg",
      "type": "image"
    },
    {
      "path": "Processed/images/17---A-34-Year-Old-Man-from-Thailand-With-Feve_2022_Clinical-Cases-in-Tropic/17---A-34-Year-Old-Man-from-Thailand-With-Feve_2022_Clinical-Cases-in-Tropic_p2_img1.jpeg",
      "type": "image"
    }
  ]
}