{
  "file": "19---A-40-Year-Old-Man-from-Togo-With-Subcutaneou_2022_Clinical-Cases-in-Tro.md",
  "n_chunks": 33,
  "text_embedding": "Processed_embeddings/embeddings/text/19---A-40-Year-Old-Man-from-Togo-With-Subcutaneou_2022_Clinical-Cases-in-Tro_text.npy",
  "image_embedding": "Processed_embeddings/embeddings/image/19---A-40-Year-Old-Man-from-Togo-With-Subcutaneou_2022_Clinical-Cases-in-Tro_images.npy",
  "chunks": [
    {
      "id": 0,
      "text": "# page 1 1 9 a 4 0 - year - old man from togo with subcutaneous nodules and corneal opacities guido kluxen clinical presentation history a 4 0 - year - old man from togo presents to a local clinic. he has noticed changes in both of his eyes over the past 4 years. there are no visual disturbances, but he is w",
      "type": "text"
    },
    {
      "id": 1,
      "text": "are no visual disturbances, but he is wor - ried : in his village there are adults in each family who have turned completely blind after their eyes had shown fea - tures very similar to the changes he has noticed in his own eyes. he has also observed some painless bumps under his skin which have developed over the past two decades. the patient also complains of suffering from",
      "type": "text"
    },
    {
      "id": 2,
      "text": "two decades. the patient also complains of suffering from intense itching of his skin that keeps him awake at night. the patient has always lived in a village in the savannah near a fast - flowing river. he reports that small biting flies are common near the river. clinical findings there are opacities in the cornea of both eyes. the patient ’ s left eye is shown",
      "type": "text"
    },
    {
      "id": 3,
      "text": ". the patient ’ s left eye is shown in figure 1 9. 1. the skin appears atrophic in some areas thinning with loss of elasticity, and there are multiple scratch marks. sub - cutaneous nodules are palpable in various regions of his body, especially over bony prominences like the ribs fig. 1 9. 2, iliac crest",
      "type": "text"
    },
    {
      "id": 4,
      "text": "fig. 1 9. 2, iliac crest, femoral trochanters and on the head. the nodules are firm, non - tender and measure 1 to 3 cm in diameter. questions 1. what is your most important differential diagnosis? 2. what investigations would you like to carry out? • fig. 1 9. 1 the patient ’ s left eye showing",
      "type": "text"
    },
    {
      "id": 5,
      "text": ". 1 the patient ’ s left eye showing corneal opacities. courtesy h. trojan • fig. 1 9. 2 subcutaneous nodule over the costal arch. courtesy h. trojan 4 9 # page 2 discussion the patient presents with a triad of corneal opacities, skin changes and subcutaneous nodules. he comes from a village",
      "type": "text"
    },
    {
      "id": 6,
      "text": "taneous nodules. he comes from a village in the north of togo, located close to a rapidly flowing river. many adults in the village are blind. answer to question 1 what is your most important differential diagnosis? the clinical triad of ocular changes, itchy dermatitis with atrophy of the skin and subcutaneous nodules in a patient from rural togo makes on",
      "type": "text"
    },
    {
      "id": 7,
      "text": "dules in a patient from rural togo makes onchocerciasis river blindness the most likely differential diagnosis. a fast - flowing river is the preferred breeding site for simulium blackflies, which trans - mit the disease. the picture of his left eye shows keratitis semilunaris, a form of band - shaped sclerosing keratopathy commonly seen in",
      "type": "text"
    },
    {
      "id": 8,
      "text": "shaped sclerosing keratopathy commonly seen in onchocerciasis. the central and upper parts of the cornea are initially clear, but may become affected as the disease progresses. subcutaneous nodules can resemble lipomas and cysti - cerci of taenia solium. pruritic dermatitis may also be caused by scabies or",
      "type": "text"
    },
    {
      "id": 9,
      "text": "matitis may also be caused by scabies or be seen in papular pruritic eruptions associated with hiv infection. in patients from west africa, infection with mansonella streptocerca can also cause pruritus. chronic dermatitis can also be seen in yaws, leprosy, mycotic infec - tions and eczema. answer to question 2",
      "type": "text"
    },
    {
      "id": 10,
      "text": "- tions and eczema. answer to question 2 what investigations would you like to carry out? the patient ’ s presentation appears very typical for onchocer - ciasis. in an endemic, resource - limited setting his diagnosis would most probably be made on clinical grounds alone. skin snips taken from the vicinity of a subcutaneous nodule may show microfilari",
      "type": "text"
    },
    {
      "id": 11,
      "text": "cutaneous nodule may show microfilariae of onchocerca volvulus. slit - lamp examination of the eyes may reveal microfilariae in the anterior chamber of the eye and in the cornea. nodu - lectomy of subcutaneous nodules may show adults of o. vol - vulus, but this is not routinely done",
      "type": "text"
    },
    {
      "id": 12,
      "text": "vulus, but this is not routinely done. serological tests were less useful in patients from endemic areas in the past, because antibody test results lacked speci - ficity and were not clearly linked to clinical disease. however, serological tests which detect igg 4 responses to o. volvulus antigen ovag and the recombinant ov 1 6 anti",
      "type": "text"
    },
    {
      "id": 13,
      "text": "g and the recombinant ov 1 6 anti - gen are recommended by who. in case of a positive result it is recommended to continue ivermectin therapy. the lifespan of the adult worms is about 1 2 years. after 1 0 years, usually no further treatment with ivermectin is required after therapy with a combination of ivermectin and doxycycline",
      "type": "text"
    },
    {
      "id": 14,
      "text": "of ivermectin and doxycycline, if ivermectin was administered 2 to 3 times every year and if serological tests have turned nega - tive. however, in onchocerciasis - endemic areas new infec - tions are possible. to calculate the probability of a reinfection through an individual black fly with o. volvulus, worm",
      "type": "text"
    },
    {
      "id": 15,
      "text": "black fly with o. volvulus, worm - specific dna ov 1 5 0 is tested by poolscreen in vec - tor samples black flies using polymerase chain reaction. the case continued … the patient was treated with ivermectin 1 5 0 μg kg stat which was repeated after 3 months and after 1 year. he also received doxycycline 1",
      "type": "text"
    },
    {
      "id": 16,
      "text": "year. he also received doxycycline 1 0 0 mg d for 6 weeks see summary box. summary box onchocerciasis onchocerciasis ‘ river blindness ’ is caused by o. volvulus, a filarial nematode. it is transmitted by biting simulium species blackflies, which breed in rapidly flowing freshwater. adult females",
      "type": "text"
    },
    {
      "id": 17,
      "text": ", which breed in rapidly flowing freshwater. adult females of o. volvulus lodge in human subcutaneous tissue and shed live microfilariae. microfilariae migrate through the skin and often into the eyes. most pathology is caused by immune reac - tions to dead and dying microfilariae and perhaps to their endo - symbiotic wolbachia bacteria. typical",
      "type": "text"
    },
    {
      "id": 18,
      "text": "endo - symbiotic wolbachia bacteria. typical clinical features of onchocerciasis are : 1. non - tender subcutaneous nodules located mainly over bony prominences 2. dermatitis, depigmentation of the skin ‘ leopard skin ’, lichenification and thickening of the skin ‘ lizard skin ’, and skin atrophy",
      "type": "text"
    },
    {
      "id": 19,
      "text": "� lizard skin ’, and skin atrophy at times leading to ‘ hanging groins ’. the skin changes may be stigmatizing and the unrelenting itch may cause sleep disturbances, depression and even lead to suicide 3. ocular changes may present as pear - shaped pupil, punc - tate subepithelial stromal keratopathy, sc",
      "type": "text"
    },
    {
      "id": 20,
      "text": "pithelial stromal keratopathy, sclerosing keratitis, iritis, uveitis, ‘ flecked retina ’ or scarred choroidoretinal fun - dus hissette - ridley fundus. optic nerve atrophy may occur. ivermectin is now the drug of choice for individual and mass treatment of onchocerciasis.",
      "type": "text"
    },
    {
      "id": 21,
      "text": "and mass treatment of onchocerciasis. ivermectin kills microfilariae but has little effect on adult worms apart from reducing embryogenesis. it has to be given repeatedly throughout the lifespan of the adult worm 1 0 - 1 4 years. for individual treatment, ivermectin is pro - vided as a single dose of 1 5 0 μg",
      "type": "text"
    },
    {
      "id": 22,
      "text": "a single dose of 1 5 0 μg kg po. treatment should be repeated in 3 - to 6 - month intervals. in mass treatment pro - grammes it is usually provided annually. ivermectin should not be given to patients with heavy loa loa infections and microfilarial counts greater than 3 0, 0 0 0 ml, because this may result in fatal encephal",
      "type": "text"
    },
    {
      "id": 23,
      "text": "ml, because this may result in fatal encephalitis. ivermectin can also cause significant adverse events in patients with lower microfilarial counts. for regions co - endemic of onchocerciasis and l. loa, a mobile phone - based, point - of - care microscopy tool - the loascope - has proven helpful to easily identify patients with high parasit",
      "type": "text"
    },
    {
      "id": 24,
      "text": "proven helpful to easily identify patients with high parasitaemia of l. loa and to exempt them from mass treatment with ivermectin. this tech - nology has increased the acceptance of ivermectin mda for onchocerciasis and lymphatic filariasis in l. loa co - endemic areas. ivermectin is contraindicated in pregnancy and in children",
      "type": "text"
    },
    {
      "id": 25,
      "text": "ctin is contraindicated in pregnancy and in children below the age of five or below a height of 9 0 cm. doxycycline at a dosage of 1 0 0 to 2 0 0 mg d for 4 to 6 weeks kills the wolbachia endosymbionts, permanently sterilizes adult worms, blocks embryogenesis and slowly kills approximately 6 0 % of",
      "type": "text"
    },
    {
      "id": 26,
      "text": "yogenesis and slowly kills approximately 6 0 % of adult worms. a major breakthrough in the battle against onchocerciasis was the ivermectin - donation programme initiated by the producing company merck. large control programmes implementing mass drug administration mda of ivermectin in endemic areas in africa and south america lead to interruption of transmission of onchocerciasis in",
      "type": "text"
    },
    {
      "id": 27,
      "text": "ruption of transmission of onchocerciasis in many countries. elimination of the disease is still on the agenda. 5 0 chapter 1 9 a 4 0 - year - old man from togo with subcutaneous nodules and corneal opacities # page 3 further reading 1. simonsen p, fischer pu, hoerauf a, et al. the filariases",
      "type": "text"
    },
    {
      "id": 28,
      "text": "auf a, et al. the filariases. in : farrar j, editor. manson ’ s tropical diseases. 2 3 rd ed. london : elsevier ; [ chapter 5 4 ]. 2. d ’ ambrosio mv, bakalar m, bennuru s, et al. point - of - care quan - tification of blood - borne filarial",
      "type": "text"
    },
    {
      "id": 29,
      "text": "care quan - tification of blood - borne filarial parasites with a mobile phone microscope. sci transl med ; 7 2 8 6 : 1 - 1 0. 3. cantey pt, roy sl, boakye d, mwingira u, ottesen ea, hopkins ad, sodahlon yk. transitioning from river blindness control to elimination : steps towards stopping treatment.",
      "type": "text"
    },
    {
      "id": 30,
      "text": "blindness control to elimination : steps towards stopping treatment. int health ; 1 0 : i 7 - i 1 3. https : doi. org 1 0. inthealth ihx 0 4 9. 4. who. onchocerciasis guidelines for stopping mass drug administration and verifying the elimination of human onchocerci - asis, available from : http : apps. who.",
      "type": "text"
    },
    {
      "id": 31,
      "text": ", available from : http : apps. who. int iris bitstream handle 5 8 0 1 eng. pdf? sequence ¼ 1. 5. lawrence j, sodahlon yk. onchocerciasis : the beginning of the end. int health ; 1 0 : i 1 - i 2. https : doi. org 1 0. inthealth ihx 0 7 0",
      "type": "text"
    },
    {
      "id": 32,
      "text": "1 0. inthealth ihx 0 7 0. 5 1 chapter 1 9 a 4 0 - year - old man from togo with subcutaneous nodules and corneal opacities",
      "type": "text"
    }
  ],
  "images": [
    {
      "path": "Processed/images/19---A-40-Year-Old-Man-from-Togo-With-Subcutaneou_2022_Clinical-Cases-in-Tro/19---A-40-Year-Old-Man-from-Togo-With-Subcutaneou_2022_Clinical-Cases-in-Tro_p1_img1.jpeg",
      "type": "image"
    },
    {
      "path": "Processed/images/19---A-40-Year-Old-Man-from-Togo-With-Subcutaneou_2022_Clinical-Cases-in-Tro/19---A-40-Year-Old-Man-from-Togo-With-Subcutaneou_2022_Clinical-Cases-in-Tro_p1_img2.jpeg",
      "type": "image"
    }
  ]
}