{
  "file": "2---A-7-Year-Old-Girl-from-Peru-With-a-Chron_2022_Clinical-Cases-in-Tropical.md",
  "n_chunks": 38,
  "text_embedding": "Processed_embeddings/embeddings/text/2---A-7-Year-Old-Girl-from-Peru-With-a-Chron_2022_Clinical-Cases-in-Tropical_text.npy",
  "image_embedding": "Processed_embeddings/embeddings/image/2---A-7-Year-Old-Girl-from-Peru-With-a-Chron_2022_Clinical-Cases-in-Tropical_images.npy",
  "chunks": [
    {
      "id": 0,
      "text": "# page 1 2 a 7 - year - old girl from peru with a chronic skin ulcer dalila martínez, kristien verdonck, marleen boelaert and alejandro llanos - cuentas clinical presentation history a 7 - year - old girl who lives in the peruvian capital, lima, is brought to a local clinic because of a chronic skin lesion on",
      "type": "text"
    },
    {
      "id": 1,
      "text": "local clinic because of a chronic skin lesion on her nose. the lesion appeared 4 months ago as a small nodule and slowly turned into an ulcer. it is a bit itchy but not pain - ful. there is no history of trauma. the girl is otherwise healthy. six months ago, she travelled to a valley on the western slopes of the andes. clinical findings",
      "type": "text"
    },
    {
      "id": 2,
      "text": "on the western slopes of the andes. clinical findings the lesion is a localized ulcer on the nose fig. 2. 1. the bor - ders of the ulcer are indurated and there is a plaque - like infil - tration of the surrounding skin. the whole lesion is about 2 cm in diameter. there are no palpable lymph nodes.",
      "type": "text"
    },
    {
      "id": 3,
      "text": "there are no palpable lymph nodes. she is afebrile and the rest of the physical examination is normal. questions 1. what are your differential diagnoses? 2. how would you approach this patient? discussion a 7 - year - old peruvian girl presents with a painless ulcerative skin lesion on her nose, which has been present for the past 4 months",
      "type": "text"
    },
    {
      "id": 4,
      "text": ", which has been present for the past 4 months. there are no systemic symptoms. answer to question 1 what are your differential diagnoses? infectious diseases that can cause similar lesions in the face are cutaneous leishmaniasis, sporotrichosis, cutaneous tuber - culosis and infection by balamuthia mandrillaris, a free - living amoeba",
      "type": "text"
    },
    {
      "id": 5,
      "text": "rillaris, a free - living amoeba. although common bacterial infections of the skin that are partially treated or masked as a consequence of traditional remedies e. g. chemical burns are another possibility ; this is less likely in our case given the chronic nature of the lesion. cutaneous anthrax and tularaemia could be considered in the differential diagnosis of lesions located on",
      "type": "text"
    },
    {
      "id": 6,
      "text": "considered in the differential diagnosis of lesions located on the extremities, but the latter is endemic in the northern hemisphere only, and the long duration without any further symptoms does not fit with either infection. in addtion, cutaneous anthrax tends to present with considerable localized oedema not seen in this case. cutaneous leishmaniasis is a common, vector - borne,",
      "type": "text"
    },
    {
      "id": 7,
      "text": "maniasis is a common, vector - borne, parasitic disease that affects people living in or travelling to endemic areas. it typically begins as a small papule on air - exposed parts of the skin, progresses to a nodule or plaque and then turns into an ulcer with raised borders. the ulcer is painless unless there is bacterial superinfection. patients may have",
      "type": "text"
    },
    {
      "id": 8,
      "text": "unless there is bacterial superinfection. patients may have several lesions. sporotrichosis is caused by sporothrix schenckii, a dimor - phic fungus that is found in soil and on plants. it enters the skin through direct inoculation e. g. thorny plants or animal scratch. the disease usually starts with a papule that turns into a",
      "type": "text"
    },
    {
      "id": 9,
      "text": "usually starts with a papule that turns into a tender ulcer. lesions can spread along draining lym - phatic vessels. sporotrichosis occurs throughout the world as a sporadic disease of farmers and gardeners. this disease is hyperendemic in parts of the peruvian andes, where it often affects children and typically produces facial lesions. • fig. 2",
      "type": "text"
    },
    {
      "id": 10,
      "text": "typically produces facial lesions. • fig. 2. 1 lesion at first consultation. 4 # page 2 however, our patient did not travel to such a hyper - endemic place. cutaneous tuberculosis is an uncommon manifestation of tuberculosis. it occurs by direct inoculation of mycobacteria into the skin of non - sensitized individuals e. g. children or as a result of re",
      "type": "text"
    },
    {
      "id": 11,
      "text": ". g. children or as a result of reactivation in persons with previous immunity against mycobacteria. as our patient lives in a poor neighbour - hood with a high incidence of tuberculosis, we cannot rule out this diagnosis. not only mycobacterium tuberculosis, but also environmental mycobacteria, mycobacterium marinum and mycobacterium leprae can cause ulcerating skin lesions",
      "type": "text"
    },
    {
      "id": 12,
      "text": "prae can cause ulcerating skin lesions. b. mandrillaris is a free - living amoeba that may cause a highly fatal disease. it usually starts as a painless plaque, often after local trauma. balamuthia lesions are characterized by reddish or purplish infiltrations ; ulceration is uncommon. the most frequent location of the initial le",
      "type": "text"
    },
    {
      "id": 13,
      "text": "uncommon. the most frequent location of the initial lesion is the central face, over the nose. in a few months, it can progress to the brain causing granulomatous amoebic encephalitis. if this occurs, the survival time is usually less than 8 weeks. the most likely diagnosis in our case is cutaneous leish - maniasis, because of the frequency",
      "type": "text"
    },
    {
      "id": 14,
      "text": "leish - maniasis, because of the frequency of leishmaniasis in the val - ley our patient had travelled to and the characteristic presentation localized painless ulcer with raised edges. answer to question 2 how would you approach this patient? gently clean the lesion with water, remove the scab and take a closer look at the process underneath. a definitive diagnosis of cutaneous",
      "type": "text"
    },
    {
      "id": 15,
      "text": "the process underneath. a definitive diagnosis of cutaneous leishmaniasis requires the demonstration of the parasite through microscopic examination, culture or molec - ular techniques. the simplest approach is to scrape with a lancet under the edges of the lesion, and use the obtained material for a smear examination with giemsa staining, looking for leishmania amastigo",
      "type": "text"
    },
    {
      "id": 16,
      "text": "staining, looking for leishmania amastigotes. the sensitivity of this technique is about 7 0 %, decreasing as the duration of the lesion increases. the specificity is 1 0 0 %. culture can be done on samples obtained by fine - needle aspiration or biopsy taken from the edge of a lesion. in refer - ence centres, polymerase",
      "type": "text"
    },
    {
      "id": 17,
      "text": ". in refer - ence centres, polymerase chain reaction pcr is used to con - firm the presence of leishmania and to identify the species. the montenegro or leishmanin skin test detects delayed immune response against leishmania antigens and is some - times used as a diagnostic aid. it can be negative in early stages of the disease and cannot distinguish current from",
      "type": "text"
    },
    {
      "id": 18,
      "text": "early stages of the disease and cannot distinguish current from past infection. if leishmaniasis is ruled out, the following tests can be use - ful for the diagnosis of alternative causes of our patient ’ s lesion : smear microscopy and culture in sabouraud ’ s medium for sporotrichosis, a purified protein derivative ppd skin test for tuberculosis and",
      "type": "text"
    },
    {
      "id": 19,
      "text": "protein derivative ppd skin test for tuberculosis and, if necessary, a histo - pathological examination of a biopsy specimen. the case continued … the scab was removed revealing an ulcer with cobblestone - patterned bottom and raised edges, typical of cutaneous leishmaniasis. the microscopic examination of a sample obtained by scraping was negative. the leishman",
      "type": "text"
    },
    {
      "id": 20,
      "text": "by scraping was negative. the leishmanin skin test was positive. pcr was also positive ; and the infecting species was identified as leishmania viannia peruviana. with a definitive diagnosis of cutaneous leishmaniasis, treatment was started with intravenous sodium stibogluco - nate ssg, 2 0 mg kg day for 2 0 days which",
      "type": "text"
    },
    {
      "id": 21,
      "text": "2 0 mg kg day for 2 0 days which is the first - line treatment of choice for cutaneous leishmaniasis caused by l. v. braziliensis or l. v. peruviana in peru. in addition, the girl received topical imiquimod therapy, which was administered every other day for 2 0 days. imiquimod, is an immune",
      "type": "text"
    },
    {
      "id": 22,
      "text": "days. imiquimod, is an immune - modulating drug, which may be used as part of the therapy for facial lesions and relapses. the response after 2 0 days of treatment was good see fig. 2. 2. treatment failure occurs in almost one quarter of patients after a first course of ssg monotherapy in peruvian series, usually within 3 months.",
      "type": "text"
    },
    {
      "id": 23,
      "text": "therapy in peruvian series, usually within 3 months. follow - up is therefore recom - mended. factors linked to treatment failure include young age and short stay in endemic area as in this case as well as recent onset of disease 5 weeks, multiple lesions, and l. v. braziliensis infection not present in this case. at the third month of follow - up, our",
      "type": "text"
    },
    {
      "id": 24,
      "text": "at the third month of follow - up, our patient did not have any signs of relapse fig. 2. 3. the treatment of cutaneous leishmaniasis is challenging because ssg has a high failure rate and several side effects, including myalgia, arthralgia, loss of appetite, nausea, fever, increased levels of liver and pancreatic enzymes, reactivation of var",
      "type": "text"
    },
    {
      "id": 25,
      "text": "of liver and pancreatic enzymes, reactivation of varicella zoster virus and cardiotoxicity, which can lead to • fig. 2. 2 follow - up image after 2 0 days of treatment. • fig. 2. 3 follow - up image of the scar 3 months after the end of treatment. 5 chapter 2 a 7 - year - old girl from peru with a chronic skin",
      "type": "text"
    },
    {
      "id": 26,
      "text": "year - old girl from peru with a chronic skin ulcer # page 3 prolongation of qt - segment, severe arrhythmias and death. information about the safety of this drug in children is lim - ited. it is also unclear from the literature if there are safe and effective alternatives to ssg in children with l. v. peruvi - ana infection. this is particularly",
      "type": "text"
    },
    {
      "id": 27,
      "text": ". peruvi - ana infection. this is particularly relevant because, in endemic areas, cutaneous leishmaniasis often affects children. summary box cutaneous leishmaniasis cutaneous leishmaniasis cl is caused by protozoa of the genus leishmania. some 2 0 leishmania species are associated with human disease. cl can be anthroponotic or zoon",
      "type": "text"
    },
    {
      "id": 28,
      "text": ". cl can be anthroponotic or zoonotic reservoir : small mammals. the parasite is transmitted by sand flies of the genus lutzomyia new world and phlebotomus old world. of the estimated 1. 5 million annual cases, 9 0 % occur in afghanistan, pakistan, iran, syria, saudi arabia, algeria, brazil, colombia and peru. the incub",
      "type": "text"
    },
    {
      "id": 29,
      "text": "algeria, brazil, colombia and peru. the incubation period between sand fly bite and appearance of skin lesions ranges from weeks to months. clinical manifes - tations depend on characteristics of the parasite and the host immune response. localized cutaneous leishmaniasis is the most common form. some species of the leishmania viannia - complex can produce mucosal lesions",
      "type": "text"
    },
    {
      "id": 30,
      "text": "a - complex can produce mucosal lesions resulting in disfiguring disease. the lesions can heal spontaneously ; this is more common in old world > 5 0 % than in new world leishmaniasis < 2 0 %. the aim of treatment is to accelerate healing, reduce scarring and decrease the risk of metastasis and recurrence. topical therapy is recommended for old world",
      "type": "text"
    },
    {
      "id": 31,
      "text": "recurrence. topical therapy is recommended for old world cl and for new world cl caused by species not belonging to the leishmania viannia - complex. this topical approach consists of intralesional pentavalent antimony, paromomycin cream and or cryo - or thermotherapy. systemic therapy is indicated for cl caused by species of the leishmania vianni",
      "type": "text"
    },
    {
      "id": 32,
      "text": "caused by species of the leishmania viannia - complex, which may lead to disfiguring mucocutaneous leishmaniasis. in addition, systemic treatment should be given when lesions are extensive or when topical treatment fails. pen - tavalent antimonials are the first - line systemic treatment of choice for all new world forms except l. guyanensis, for",
      "type": "text"
    },
    {
      "id": 33,
      "text": "world forms except l. guyanensis, for which pent - amidine is recommended. miltefosine and azoles are alternatives. amphotericin b deoxycholate and liposomal amphotericin b are second - line drugs. further reading 1. boelaert m, sundar s. leishmaniasis. in : farrar j",
      "type": "text"
    },
    {
      "id": 34,
      "text": "leishmaniasis. in : farrar j, editor. manson ’ s tropical diseases. 2 3 rd ed. london : elsevier ; [ chapter 4 7 ]. 2. leishmaniasis, epidemiological situation. world health organiza - tion ; [ cited 1 8 november ]. available from : https : www. who. int leishmaniasis burden en. 3",
      "type": "text"
    },
    {
      "id": 35,
      "text": ". int leishmaniasis burden en. 3. llanos - cuentas a, tulliano g, araujo - castillo r, et al. clinical and parasite species risk factors for pentavalent antimonial treatment failure in cutaneous leishmaniasis in peru. clin infect dis ; 4 6 2 : 2 2 3 - 3 1. 4",
      "type": "text"
    },
    {
      "id": 36,
      "text": "2 : 2 2 3 - 3 1. 4. reveiz l, maia - elkhoury an, nicholls rs, et al. interventions for american cutaneous and mucocutaneous leishmaniasis : a system - atic review update. plos one ; 8 4 : e 3. 5. uribe - restrepo a, cossio a, desai mm",
      "type": "text"
    },
    {
      "id": 37,
      "text": "po a, cossio a, desai mm, dávalos d, castro mdm. interventions to treat cutaneous leishmaniasis in children : a system - atic review. plos negl trop dis ; 1 2 : e 9 8 6. 6 chapter 2 a 7 - year - old girl from peru with a chronic skin ulcer",
      "type": "text"
    }
  ],
  "images": [
    {
      "path": "Processed/images/2---A-7-Year-Old-Girl-from-Peru-With-a-Chron_2022_Clinical-Cases-in-Tropical/2---A-7-Year-Old-Girl-from-Peru-With-a-Chron_2022_Clinical-Cases-in-Tropical_p1_img1.jpeg",
      "type": "image"
    },
    {
      "path": "Processed/images/2---A-7-Year-Old-Girl-from-Peru-With-a-Chron_2022_Clinical-Cases-in-Tropical/2---A-7-Year-Old-Girl-from-Peru-With-a-Chron_2022_Clinical-Cases-in-Tropical_p2_img1.jpeg",
      "type": "image"
    },
    {
      "path": "Processed/images/2---A-7-Year-Old-Girl-from-Peru-With-a-Chron_2022_Clinical-Cases-in-Tropical/2---A-7-Year-Old-Girl-from-Peru-With-a-Chron_2022_Clinical-Cases-in-Tropical_p2_img2.jpeg",
      "type": "image"
    }
  ]
}