{
  "file": "20---A-43-Year-Old-Male-Traveller-Returning-from-M_2022_Clinical-Cases-in-Tr.md",
  "n_chunks": 30,
  "text_embedding": "Processed_embeddings/embeddings/text/20---A-43-Year-Old-Male-Traveller-Returning-from-M_2022_Clinical-Cases-in-Tr_text.npy",
  "image_embedding": "Processed_embeddings/embeddings/image/20---A-43-Year-Old-Male-Traveller-Returning-from-M_2022_Clinical-Cases-in-Tr_images.npy",
  "chunks": [
    {
      "id": 0,
      "text": "# page 1 2 0 a 4 3 - year - old male traveller returning from mozambique with fever and eosinophilia gerd - dieter burchard clinical presentation history a 4 3 - year - old german man presents to a local travel clinic on 2 1 may because of fever. he had been in mozambique from 1 6 april to 3 0 april, and travelled to chile afterwards",
      "type": "text"
    },
    {
      "id": 1,
      "text": "to 3 0 april, and travelled to chile afterwards from 3 0 april to 1 7 may. he did not take any malaria chemopro - phylaxis in mozambique and reports self - treatment for malaria with atovaquone proguanil because of fever 2 7 april to 2 9 april. he is now complaining of recurrent fever for the past 3 days. the day before presentation",
      "type": "text"
    },
    {
      "id": 2,
      "text": "for the past 3 days. the day before presentation his temperature was as high as 3 9. 8 ° c 1 0 3. 6 ° f. he also has some headache and diarrhoea. he reports freshwater contact in a small lake near maputo. his past medical history is unremarkable. clinical findings 4 3 - year - old male, febrile, with a temperature",
      "type": "text"
    },
    {
      "id": 3,
      "text": "old male, febrile, with a temperature of 3 9. 2 ° c 1 0 2. 6 ° f. the rest of the physical examination is normal and there is no rash, no hepatomegaly, no splenomegaly and no lymphadenopathy. laboratory results the relevant laboratory results on admission are shown in table 2 0. 1. further investigations",
      "type": "text"
    },
    {
      "id": 4,
      "text": "shown in table 2 0. 1. further investigations electrocardiogram is normal. chest radiography reveals some nodular lesions ranging in size from 2 to 5 mm in the periphery of the lower lung zones bilaterally fig. 2 0. 1 ; this finding is confirmed by a ct scan of his chest. table 2 0. 1 laboratory results on admission parameter patient",
      "type": "text"
    },
    {
      "id": 5,
      "text": "0. 1 laboratory results on admission parameter patient reference wbc 1 0 9 l 9. 0 4 - 1 1. 3 eosinophils 1 0 9 l 2. 1 < 0. 5 ldh u l 3 5 - 2 2 5 creatinine μmol l 8 8. 4 5 3 - 1 0 6 ast got u l 0 - 5 0 alt g",
      "type": "text"
    },
    {
      "id": 6,
      "text": "ast got u l 0 - 5 0 alt gpt u l 0 - 5 0 ggt u l 1 8 6 < 6 5 c - reactive protein mg l 5 7. 9 < 5 • fig. 2 0. 1 chest radiograph showing nodular changes in the periphery of both lungs. 5 2 # page 2 questions 1. what are your differential diagnoses and",
      "type": "text"
    },
    {
      "id": 7,
      "text": "questions 1. what are your differential diagnoses and which investiga - tions would you like to do? 2. what is the significance of eosinophilia in returning travellers? discussion a 4 3 - year - old man presents with of a 3 - day history of high fever. he has recently returned from a 5 - week trip to mozam - bique and chile.",
      "type": "text"
    },
    {
      "id": 8,
      "text": "week trip to mozam - bique and chile. he did not take any malarial chemoprophy - laxis, but he took standby emergency treatment for presumed malaria when feeling febrile about 3 weeks ago. he reports freshwater contact in mozambique. on examination he is febrile. his fbc shows eosinophilia with a normal total white cell count. his",
      "type": "text"
    },
    {
      "id": 9,
      "text": "ia with a normal total white cell count. his liver enzymes, lactate dehydrogenase ldh and c - reactive protein crp are slightly raised. chest radi - ographyandctshowsmall, nodularchangesintheperiphery of both lungs. answer to question 1 what are your differential diagnoses and which investigations would you like to do? the patient has travelled",
      "type": "text"
    },
    {
      "id": 10,
      "text": "would you like to do? the patient has travelled in mozambique without taking any antimalarial chemoprophylaxis. thus first of all malaria has to be excluded - irrespective of any other symptoms or lab - oratory results. the differential diagnosis of pyrexia in a returned traveller is long, but typhoid fever and amoebic liver abscess should always be excluded",
      "type": "text"
    },
    {
      "id": 11,
      "text": "amoebic liver abscess should always be excluded because they are common and potentially life - threatening diseases. therefore blood cultures should be taken and an abdominal ultrasound should be done. in con - trast to what was seen in this patient though, typhoid fever usually causes eosinopaenia. the further differential diagnosis of fever after a stay in tropical areas relies on the precise itinerary",
      "type": "text"
    },
    {
      "id": 12,
      "text": "a stay in tropical areas relies on the precise itinerary, the activities indulged in during travel, the presence of focal symptoms, signs and laboratory results. the patient has slightly elevated liver enzymes. the dif - ferential diagnosis of acute infections involving the liver includes viral hepatitis, including hepatitis e. ebv and cmv infections may also cause fever, elevated liver enzymes and a rise in ld",
      "type": "text"
    },
    {
      "id": 13,
      "text": "fever, elevated liver enzymes and a rise in ldh. they are important differ - entials of fever in returned travellers. however, ebv and cmv cause lymphocytosis with atypical lymphocytes, rather than eosinophilia. splenomegaly is usually part of the clinical picture of mononucleosis and lymphadenopathy, even",
      "type": "text"
    },
    {
      "id": 14,
      "text": "cleosis and lymphadenopathy, even though the latter can be less prominent in acute cmv infection. leptospirosis, rickettsioses and q - fever are bacterial infec - tions to consider, as well as brucellosis, secondary syphilis and relapsing fever. yet none of these infections as such would explain the patient ’",
      "type": "text"
    },
    {
      "id": 15,
      "text": "these infections as such would explain the patient ’ s pronounced eosinophilia. answer to question 2 what is the significance of eosinophilia in returning travellers? in any patient returning from the tropics with eosinophilia, a helminth infection should be ruled out. the most relevant differential diagnosis in this patient who presents with eosin - ophil",
      "type": "text"
    },
    {
      "id": 16,
      "text": "patient who presents with eosin - ophilia and fever reporting freshwater contact is acute schis - tosomiasis, also known as katayama syndrome. another rare cause of fever, eosinophilia and elevated liver transaminases is acute fascioliasis. the case continued … thick films for plasmodium species were negative. micros - copy of stool",
      "type": "text"
    },
    {
      "id": 17,
      "text": "species were negative. micros - copy of stool and urine samples for schistosoma eggs were three times negative. the patient was tested for antischistosomal antibodies using an enzyme - immunoassay and an immunofluorescence assay ifa ; both came back negative. four weeks later antischistosomal antibodies could be detected ifa 1 :, cercar",
      "type": "text"
    },
    {
      "id": 18,
      "text": "bodies could be detected ifa 1 :, cercarial - and egg - elisa positive. s. mansoni ova were found in the stool and a diagnosis of schistosomiasis was established. the patient was treated with praziquantel. summary box acute schistosomiasis katayama syndrome acute schistosomiasis katayama syndrome is an acute hyper - sensitivity reaction",
      "type": "text"
    },
    {
      "id": 19,
      "text": "katayama syndrome is an acute hyper - sensitivity reaction caused by newly expressed antigens on developing worms. it is named after the katayama region in japan, where it was first described. katayama syndrome usually occurs 2 to 1 2 weeks after schistosoma infection. it is characterized by fever, urticaria and a dry cough sometimes accompanied by a wheeze. patchy pul -",
      "type": "text"
    },
    {
      "id": 20,
      "text": "sometimes accompanied by a wheeze. patchy pul - monary infiltrates or micronodular changes in the lower lung zones may be present on chest radiograph. full blood count in the majority of cases shows eosinophilia, but of note, eosinophilia can occur with a delay of several weeks after the onset of • fig. 2 0. 2 schisto",
      "type": "text"
    },
    {
      "id": 21,
      "text": "of • fig. 2 0. 2 schistosoma mansoni egg. 5 3 chapter 2 0 a 4 3 - year - old male traveller returning from mozambique with fever and eosinophilia # page 3 symptoms and may be missed. most patients recover sponta - neously after 2 to 1 0 weeks. rarely, neurological complications can occur, e. g. transverse",
      "type": "text"
    },
    {
      "id": 22,
      "text": "complications can occur, e. g. transverse myelitis, conus medullaris or cauda equina syndrome. diagnosis of acute schistosomiasis can be challenging. schistosoma ova fig. 2 0. 2 may still be absent from urine or stool at this early stage and serological tests can take up to 3 months to become positive. as a consequence",
      "type": "text"
    },
    {
      "id": 23,
      "text": "to 3 months to become positive. as a consequence, these investigations have to be repeated several times after the diagnosis has been clinically suspected. pcr - based methods are promising for the diagnosis of acute schistosoma infection in recently primarily exposed populations such as travellers. praziquantel has a lack of activity against immature flukes and severe reactions have been reported after praziquantel treatment",
      "type": "text"
    },
    {
      "id": 24,
      "text": "reactions have been reported after praziquantel treatment during the acute phase. therefore antiparasitic treatment should be delayed until the flukes are adult, i. e. until eggs can be detected in stool or urine. under certain circumstances, such as severe symptoms and in particular neurological complications, supportive steroid ther - apy may be useful in katayama syndrome. of note, different",
      "type": "text"
    },
    {
      "id": 25,
      "text": "useful in katayama syndrome. of note, different stages of the parasite life cycle may overlap in a patient who is infected with many schistosomules. therefore control examinations after several months are necessary and treatment with praziquantel may have to be repeated. further reading 1. bustinduy al, king ch. schistosomiasis. in : farrar",
      "type": "text"
    },
    {
      "id": 26,
      "text": "schistosomiasis. in : farrar j, editor. manson ’ s tropical diseases. 2 3 rd ed. london : elsevier ; [ chapter 5 2 ]. 2. langenberg mcc, hoogerwerf ma, janse jj, et al. katayama syn - drome without schistosoma mansoni eggs. ann intern med ; 1 7 0 1 0",
      "type": "text"
    },
    {
      "id": 27,
      "text": ". ann intern med ; 1 7 0 1 0 : 7 3 2 - 3. 3. checkley am, chiodini pl, dockrell dh, et al. eosinophilia in returning travellers and migrants from the tropics : uk recommen - dations for investigation and initial management. j infect ; 6 0 1 : 1 - 2 0. 4. logan",
      "type": "text"
    },
    {
      "id": 28,
      "text": "1 : 1 - 2 0. 4. logan s, armstrong m, moore e, et al. acute schistosomiasis in travelers : 1 4 years ’ experience at the hospital for tropical diseases, london. am j trop med hyg ; 8 8 6 : 4. 5. bonneford s, cnops l, duvignaud a, et",
      "type": "text"
    },
    {
      "id": 29,
      "text": "ps l, duvignaud a, et al. early complicated schistosomiasis in a returning traveller : key contribution of new molecular diagnostic methods. intern j inf dis ; 7 9 : 7 2 - 4. 5 4 chapter 2 0 a 4 3 - year - old male traveller returning from mozambique with fever and eosinophilia",
      "type": "text"
    }
  ],
  "images": [
    {
      "path": "Processed/images/20---A-43-Year-Old-Male-Traveller-Returning-from-M_2022_Clinical-Cases-in-Tr/20---A-43-Year-Old-Male-Traveller-Returning-from-M_2022_Clinical-Cases-in-Tr_p1_img1.jpeg",
      "type": "image"
    },
    {
      "path": "Processed/images/20---A-43-Year-Old-Male-Traveller-Returning-from-M_2022_Clinical-Cases-in-Tr/20---A-43-Year-Old-Male-Traveller-Returning-from-M_2022_Clinical-Cases-in-Tr_p2_img1.jpeg",
      "type": "image"
    }
  ]
}