{
  "file": "21---A-35-Year-Old-American-Man-With-Fatigue-_2022_Clinical-Cases-in-Tropica.md",
  "n_chunks": 34,
  "text_embedding": "Processed_embeddings/embeddings/text/21---A-35-Year-Old-American-Man-With-Fatigue-_2022_Clinical-Cases-in-Tropica_text.npy",
  "image_embedding": "Processed_embeddings/embeddings/image/21---A-35-Year-Old-American-Man-With-Fatigue-_2022_Clinical-Cases-in-Tropica_images.npy",
  "chunks": [
    {
      "id": 0,
      "text": "# page 1 2 1 a 3 5 - year - old american man with fatigue and a neck lesion mary e. wright and arthur m. friedlander clinical presentation history a 3 5 - year - old caucasian male presents to a clinic in the united states with fatigue and a rash on his neck that started as a papule 2 days earlier. the lesion is non -",
      "type": "text"
    },
    {
      "id": 1,
      "text": "2 days earlier. the lesion is non - pruritic, but it is associated with significant non - painful swelling and a pres - sure sensation in the neck. there is no history of fever, but the patient reports at least one episode of diaphoresis with mild confusion and headache. the patient recalls a break in the skin at the site of the lesion 3 days",
      "type": "text"
    },
    {
      "id": 2,
      "text": "skin at the site of the lesion 3 days before while shaving and is sure that he has not been bitten by an insect. he has had no contact with animals and no foreign travel within the previous year. he had come to the clinic 2 4 hours earlier with similar symptoms. after blood cultures were obtained, he was given one dose of a first - generation cephalosporin",
      "type": "text"
    },
    {
      "id": 3,
      "text": "dose of a first - generation cephalosporin and discharged on a ten - day oral course. he returns because of worsening malaise and neck swelling associated with mild difficulty breathing. the past medical history is unremarkable. the patient is a postal worker by profession. clinical findings examination reveals a 2 cm irregularly shaped, indurated non - tender patch on the left anter",
      "type": "text"
    },
    {
      "id": 4,
      "text": "durated non - tender patch on the left anterior neck with mild overly - ing erythema and several 2 to 3 mm vesicles. the main lesion has a 6 mm shallow ulceration. there is massive neck oedema making lymph nodes difficult to assess see fig. 2 1. 1. his neck circumference had increased from 5 7 cm at baseline to",
      "type": "text"
    },
    {
      "id": 5,
      "text": "ference had increased from 5 7 cm at baseline to a peak of 8 1 cm. temperature is 3 6. 9 ° c 9 8. 4 ° f, pulse 1 1 8 bpm, blood pressure 1 3 8 9 0 mmhg and respiratory rate 2 0 breath cycles per minute. the remainder of the initial physical examination is normal. investigations full blood count, na +, k +, cl",
      "type": "text"
    },
    {
      "id": 6,
      "text": "investigations full blood count, na +, k +, cl hco 3, bun, creatinine and random glucose are normal except for a mildly elevated hae - moglobin at 1 8. 7 g dl reference range : 1 3. 0 - 1 8. 0 g dl. questions 1. what are the distinguishing features of this lesion that help narrow down your differential diagnosis?",
      "type": "text"
    },
    {
      "id": 7,
      "text": "lesion that help narrow down your differential diagnosis? 2. what investigations need to be performed to establish early diagnosis and appropriate treatment? discussion a 3 5 - year - old male postal worker presents to a clinic in the united states with a papulovesicular lesion on his neck asso - ciated with massive neck swelling. there is no fever but dia - phoresis is",
      "type": "text"
    },
    {
      "id": 8,
      "text": "is no fever but dia - phoresis is present. the patient ’ s condition is worsening despite antibiotic therapy with an oral cephalosporin. • fig. 2 1. 1 papulovesicular lesion with extensive neck oedema 2 days after the onset of a small papule. 5 5 # page 2 answer to question 1 what are the distinguishing features",
      "type": "text"
    },
    {
      "id": 9,
      "text": "answer to question 1 what are the distinguishing features of this lesion that help narrow down your differential diagnosis? the differential diagnosis of an ulcerative skin lesion with concomitant massive soft tissue swelling and systemic symp - toms depends on the epidemiological setting and the individ - ual exposure ; it includes bacterial ecthyma streptococcus pyogenes, stap",
      "type": "text"
    },
    {
      "id": 10,
      "text": "ma streptococcus pyogenes, staphylococcus aureus, rickettsial diseases, necrotic arachnidism bite by brown recluse spider, rat - bite fevers streptococcus moniliformis and spirillum minus, ulcero - glandular tularaemia and bubonic plague. at the time of",
      "type": "text"
    },
    {
      "id": 11,
      "text": "and bubonic plague. at the time of the patient ’ s presentation, the united states was in the process of investigating a possible event of bioter - rorism. therefore the most important, though overall rare, diagnosis to consider was cutaneous anthrax. there may be few distinguishing features at the time of presentation, depending on the age of the lesion. although",
      "type": "text"
    },
    {
      "id": 12,
      "text": "depending on the age of the lesion. although it is commonly known that cutaneous anthrax is manifested by a central black eschar, this is not seen until approximately a week after inoculation. the anthrax lesion begins as a pain - less papule that lasts 1 to 2 days before becoming a vesicle that later ruptures. it then develops the classic",
      "type": "text"
    },
    {
      "id": 13,
      "text": "that later ruptures. it then develops the classic necrotic cen - tral ulcer and may be surrounded by smaller peripheral ves - icles. therefore a patient may present with a non - specific localized papulovesicular eruption. key associated findings include a preceding history of a break in the skin at the affected site, the presence of systemic symptoms such as mal - aise",
      "type": "text"
    },
    {
      "id": 14,
      "text": "the presence of systemic symptoms such as mal - aise and headache and extensive, non - tender oedema. fever and leukocytosis may not be present. in parts of the world where anthrax is endemic, zoonotic exposure to infected ani - mals or contaminated animal products is important to estab - lish, whereas exposure from a bioterrorism act may not be immediately apparent.",
      "type": "text"
    },
    {
      "id": 15,
      "text": "a bioterrorism act may not be immediately apparent. answer to question 2 what investigations need to be performed to establish early diagnosis and appropriate treatment? aspirate of fluid from the skin lesion should be sent for gram stain, culture and susceptibilities along with blood cultures in patients with systemic symptoms regardless of fever status. in the absence of preceding antimicrobial therapy, numerous gram - positive",
      "type": "text"
    },
    {
      "id": 16,
      "text": "preceding antimicrobial therapy, numerous gram - positive rods in high concentration will grow within 2 4 hours. empirical antibacterial treatment with a quinolone or doxycycline should be instituted while awaiting microbi - ological results. because negative cultures do not exclude anthrax, full - thickness punch biopsy from the vesicle and the eschar should be obtained, fixed",
      "type": "text"
    },
    {
      "id": 17,
      "text": "le and the eschar should be obtained, fixed in 1 0 % buffered forma - lin and sent to a specialized laboratory for nucleic acid ampli - fication and immunohistochemical ihc staining to detect bacillus anthracis antigens. serum should also be tested for antibodies to the protective antigen at baseline and 4 weeks later. the case continued … blood",
      "type": "text"
    },
    {
      "id": 18,
      "text": "and 4 weeks later. the case continued … blood cultures taken at the first clinic visit grew gram - positive rods. gram stain and culture of the skin lesion obtained at the second visit were negative for b. anthracis. the patient was admitted and received intravenous levoflox - acin and ampicillin - sulbactam and recovered. stains for bacteria and",
      "type": "text"
    },
    {
      "id": 19,
      "text": "sulbactam and recovered. stains for bacteria and ihc of the skin biopsy performed at a reference laboratory showed abundant bacilli in the dermis and the presence of b. anthracis antigens, respectively. serology revealed that antibody to protective antigen was present in convalescent serum. the patient was exposed during his occupation as a postal worker, handling contaminated",
      "type": "text"
    },
    {
      "id": 20,
      "text": "during his occupation as a postal worker, handling contaminated mail. overall, 2 2 cases were identified, of which 1 1 presented with cutaneous anthrax, and a further 1 1 fell ill with the inhalational form. five peo - ple died ; all deaths occurred secondary to inhalational anthrax. summary box anthrax anthrax is caused by b. anthracis,",
      "type": "text"
    },
    {
      "id": 21,
      "text": "is caused by b. anthracis, a gram - positive rod that forms spores under certain environmental conditions. it is primarily a zoonotic disease affecting domestic and wild herbivores. anthrax remains endemic in animals worldwide, most importantly in asia, africa and south - eastern australia, as well as parts of the southern and western united states. humans usually acquire the",
      "type": "text"
    },
    {
      "id": 22,
      "text": "southern and western united states. humans usually acquire the infection when they are exposed to infected animals or animal products, but anthrax has also been used as an agent of bioterrorism. in the developed world, cases usually tend to be sporadic. in resource - limited countries anthrax remains a relevant public health problem and large outbreaks can occasionally occur. depending on the route of entry,",
      "type": "text"
    },
    {
      "id": 23,
      "text": "occasionally occur. depending on the route of entry, b. anthracis can cause cutaneous, gastrointestinal or inhalational disease. cutaneous anthrax is the most common form worldwide, accounting for 9 5 % of all human cases. although only a small percentage develop systemic disease, it can be lethal if not treated quickly. the clinical marker lesion is a painless central",
      "type": "text"
    },
    {
      "id": 24,
      "text": "the clinical marker lesion is a painless central ulcer with ves - icles and extensive surrounding oedema, but the initial lesion will appear as a non - specific papulovesicular eruption. history includes recent exposure to infected animals or con - taminated animal products, unless the setting is a bioterrorism event, a previous break in the skin at the affected site and",
      "type": "text"
    },
    {
      "id": 25,
      "text": "previous break in the skin at the affected site and the presence of systemic symptoms in disseminated disease. a high index of suspicion is critical to the diagnosis. differential diagnosis of cutaneous anthrax depends on the setting and the individual exposures ; it includes bacterial ecthyma, rickettsial diseases, rat - bite fevers, necrotic arachnidism, ulcerog",
      "type": "text"
    },
    {
      "id": 26,
      "text": "necrotic arachnidism, ulceroglandular tularaemia and bubonic plague. gram stain and culture of affected fluids blood, skin lesion aspirate, pleural fluid and paired serological testing for antibodies to protective antigen remain the cornerstone of diagnosis. however, negative cultures do not exclude anthrax. in cutaneous anthrax, full - thickness",
      "type": "text"
    },
    {
      "id": 27,
      "text": ". in cutaneous anthrax, full - thickness punch biopsy from the vesicle and eschar should be fixed and sent to a specialized laboratory for pcr and immunohistochemical staining. empirical antibacterial treatment with a quinolone or doxycycline should be instituted while awaiting results for limited cutaneous infection. when dissemi - nated infection or other forms",
      "type": "text"
    },
    {
      "id": 28,
      "text": "when dissemi - nated infection or other forms of anthrax are suspected, multi - drug therapy that includes those with cns penetration should be used. 5 6 chapter 2 1 a 3 5 - year - old american man with fatigue and a neck lesion # page 3 although 7 to 1 0 days of antibiotic treatment are usually suf - ficient in cutaneous anthrax,",
      "type": "text"
    },
    {
      "id": 29,
      "text": "- ficient in cutaneous anthrax, up to 6 0 days of antibiotics are needed in inhalational disease because of the possibility of retained ungerminated spores in the lungs. prevention of anthrax involves either prevention of exposure in occupational settings or immunization. in the setting of a suspected bioterrorism event, those at risk of exposure should receive a 6 0 - day course",
      "type": "text"
    },
    {
      "id": 30,
      "text": "of exposure should receive a 6 0 - day course of postexposure prophylaxis with oral antibiotics. further reading 1. eitzen e. anthrax. in : farrar j, editor. manson ’ s tropical diseases. 2 3 rd ed. london : elsevier ; [ chapter 3 1 ]. 2. carlson cj, kracalik it, ross n, et",
      "type": "text"
    },
    {
      "id": 31,
      "text": ", kracalik it, ross n, et al. the global distribution of bacillus anthracis and associated anthrax risk to humans, livestock and wildlife. nat microbiol ; 4 : 4 3. 3. gold h. anthrax : a report of one hundred seventeen cases. ama arch intern med ; 9 6 3 : 3 8 7 - 9 6. 4",
      "type": "text"
    },
    {
      "id": 32,
      "text": "3 : 3 8 7 - 9 6. 4. shieh wj, guarner j, paddock c, et al. the critical role of pathology in the investigation of bioterrorism - related cutaneous anthrax. am j pathol ; 1 6 3 5 : 1 0. 5. hendricks ka, wright me, shadomy sv, et al. centers for disease control and prevention",
      "type": "text"
    },
    {
      "id": 33,
      "text": ", et al. centers for disease control and prevention expert panel meetings on prevention and treatment of anthrax in adults. emerg infect dis ; 2 0 2. https : doi. org 1 0. eid. 8 7. 5 7 chapter 2 1 a 3 5 - year - old american man with fatigue and a neck lesion",
      "type": "text"
    }
  ],
  "images": [
    {
      "path": "Processed/images/21---A-35-Year-Old-American-Man-With-Fatigue-_2022_Clinical-Cases-in-Tropica/21---A-35-Year-Old-American-Man-With-Fatigue-_2022_Clinical-Cases-in-Tropica_p1_img1.jpeg",
      "type": "image"
    }
  ]
}