{
  "file": "22---32-Year-Old-Woman-from-Nigeria-With-Jaund_2022_Clinical-Cases-in-Tropic.md",
  "n_chunks": 23,
  "text_embedding": "Processed_embeddings/embeddings/text/22---32-Year-Old-Woman-from-Nigeria-With-Jaund_2022_Clinical-Cases-in-Tropic_text.npy",
  "image_embedding": "Processed_embeddings/embeddings/image/22---32-Year-Old-Woman-from-Nigeria-With-Jaund_2022_Clinical-Cases-in-Tropic_images.npy",
  "chunks": [
    {
      "id": 0,
      "text": "# page 2 - year - old woman from nigeria with jaundice and confusion christopher j. m. whitty clinical presentation history a 3 2 - year - old, previously fit woman of african descent born in europe, travelled to rural jos in nigeria to visit relatives. according to her husband, 1 8 days after her return to europe she developed a fever, and 3 days later became",
      "type": "text"
    },
    {
      "id": 1,
      "text": "she developed a fever, and 3 days later became very unwell with abnormal behaviour. clinical findings on examination she has a temperature of 3 7. 5 ° c 9 9. 5 ° f, is mildly jaundiced and confused ; her glasgow coma scale is 1 4 1 5. she has no rash or palpable lymph nodes, and throat and sclerae are",
      "type": "text"
    },
    {
      "id": 2,
      "text": "mph nodes, and throat and sclerae are not injected. she has some fine crepitations at the lung bases. laboratory results thelaboratoryrefusestoundertaketestsbecauseofrecentrural exposure in an area known to have viral haemorrhagic fever lassa. questions 1. what is the differential diagnosis? 2. is viral haemorrhagic",
      "type": "text"
    },
    {
      "id": 3,
      "text": "differential diagnosis? 2. is viral haemorrhagic fever vhf a real risk, and which single test is the most important? discussion a young womanpresents with a fever, jaundice and confusion almost 3 weeks after returning from a visit to rural nigeria. the patient is of african ethnicity but was born in europe. answer to question 1 what is the differential diagnosis? the differential diagnosis",
      "type": "text"
    },
    {
      "id": 4,
      "text": "1 what is the differential diagnosis? the differential diagnosis is wide, but by some distance the most common cause of fever and jaundice or fever and con - fusion in west africa is severe falciparum malaria. the fact that the patient had a low - grade fever at presentation is not a reason to exclude malaria, because the temperature swings in malaria and a significant proportion of cases",
      "type": "text"
    },
    {
      "id": 5,
      "text": "temperature swings in malaria and a significant proportion of cases are apyrexial at presentation. a common misdiagnosis is acute viral hepatitis ; there, fever precedes the jaundice, and this rapid fulminant course would not be typical. other causes of acute fever and jaundice include typhoid fever, leptospirosis and ascending cholangitis. patients with advanced",
      "type": "text"
    },
    {
      "id": 6,
      "text": "and ascending cholangitis. patients with advanced hiv disease and gram - negative sepsis can also present like this. people returning from visiting friends and relatives consti - tutealarge proportionof importedmalaria andare athigh risk of not taking antimalarial prophylaxis. a woman born in europe would be unlikely to have any immunity to malaria. answer",
      "type": "text"
    },
    {
      "id": 7,
      "text": "be unlikely to have any immunity to malaria. answer to question 2 is viral haemorrhagic fever vhf a real risk, and which single test is most important? the laboratory is right to raise vhf as a possible diagnosis, but vhf is very rare and 1 8 days or more since leaving the high - risk area is on the outer limit of the incubation period of la",
      "type": "text"
    },
    {
      "id": 8,
      "text": "the outer limit of the incubation period of lassa fever and other vhf generally up to 2 1 days. the absence of injected sclerae or rash is also against the diagno - sis. a malaria blood film would be mandatory in this case. if it is positive, the woman could be treated as malaria and other tests taken with standard universal precautions. the case continued",
      "type": "text"
    },
    {
      "id": 9,
      "text": "tests taken with standard universal precautions. the case continued … the patient was found to have a plasmodium falciparum par - asite count of 1 8 % and a plasma creatinine of 4 3 0 μmol l reference range 4 5 - 9 0 μmol l, demonstrating acute kid - ney injury. urine output failed to respond to fluid chal - leng",
      "type": "text"
    },
    {
      "id": 10,
      "text": "urine output failed to respond to fluid chal - lenges, therefore pre - renal failure could be ruled out. she was treated with intravenous artesunate and the parasite count dropped to 5 % but she lapsed into deep coma. renal function deteriorated and she needed haemofiltration. after the parasites had cleared on day 5, her consciousness level began to improve, but she",
      "type": "text"
    },
    {
      "id": 11,
      "text": ", her consciousness level began to improve, but she developed laboured breathing. the chest radiography findings were suggestive of ards, and she required prolonged respiratory support. she eventu - ally made a full recovery. 5 8 # page 2 > 7 0 % 0 % unstable transmission risk free pfpr 2 - 1 0 > 7 % 0 % unstable transmission unstable transmission and high duffy negativity",
      "type": "text"
    },
    {
      "id": 12,
      "text": "0 % unstable transmission unstable transmission and high duffy negativity risk free pvpr 1 - 9 9 • fig. 2 2. 1 global distribution of plasmodium falciparum and plasmodium vivax malaria. upper panel shows the model - based geostatistical point mbg estimates of the plasmodium falciparum annual mean parasite rate pfpr 2 - 1 0 defined",
      "type": "text"
    },
    {
      "id": 13,
      "text": "mean parasite rate pfpr 2 - 1 0 defined as the predicted proportion of 2 - 1 0 - year - olds with patent parasitaemia for within the spa - tial limits of stable p. falciparum malaria transmission. lower panel shows equivalent estimates of the plasmodium vivax annual mean parasite rate pvpr 1 - 9 9. note this prediction is for all",
      "type": "text"
    },
    {
      "id": 14,
      "text": "- 9 9. note this prediction is for all age groups 1 - 9 9. areas in which the duffy negativity gene frequency is predicted to exceed 9 0 % are shown in hatching. reproduced from farrar, j. et al.,. manson ’ s tropical diseases, 2 3 rd ed. elsevier, london. fig. 4 3. 1. 5 9 chapter",
      "type": "text"
    },
    {
      "id": 15,
      "text": "fig. 4 3. 1. 5 9 chapter year - old woman from nigeria with jaundice and confusion # page 3 summary box malaria malaria is the most common life - threatening infection in patients who have recently arrived from africa. it is also common, but much less so, from south and south - east asia fig. 2 2. 1. a history of fever is usual in",
      "type": "text"
    },
    {
      "id": 16,
      "text": ". 1. a history of fever is usual in non - immune patients, but other features of the presentation are non - specific and overlap with many other infections, with headache and malaise. malaria should always be high on the list of differential diagnoses for any unwell patient from the tropics, because there are many misleading presentations. the only way to exclude malaria is a malaria blood",
      "type": "text"
    },
    {
      "id": 17,
      "text": "the only way to exclude malaria is a malaria blood test. diagnosed early before complications begin, falciparum malaria is relatively easily treated with antimalarial drug combinations. in patients with severe malaria, artesunate is the drug of choice ; if this is not available locally, artemether or quinine are the alternatives. in adults, cerebral malaria for practical purposes altered consciousness",
      "type": "text"
    },
    {
      "id": 18,
      "text": "in adults, cerebral malaria for practical purposes altered consciousness, seizures, acute renal failure and pulmonary oedema or ards are the most common manifestations of severity, and may occur together or in any combination. renal failure, and in particular ards, often presents later in treatment, and may first become apparent after all parasites have cleared. disseminated intravascular coagulation and shock often with",
      "type": "text"
    },
    {
      "id": 19,
      "text": "ated intravascular coagulation and shock often with co - existing bacteraemia are rare complications. elderly patients have a high mortality. various adjunctive treatments for malaria complications have been tried but to date none shows survival advantage. the key to malaria management is to diagnose it early and get effective antimalarial drugs into the patient as soon as possible. further reading 1. white nj",
      "type": "text"
    },
    {
      "id": 20,
      "text": "soon as possible. further reading 1. white nj. malaria. in : farrar j, editor. manson ’ s tropical diaseses. 2 3 rd ed. london : elsevier ; [ chapter 4 3 ]. 2. checkley am, smith a, smith v, et al. risk factors for mortality from imported falciparum malaria in the united kingdom over 2",
      "type": "text"
    },
    {
      "id": 21,
      "text": "ciparum malaria in the united kingdom over 2 0 years : an observational study. bmj ; 3 4 4 : e. 3. who global malaria programme. management of severe malaria - a practical handbook. 3 rd ed. geneva : who ;. 4. ashley ea, phyo ap, woodrow cj. malaria. lancet ; 3 9 1 : 2 1.",
      "type": "text"
    },
    {
      "id": 22,
      "text": "lancet ; 3 9 1 : 2 1. 6 0 chapter year - old woman from nigeria with jaundice and confusion",
      "type": "text"
    }
  ],
  "images": []
}