{
  "file": "23---A-31-Year-Old-HIV-Positive-Business-Traveller-W_2022_Clinical-Cases-in-.md",
  "n_chunks": 41,
  "text_embedding": "Processed_embeddings/embeddings/text/23---A-31-Year-Old-HIV-Positive-Business-Traveller-W_2022_Clinical-Cases-in-_text.npy",
  "image_embedding": "Processed_embeddings/embeddings/image/23---A-31-Year-Old-HIV-Positive-Business-Traveller-W_2022_Clinical-Cases-in-_images.npy",
  "chunks": [
    {
      "id": 0,
      "text": "# page 1 2 3 a 3 1 - year - old hiv - positive business traveller with cough, shortness of breath and night sweats robert f. miller clinical presentation history a 3 1 - year - old hiv - positive man presents to the emer - gency department of a london hospital. he has a 6 - week history of increasing shortness of breath on exertion, dry cough,",
      "type": "text"
    },
    {
      "id": 1,
      "text": "ness of breath on exertion, dry cough, and drenching night sweats. he also reports general fatigue and a weight loss of about 1 0 kg over the past 5 months. he travels extensively for business and in the past 6 months has had work trips to europe, china, korea, japan, singapore and the united states. he lives with his male part - ner, denies any",
      "type": "text"
    },
    {
      "id": 2,
      "text": "lives with his male part - ner, denies any recreational drug use and has never smoked tobacco. he was diagnosed with hiv 6 years ago. he says that 1 month ago his cd 4 was 2 8 0 μl. he is not yet on anti - retroviral therapy art, nor on co - trimoxazole prophylaxis or any other regular medications. there",
      "type": "text"
    },
    {
      "id": 3,
      "text": "phylaxis or any other regular medications. there is no other signifi - cant past medical history. clinical findings he is alert, short of breath at rest but able to complete full sentences. temperature 3 9. 2 ° c 1 0 2. 6 ° f, blood pressure 1 2 0 7 0 mmhg, pulse 1 0 0 bpm, respiratory rate 2 6 breaths per",
      "type": "text"
    },
    {
      "id": 4,
      "text": "0 bpm, respiratory rate 2 6 breaths per minute, so 2 8 7 % on air, and 9 7 % on 1 5 l o 2. chest is clear on auscultation. the rest of the physical examination is unremarkable. laboratory results his arterial blood gases on air are shown in table 2 3. 1. his fbc is normal. crp is 6",
      "type": "text"
    },
    {
      "id": 5,
      "text": "his fbc is normal. crp is 6. 7 mg dl < 5. creatinine, urea, bilirubin, alt, ap and albumin are normal. cd μl, hiv viral load 0 0 0 copies ml fully sensitive on resistance testing. chest radiography his chest radiograph is shown in figure 2 3. 1. table 2 3.",
      "type": "text"
    },
    {
      "id": 6,
      "text": "figure 2 3. 1. table 2 3. 1 arterial blood gases on ambient air parameter patient reference range ph 7. 4 4 7. 3 5 - 7. 4 5 pao 2 kpa 7. 6 1 0. 6 7 - 1 3. 3 3 paco 2 kpa 3 4. 6 7 - 6. 0 0 hco 3 mmol l 2 6 base excess",
      "type": "text"
    },
    {
      "id": 7,
      "text": "hco 3 mmol l 2 6 base excess mmol l - 3. 8 2 lactate mmol l 1. 6 0. 5 - 1. 6 • fig. 2 3. 1 chest radiograph on admission, showing bilateral perihilar infiltrates. 6 1 # page 2 questions 1. what further investigations would you perform in order to confirm the diagnosis? 2.",
      "type": "text"
    },
    {
      "id": 8,
      "text": "perform in order to confirm the diagnosis? 2. what is your immediate management of the patient? discussion an hiv - positive man who is not yet on art presents with progressive shortness of breath, dry cough and drenching night sweats, with associated significant weight loss. he has a history of extensive work - related travel. he is febrile with type 1 respiratory failure and bilateral peri",
      "type": "text"
    },
    {
      "id": 9,
      "text": "brile with type 1 respiratory failure and bilateral perihilar infil - trates seen on chest radiography. routine laboratory tests are normal, except for a very slightly elevated crp, his cd 4 - count is low. answer to question 1 what further investigations would you perform to confirm the diagnosis? pneumocystis pneumonia pcp should be high up in the dif - fe",
      "type": "text"
    },
    {
      "id": 10,
      "text": "p should be high up in the dif - ferential of any art - naïve, hiv - positive patient with a low cd 4 count, who presents with progressive shortness of breath on exertion and dry cough, with patchy perihilar infil - trates on the chest radiograph. tuberculosis, atypical bacte - rial pneumonia, cryptococcosis or hi",
      "type": "text"
    },
    {
      "id": 11,
      "text": "- rial pneumonia, cryptococcosis or histoplasmosis should also be considered. serum 1, 3 β - d - glucan β - glucan is fre - quently elevated in patients with pcp. although the β - glucan assay has a high sensitivity for pcp, the specificity of an elevated β - glucan for",
      "type": "text"
    },
    {
      "id": 12,
      "text": "ity of an elevated β - glucan for pcp diagnosis is low because other fungal infections, such as histoplasmosis, some drugs including amoxicillin - clavulanate or piperacillin - tazobactam, and cellulose membranes used for haemodialysis can elevate β - glucan levels. bronchoscopy and immunoflu",
      "type": "text"
    },
    {
      "id": 13,
      "text": "can levels. bronchoscopy and immunofluorescence or grocott methenamine silver staining of bronchoalveolar lavage bal specimens are the diagnostic tests of choice. ziehl - neelsen staining of the bal fluid for acid - fast bacilli afb should also be requested. similar staining of induced sputum is a less sensitive alternative. polymerase chain reaction",
      "type": "text"
    },
    {
      "id": 14,
      "text": "a less sensitive alternative. polymerase chain reaction pcr is highly sensitive and specific for detecting pneumocystis in bal fluid or induced sputum. however, pcr cannot reliably distinguish colonization from active dis - ease, although higher organism loads, as determined by quantitative pcr, likely represent clinically significant dis - ease. cd 4 count should be requested as well. answer to",
      "type": "text"
    },
    {
      "id": 15,
      "text": "4 count should be requested as well. answer to question 2 what is your immediate management of the patient? correction of hypoxia aiming for oxygen saturation greater than 9 5 % is top priority. some patients will require cpap or ventilatory support in addition to oxygen therapy. high - dose co - trimoxazole is first - line treatment for pcp ; this may be",
      "type": "text"
    },
    {
      "id": 16,
      "text": "- line treatment for pcp ; this may be given iv in severe respiratory failure or if the patient is unable to tolerate oral therapy. in moderate to severe pcp table 2 3. 2 corticosteroids should be added. standard starting dose is prednisolone 4 0 mg bid or methyl - prednisolone 3 0 mg bid, iv if unable to tolerate po",
      "type": "text"
    },
    {
      "id": 17,
      "text": "0 mg bid, iv if unable to tolerate po. the case continued … the patient was treated with high - flow oxygen and started on high - dose co - trimoxazole plus prednisolone combined with a proton - pump inhibitor. his tachycardia settled with reversal of his hypoxia and he remainedotherwise stable. in view of his multiple",
      "type": "text"
    },
    {
      "id": 18,
      "text": "dotherwise stable. in view of his multiple recent long - haul flights a computed tomography ct - pulmonary angiogram was performed to rule out pul - monary embolism fig. 2 3. 2. this showed extensive “ ground - glass ” infiltrates in bothlungs, especially in thelower lobes, but no evidence of pulmonary emboli or cav",
      "type": "text"
    },
    {
      "id": 19,
      "text": ", but no evidence of pulmonary emboli or cavitations. serum β - glucan was > 5 0 0 pg ml < 8 0 pg ml. bronchoscopy was macroscopically normal. grocott staining of bal fluid revealed pneumocystis jirovecii cystic forms, and pcr was strongly positive for p. jirovecii dna. oxygen was gradually",
      "type": "text"
    },
    {
      "id": 20,
      "text": ". jirovecii dna. oxygen was gradually weaned and the patient was dis - charged on oral co - trimoxazole to complete a 2 1 - day total course. ten days into pcp treatment, the patient commenced antiretroviral therapy with tenofovir, emtricitabine and table 2 3. 2 grading of severity of pneumo",
      "type": "text"
    },
    {
      "id": 21,
      "text": "3. 2 grading of severity of pneumocystis pneumonia mild moderate severe clinical features increasing exertional dyspnoea cough and sweats dyspnoea on minimal exertion, occasional dyspnoea at rest, fever sweats dyspnoea at rest, tachypnoea at rest, persistent fever, cough arterial blood gas room air pao 2 normal, sao",
      "type": "text"
    },
    {
      "id": 22,
      "text": "ial blood gas room air pao 2 normal, sao 2 falling on exercise pao 2 ¼ 8. 1 - 1 1 kpa pao 2 < 8. 0 kpa chest radiography normal or minor perihilar infiltrates diffuse interstitial shadowing extensive interstitial shadowing diffuse alveolar shadowing ‘ white out ’, sparing costophrenic",
      "type": "text"
    },
    {
      "id": 23,
      "text": "’, sparing costophrenic angles and apices source : farrar, j. et al.,. pneumocystis jirovecii infection, in : farrar, j., ed. manson ’ s tropical diseases, 2 3 rd ed. elsevier, london. ch. 3 9. 6 2 chapter 2 3 a 3 1 - year -",
      "type": "text"
    },
    {
      "id": 24,
      "text": "2 chapter 2 3 a 3 1 - year - old hiv - positive business traveller with cough, shortness of breath and night sweats # page 3 efavirenz. twoweeksintopcptreatment, hedevelopedawide - spread pruritic maculopapular rash most likely attributable to either co - trimoxazole or efavirenz.",
      "type": "text"
    },
    {
      "id": 25,
      "text": "xazole or efavirenz. as a result, co - trimoxazole was changed to clindamycin and primaquine for the final week of treatment and efavirenz was replaced by a boosted protease inhibitor. after completing pcp treatment, he was started on dapsone and pyrimethamine for secondary prophylax",
      "type": "text"
    },
    {
      "id": 26,
      "text": "pyrimethamine for secondary prophylaxis. summary box pneumocystis pneumonia pcp p. jirovecii, a fungus found worldwide, causes pneumocystis pneumonia pcp in immunocompromised individuals. classic symptoms are sub - acute onset of malaise, non - productive cough and progressive exertional dyspnoea ; fever may also be present. on",
      "type": "text"
    },
    {
      "id": 27,
      "text": "noea ; fever may also be present. on examination, desaturation on exertion is the classic sign ; this is a useful clinical test in resource - limited settings because it is easy to perform using a simple pulse oximeter. the chest is often clear on auscultation. complications include respiratory failure and pneumothorax. without treatment, pcp is progressive and usually fatal",
      "type": "text"
    },
    {
      "id": 28,
      "text": "without treatment, pcp is progressive and usually fatal. grading of severity at presentation guides management decisions table 2 3. 2. diagnosis is by visualizing p. jirovecii on bal fluid > 9 0 % sensitivity, and sensitivity maintained up to 1 0 days into treatment. induced sputum has lower sensitivity 5 0 - 9 0 %. pcr of respiratory secretions cannot reliably",
      "type": "text"
    },
    {
      "id": 29,
      "text": "0 %. pcr of respiratory secretions cannot reliably distin - guish infection from colonization. chest imaging can support the diagnosis, but changes are non - specific and the chest radiograph may be normal. the classic finding is of diffuse perihilar interstitial infiltrates. high - resolution ct scan may show diffuse or patchy “ ground - glass ”",
      "type": "text"
    },
    {
      "id": 30,
      "text": "fuse or patchy “ ground - glass ” infiltrates. a normal ct scan has a high negative predictive value for pcp. first - line treatment is with co - trimoxazole, which in severe cases should initially be intravenous. the addition of high - dose corticosteroids in moderate to severe pcp improves outcomes if started within 7 2 hours of",
      "type": "text"
    },
    {
      "id": 31,
      "text": "p improves outcomes if started within 7 2 hours of starting specific pcp treatment. in hiv - positive patients co - trimoxazole should be continued for a total of 2 1 days ; in other types of immunosuppression 1 4 days may be sufficient. steroids are weaned over 2 0 days. art should be started within the first 1 4 days of pcp treatment in",
      "type": "text"
    },
    {
      "id": 32,
      "text": "the first 1 4 days of pcp treatment in art - naïve, hiv - positive patients. in resource - limited settings, the diagnosis of pcp is most commonly made on clinical grounds. differentiating pcp from pulmonary tb is often challenging, and dual infections with both tb and pcp also need to be considered. in the absence of intensive care options severely ill patients may",
      "type": "text"
    },
    {
      "id": 33,
      "text": "the absence of intensive care options severely ill patients may have to be empirically treated for both infections. co - trimoxazole is often available as an oral formulation only. adverse effects with co - trimoxazole are common and usually occur at 6 to 1 4 days of treatment, e. g. cytopaenias 4 0 %, rash 2 5 %,",
      "type": "text"
    },
    {
      "id": 34,
      "text": "paenias 4 0 %, rash 2 5 %, fever 2 0 % and abnormal liver profile 1 0 %. second - line treatment is with primaquine and clindamycin or iv pentamidine. for mild - to - moderate cases, dapsone - trimethoprim or atova - quone may be given. in resource - limited settings alternative treatments are mostly unavailable.",
      "type": "text"
    },
    {
      "id": 35,
      "text": "resource - limited settings alternative treatments are mostly unavailable. in case of a mild rash, the only option may be desensitization with cautious re - exposure to co - trimoxazole. secondary prophylaxis with co - trimoxazole 4 8 0 mg or 9 6 0 mg od should be given until a cd 4 count over 2 0 0 μl",
      "type": "text"
    },
    {
      "id": 36,
      "text": "cd 4 count over 2 0 0 μl has been maintained for at least 3 months after commencing art. in some resource - limited tropical countries, co - trimoxazole is continued life - long. further reading 1. miller rf, doffman s. pneumocystis jirovecii infection. in : farrar j, editor. manson ’ s",
      "type": "text"
    },
    {
      "id": 37,
      "text": "farrar j, editor. manson ’ s tropical disease. 2 3 rd ed. london : elsevier ; [ chapter 3 9 ]. 2. miller rf, huang l, walzer pd. pneumocystis pneumonia associ - ated with human immunodeficiency virus. clin chest med ; 3 4 2 : 2 2 9 - 4 1. 3. chiliza n",
      "type": "text"
    },
    {
      "id": 38,
      "text": "9 - 4 1. 3. chiliza n, du toit m, wasserman s. outcomes of hiv - associated pneumocystis pheumonia at a south african referral hospital. plos one ; 1 3 8 : e 7 3 3. 4. stover de, greeno ra, gagliardi aj. the use of a simple exercise test for the",
      "type": "text"
    },
    {
      "id": 39,
      "text": ". the use of a simple exercise test for the diagnosis of pneumocystis carinii pneumonia in patients with aids. am rev respir dis ; 1 3 9 : 6. 5. church ja, fitzgerald f, walker as, et al. the expanding role of co - trimoxazole in developing countries. lancet infect dis ; 1 5 : 3",
      "type": "text"
    },
    {
      "id": 40,
      "text": "lancet infect dis ; 1 5 : 3 2 7 - 3 9. • fig. 2 3. 2 ct scan of the chest showing bilateral ground - glass infil - trates, but no pulmonary emboli. 6 3 chapter 2 3 a 3 1 - year - old hiv - positive business traveller with cough, shortness of breath and night sweats",
      "type": "text"
    }
  ],
  "images": [
    {
      "path": "Processed/images/23---A-31-Year-Old-HIV-Positive-Business-Traveller-W_2022_Clinical-Cases-in-/23---A-31-Year-Old-HIV-Positive-Business-Traveller-W_2022_Clinical-Cases-in-_p1_img1.jpeg",
      "type": "image"
    },
    {
      "path": "Processed/images/23---A-31-Year-Old-HIV-Positive-Business-Traveller-W_2022_Clinical-Cases-in-/23---A-31-Year-Old-HIV-Positive-Business-Traveller-W_2022_Clinical-Cases-in-_p3_img1.jpeg",
      "type": "image"
    }
  ]
}