{
  "file": "24---A-14-Year-Old-Boy-from-Rural-Tanzania-With_2022_Clinical-Cases-in-Tropi.md",
  "n_chunks": 29,
  "text_embedding": "Processed_embeddings/embeddings/text/24---A-14-Year-Old-Boy-from-Rural-Tanzania-With_2022_Clinical-Cases-in-Tropi_text.npy",
  "image_embedding": "Processed_embeddings/embeddings/image/24---A-14-Year-Old-Boy-from-Rural-Tanzania-With_2022_Clinical-Cases-in-Tropi_images.npy",
  "chunks": [
    {
      "id": 0,
      "text": "# page 1 2 4 a 1 4 - year - old boy from rural tanzania with difficulty in walking william p. howlett clinical presentation history a 1 4 - year - old boy presents to his local hospital in rural tan - zania with a history of difficulty in walking. he had been well until just over 2 years earlier when his illness suddenly started. he describes that he was walking home",
      "type": "text"
    },
    {
      "id": 1,
      "text": "suddenly started. he describes that he was walking home from school when he first noticed that his legs began to feel heavy and started to tremble, which caused him difficulty in walking, with a tendency to fall over. he slowly completed the jour - ney home ; and since that day, he has been unable to stand or walk unaided. he now stands on his toes and drags his",
      "type": "text"
    },
    {
      "id": 2,
      "text": ". he now stands on his toes and drags his legs around with the aid of a stick fig. 2 4. 1. he denies any his - tory of fever, pain, sensory, bladder or bowel symptoms or disease progression. his history is otherwise unremarkable. he lives in a village in northern tanzania in a rural area with limited agricultural suitability, where the main staple food crop",
      "type": "text"
    },
    {
      "id": 3,
      "text": "agricultural suitability, where the main staple food crop is cassava. his diet for the 2 months before the illness was almost exclusively cassava. he has three other siblings, one of whom is similarly affected, whereas their parents remained fine. he mentions that identical cases had occurred in his own and neighbour - ing villages at around the same time. clinical examination clinically, he is",
      "type": "text"
    },
    {
      "id": 4,
      "text": "same time. clinical examination clinically, he is well nourished with normal vital signs. gen - eral examination is unremarkable. on neurological examina - tion, he is fully orientated and higher mental function appears normal. cranial nerves are normal but bilateral optic pallor was noted on fundoscopy. limbs reveal signs of spastic paraparesis with flexion contractures at both",
      "type": "text"
    },
    {
      "id": 5,
      "text": "paraparesis with flexion contractures at both ankles and knees. power in the legs is graded 3 to 4 out of 5 ¼ just over - coming gravity, with the knee extensors and foot dorsiflex - ors involved to the greatest extent fig. 2 4. 1. there is bilateral hypertonia, hyperreflexia and sustained ankle clonus with extensor",
      "type": "text"
    },
    {
      "id": 6,
      "text": "reflexia and sustained ankle clonus with extensor plantar responses. the arms are normal apart from generalized hyperreflexia. there is no impairment or loss of sensation. a lumbar lordosis with thoracic kyphosco - liosis is noticeable only on standing. • fig. 2 4. 1 a 1 4 - year - old boy from rural tanzania with spa",
      "type": "text"
    },
    {
      "id": 7,
      "text": "- year - old boy from rural tanzania with spastic paraparesis. his illness started about 2 years earlier and had an acute onset. several other people are also affected in his own and neighbouring villages. 6 4 # page 2 investigations full blood count, erythrocyte sedimentation rate, blood glu - cose and creatinine are normal. urine analysis is normal. microscopy",
      "type": "text"
    },
    {
      "id": 8,
      "text": "ine are normal. urine analysis is normal. microscopy of urine and stool specimens does not show any ova of schistosoma species. hiv serology and vdrl are negative. lumbar puncture is normal. radiographs of the chest and thoracolumbar spine are normal. questions 1. what is the clinical diagnosis and the likely cause in this patient? 2. how do",
      "type": "text"
    },
    {
      "id": 9,
      "text": "likely cause in this patient? 2. how do you plan to manage this patient? discussion a 1 4 - year - old boy from rural northern tanzania presents with acute - onset non - progressive spastic paraplegia. there is no history of back pain. on examination, there is no sen - sory impairment and no bladder dysfunction. the main sta - ple food crop in his village",
      "type": "text"
    },
    {
      "id": 10,
      "text": "the main sta - ple food crop in his village is cassava. answer to question 1 what is the clinical diagnosis? the clinical syndrome is spastic paraparesis. the main differen - tial diagnosis in africa includes spinal tuberculosis pott ’ s dis - ease, transverse myelitis, spinal cord infections such as schistosomiasis and tuberculous myelitis,",
      "type": "text"
    },
    {
      "id": 11,
      "text": "somiasis and tuberculous myelitis, spinal malignancy mainlymetastasesandtropicalnutritionalmyeloneuropathies. there are three important features in our case : 1 the isolated involvement of motor neurons without any sensory and bladder involvement ; 2 the absence of back pain ; and 3 the acute onset with no progression over 2 years. these three clinical points make spinal tuberculosis",
      "type": "text"
    },
    {
      "id": 12,
      "text": "2 years. these three clinical points make spinal tuberculosis, spinal cord infection or spinal malignancy very unlikely. of note, his diet and probably that of his siblings and other children in the village for the 2 months before the illness was almost exclusively cassava, and the same disease has affected one of his siblings and more children in the neighborhood. hence, a nutritional cause must be suspected.",
      "type": "text"
    },
    {
      "id": 13,
      "text": ". hence, a nutritional cause must be suspected. the tropical myeloneuropathies that are nutritional in origin are konzo and lathyrism. lathyrism in africa occurs exclusively in ethiopia. the clinical diagnosis in our patient is konzo. konzo is a distinct form of tropical spastic parapar - esis which occurs exclusively in cassava - growing areas in africa",
      "type": "text"
    },
    {
      "id": 14,
      "text": "occurs exclusively in cassava - growing areas in africa. answer to question 2 how do you plan to manage this patient? there is no cure for patients with konzo because it results in a permanent spastic paraparesis. management is therefore directed at support, symptomatic improvement and disease prevention. the majority of patients can walk with the aid of a stick or crutches and some",
      "type": "text"
    },
    {
      "id": 15,
      "text": "the aid of a stick or crutches and some will benefit from a wheelchair. muscle relaxants have a limited role because of relative inef - fectiveness as a result of the severity of the spasticity, and these agents ’ high long - term cost. surgical treatment involv - ing achilles tendon lengthening operations have proved use - ful in improving mobilization in",
      "type": "text"
    },
    {
      "id": 16,
      "text": "operations have proved use - ful in improving mobilization in selected patients with konzo. because of the severity of contractures in this patient, he should be assessed for surgery. the case continued … at follow - up examination at 6 and 1 2 months, the findings were unchanged, with a permanent spastic paraparesis. the patient had not been referred for surgery because of the lack",
      "type": "text"
    },
    {
      "id": 17,
      "text": "had not been referred for surgery because of the lack of resources and the extent of the epidemic, with many other similar cases in the community. he uses one stick with very restricted mobility and works as a shoe repairer in his village. summary box konzo konzo is a distinct form of tropical spastic paraparesis, which occurs exclusively in cassava - growing areas in",
      "type": "text"
    },
    {
      "id": 18,
      "text": "which occurs exclusively in cassava - growing areas in africa. the word “ konzo ” means “ tied legs ” in the language of the yaka tribe in the drc. it is characterized by an abrupt onset of a permanent but non - progressive form of spastic paraparesis related to cassava consumption. it occurs mainly as epidemics, typically during",
      "type": "text"
    },
    {
      "id": 19,
      "text": ". it occurs mainly as epidemics, typically during droughts, famines or armed conflict when there is an overreliance on cassava as a staple food for weeks or months. it also occurs in an endemic form but at much lower rates. it affects mainly children and breastfeeding mothers. the following are the clinical criteria for diagnosing konzo : • symmetrical spastic paraparesis",
      "type": "text"
    },
    {
      "id": 20,
      "text": "zo : • symmetrical spastic paraparesis without sensory or geni - tourinary involvement • abrupt onset in less than 1 week with a non - progressive course • occurring in a cassava - growing area, usually with other cases emerging at the same time • no other cause found its cause is attributed to chronic high dietary exposure of cyanogenic glycosides from insuffici",
      "type": "text"
    },
    {
      "id": 21,
      "text": "of cyanogenic glycosides from insufficiently processed cassava tubers, but the exact pathogenic mechanisms of konzo remain unknown. cassava is a staple food for more than 6 0 0 million people. it grows well in poor soils and is resistant to drought, plant diseases, insects and animal predators, but it contains cyanogenic glyco - sides, mainly lin",
      "type": "text"
    },
    {
      "id": 22,
      "text": "cyanogenic glyco - sides, mainly linamarin. processing disrupts the tubers releasing cyanide, which makes the food safe for human consumption. konzo is associated with high intake of insufficiently processed cassava tubers in combination with low or absent levels of the essential amino acids methionine or cysteine. oxidative stress and glutamate",
      "type": "text"
    },
    {
      "id": 23,
      "text": "steine. oxidative stress and glutamate - mediated neuro - excitatory cell death appears likely to be the final pathogenic mechanism. this results in a clinically exclusive pattern of upper motor neurone disease. further reading 1. aronson j. plant poisons and traditional medicines. in : farrar j, editor. manson ’ s tropical diseases. 2 3 rd",
      "type": "text"
    },
    {
      "id": 24,
      "text": "manson ’ s tropical diseases. 2 3 rd ed. london : elsevier ; [ chapter 7 6 ]. 2. howlett wp, brubaker gr, mlingi n, et al. konzo, an epidemic upper motor neuron disease studied in tanzania. brain ; 1 1 3 pt 1 : 2 2 3 - 3 5. 6 5 chapter 2 4 a 1 4",
      "type": "text"
    },
    {
      "id": 25,
      "text": "5. 6 5 chapter 2 4 a 1 4 - year - old boy from rural tanzania with difficulty in walking # page 3 3. nzwalo h, cliff j. konzo : from poverty, cassava, and cyanogen intake to toxico - nutritional neurological disease. plos negl trop dis ; 5 6 : e. https : doi. org 1 0.",
      "type": "text"
    },
    {
      "id": 26,
      "text": "e. https : doi. org 1 0. journal. pntd. 0 5 1. 4. howlett wp. paraplegia. in : howlett wp, editor. neurology in africa. norway : kilimanjaro christian medical centre, moshi, tanzania and university of bergen ;. available at : https : bora. uib. no. 5. kashala - abot",
      "type": "text"
    },
    {
      "id": 27,
      "text": ". no. 5. kashala - abotnes e, okitundu d, mumba d, et al. konzo : a dis - tinct neurological disease associated with food cassava cyanogenic poisoning. brain res bull ; 1 4 5 : 8 7 - 9 1. 6 6 chapter 2 4 a 1 4 - year - old boy from rural tanzania with",
      "type": "text"
    },
    {
      "id": 28,
      "text": "4 - year - old boy from rural tanzania with difficulty in walking",
      "type": "text"
    }
  ],
  "images": [
    {
      "path": "Processed/images/24---A-14-Year-Old-Boy-from-Rural-Tanzania-With_2022_Clinical-Cases-in-Tropi/24---A-14-Year-Old-Boy-from-Rural-Tanzania-With_2022_Clinical-Cases-in-Tropi_p1_img1.jpeg",
      "type": "image"
    }
  ]
}