{
  "file": "25---A-72-Year-Old-Male-Farmer-from-Laos-With-Exte_2022_Clinical-Cases-in-Tr.md",
  "n_chunks": 29,
  "text_embedding": "Processed_embeddings/embeddings/text/25---A-72-Year-Old-Male-Farmer-from-Laos-With-Exte_2022_Clinical-Cases-in-Tr_text.npy",
  "image_embedding": "Processed_embeddings/embeddings/image/25---A-72-Year-Old-Male-Farmer-from-Laos-With-Exte_2022_Clinical-Cases-in-Tr_images.npy",
  "chunks": [
    {
      "id": 0,
      "text": "# page 1 2 5 a 7 2 - year - old male farmer from laos with extensive skin lesions on the lower leg g € unther slesak, saythong inthalad and paul n. newton clinical presentation history a 7 2 - year - old male farmer is admitted to a provincial hospi - tal in northern laos with extensive, painful verrucous skin lesions on",
      "type": "text"
    },
    {
      "id": 1,
      "text": "extensive, painful verrucous skin lesions on his left foot and lower leg. ten years prior, he had a leech bite on the dorsum of his left foot. one week later a small painless red nodule devel - oped at the site of the bite. over the following years the lesion slowly increased in size ; further lesions developed and spread",
      "type": "text"
    },
    {
      "id": 2,
      "text": "increased in size ; further lesions developed and spread up to his knee. three days before admission his ankle became painful and swollen. clinical findings vital signs are normal and the patient is afebrile. his left lower leg and foot are grossly swollen fig. 2 5. 1 ; the skin is hyperaemic and feels hot. there are several cauliflower - like masses and oval plaque",
      "type": "text"
    },
    {
      "id": 3,
      "text": "there are several cauliflower - like masses and oval plaque - like lesions on his left lower leg and foot. the lesions are partly erythematous, partly fungating and purulent, oozing a bad odour. investigations radiography of the left leg and foot showed no bone involvement. questions 1. what are the important differential diagnoses? 2. which diagnostic tests",
      "type": "text"
    },
    {
      "id": 4,
      "text": "important differential diagnoses? 2. which diagnostic tests should be done? discussion a male lao farmer presents with several verrucous, partially fungating skin lesions on his left leg and foot, which have been growing over the past 1 0 years after a minor trauma. the affected leg has additionally swollen up and become painful over the previous 3 days. • fig. 2 5",
      "type": "text"
    },
    {
      "id": 5,
      "text": "the previous 3 days. • fig. 2 5. 1 lower legs of the patient at presentation with fungating lesions on his left foot that spread centripetally up to his knee. the left lower leg is also swollen and hyperaemic. 6 7 # page 2 answer to question 1 what are the important differential diagnoses? chronic verrucous skin lesions can typically be",
      "type": "text"
    },
    {
      "id": 6,
      "text": "chronic verrucous skin lesions can typically be seen in fungal infections such as sporotrichosis sporothrix schenckii and chromoblastomycosis, which is caused by various pigmented fungi. mycetoma “ madura foot ” is a chronic subcutaneous infection caused either by fungi “ eumyce - toma ” or ac",
      "type": "text"
    },
    {
      "id": 7,
      "text": "� eumyce - toma ” or actinomycetes “ actinomycetoma ”. fistulating lesions discharging granules are the hallmark feature of madura foot but verrucous manifestations may occur. the colour of the granules may indicate the causing pathogen. despite being common in other parts of asia, mycetoma has",
      "type": "text"
    },
    {
      "id": 8,
      "text": "in other parts of asia, mycetoma has rarely been described from laos. mycobacterial infections cutaneous tuberculosis, lepro - matous leprosy and infections with atypical mycobacteria also need to be considered. cutaneous leishmaniasis can pre - sent with verrucous lesions, however it has not been reported in laos. in hiv - positive patients, ka",
      "type": "text"
    },
    {
      "id": 9,
      "text": "in laos. in hiv - positive patients, kaposi ’ s sarcoma may look very similar. non - infectious causes such as squamous cell carcinoma, sarcoidosis, chronic eczema and psoriasis should be borne in mind. acute localized inflammatory signs are indicative of bac - terial superinfection or deep vein thrombosis. answer to question 2 which diagnostic",
      "type": "text"
    },
    {
      "id": 10,
      "text": "vein thrombosis. answer to question 2 which diagnostic tests should be done? direct microscopy of skin scrapings taken from the lesions can help detect pigmented fungi in chromoblastomycosis and may be useful to visualize amastigotes in cutaneous leishmaniasis. sporotrichosis differs from the other subcutaneous myco - ses in that culture",
      "type": "text"
    },
    {
      "id": 11,
      "text": "subcutaneous myco - ses in that culture is the most reliable mode of diagnosis because there are few organisms present in lesions and these may be difficult to find. in leprosy, slit skin smears are fairly easy to obtain ; how - ever, for other mycobacterial infections biopsy and or culture may be necessary. the case continued … secondary bacterial superinfection was suspected",
      "type": "text"
    },
    {
      "id": 12,
      "text": "the case continued … secondary bacterial superinfection was suspected and so iodine - based antiseptics were applied locally and oral antibi - otics were started, initially cloxacillin and metronidazole. after bacterial culture of the pus grew escherichia coli, anti - biotics were changed to co - trimoxazole, guided by suscepti - bility testing",
      "type": "text"
    },
    {
      "id": 13,
      "text": "azole, guided by suscepti - bility testing. simple direct microscopic investigations of wet film lesion scrapings revealed characteristic brownish, round, thick - walled, multiseptate sclerotic cells typical of chromoblasto - mycosis fig. 2 5. 2. use of 1 0 % potassium hydroxide solu - tion made the fungal cells more readily visible.",
      "type": "text"
    },
    {
      "id": 14,
      "text": "tion made the fungal cells more readily visible. antifungal treatment was initiated with itraconazole 4 0 0 mg d for 7 days monthly pulse therapy and surgical debridement of all lesions performed. pcr from skin tissue was positive and sequencing revealed 1 0 0 % similarity with fonsecaea ped - rosoi, f. monophora and f. nu",
      "type": "text"
    },
    {
      "id": 15,
      "text": ", f. monophora and f. nubica. when oral terbinafine could be obtained this was added initially 5 0 0 mg d, later 7 5 0 mg d for 9 months and local terbinafine ointment was applied for 6 months. liver function tests and serum glu - cose were monitored during treatment and remained nor - mal. the lesions healed",
      "type": "text"
    },
    {
      "id": 16,
      "text": "and remained nor - mal. the lesions healed uneventfully with some residual swelling and hypopigmentation. summary box chromoblastomycosis chromoblastomycosis is a chronic fungal infection of the skin and subcutaneous tissue, most commonly of hands, feet and lower legs. it is typically caused by traumatic percutaneous inoculation of the genera fon",
      "type": "text"
    },
    {
      "id": 17,
      "text": "percutaneous inoculation of the genera fonsecaea, phialophora and cladophialophora which are found in plant debris or forest detritus. infection occurs worldwide but is most common in rural tropical and subtropical areas. male agricultural workers are most commonly affected. painless lesions develop slowly over years from the site of inoculation as ver",
      "type": "text"
    },
    {
      "id": 18,
      "text": "years from the site of inoculation as verrucous nodules or plaques, gradually spreading centripetally by lymphatic or cutaneous dissemination. typical complications are ulcerations, bacterial superinfection and chronic lymphoedema, which may be confused with elephanti - asis in regions co - endemic with lymphatic filariasis. diagnosis is made by direct microscopic detection",
      "type": "text"
    },
    {
      "id": 19,
      "text": "asis. diagnosis is made by direct microscopic detection of pathognomonic sclerotic cells in skin scrapings ‘ medlar bodies ’, fumagoid or muriform cells. these are brownish, round, thick - walled structures of 4 to 1 2 μm length, which are already visible on a simple wet film. hyphae can be",
      "type": "text"
    },
    {
      "id": 20,
      "text": "a simple wet film. hyphae can be more readily seen on a potassium hydroxide preparation. more sophisticated techniques such as culture as well as serology and pcr are rarely available in endemic areas and are often reserved for research purposes ; but species identification can also guide treatment schemes. treatment is challenging and effectiveness depends on the causative agent, the clinical form and the",
      "type": "text"
    },
    {
      "id": 21,
      "text": "causative agent, the clinical form and the severity of the lesions. antifungal therapy commonly comprises oral itraconazole • fig. 2 5. 2 characteristic brownish sclerotic cells in skin scrapings 1 0 0, oil immersion, wet film. 6 8 chapter 2 5 a 7 2 - year - old male farmer from laos with extensive skin le",
      "type": "text"
    },
    {
      "id": 22,
      "text": "- old male farmer from laos with extensive skin lesions on the lower leg # page 3 2 0 0 - 4 0 0 mg d alone or in combination with terbinafine or flucytosine which may be hard to obtain. antifungals have to be given for at least 6 to 1 2 months and, in advanced stages, for years to avoid relapse. cure rates",
      "type": "text"
    },
    {
      "id": 23,
      "text": ", for years to avoid relapse. cure rates range from 1 5 % to 8 0 %. multi - drug therapy seems more effective but is expensive. itraconazole pulse therapy 7 d month is cost - saving. in addition, topical heat therapy, phototherapy, cryosurgery, surgical debridement and or combination therapy may be helpful. further reading 1. hay rj.",
      "type": "text"
    },
    {
      "id": 24,
      "text": "be helpful. further reading 1. hay rj. fungal infections. in : farrar j, editor. manson ’ s tropical diseases. 2 3 rd ed. london : elsevier ; [ chapter 3 8 ]. 2. queiroz - telles f, de hoog s, santos dw, et al. chromoblastomy - cosis. clin microbiol",
      "type": "text"
    },
    {
      "id": 25,
      "text": "y - cosis. clin microbiol rev ; 3 0 : 2 3 3 - 7 6. 3. slesak g, inthalad s, strobel m, et al. chromoblastomycosis after a leech bite complicated by myiasis : a case report. bmc infect dis ; 1 1 : 1 4. 4. agarwal r,",
      "type": "text"
    },
    {
      "id": 26,
      "text": "1 : 1 4. 4. agarwal r, singh g, ghosh a, et al. chromoblastomycosis in india : review of 1 6 9 cases. plos negl trop dis ; 1 1 8 : e 5 3 4. 5. coelho ra, brito - santos f, figueiredo - carvalho mhg, et al.",
      "type": "text"
    },
    {
      "id": 27,
      "text": "- carvalho mhg, et al. molecular identification and antifungal susceptibility profiles of clinical strains of fonsecaea spp. isolated from patients with chro - moblastomycosis in rio de janeiro, brazil. plos negl trop dis ; 1 2 : e 6 7 5. 6 9 chapter 2 5 a 7 2 - year - old male",
      "type": "text"
    },
    {
      "id": 28,
      "text": "2 5 a 7 2 - year - old male farmer from laos with extensive skin lesions on the lower leg",
      "type": "text"
    }
  ],
  "images": [
    {
      "path": "Processed/images/25---A-72-Year-Old-Male-Farmer-from-Laos-With-Exte_2022_Clinical-Cases-in-Tr/25---A-72-Year-Old-Male-Farmer-from-Laos-With-Exte_2022_Clinical-Cases-in-Tr_p1_img1.jpeg",
      "type": "image"
    },
    {
      "path": "Processed/images/25---A-72-Year-Old-Male-Farmer-from-Laos-With-Exte_2022_Clinical-Cases-in-Tr/25---A-72-Year-Old-Male-Farmer-from-Laos-With-Exte_2022_Clinical-Cases-in-Tr_p2_img1.jpeg",
      "type": "image"
    }
  ]
}