{
  "file": "26---A-14-Year-Old-Boy-from-Malawi-Who-Has-Bee_2022_Clinical-Cases-in-Tropic.md",
  "n_chunks": 36,
  "text_embedding": "Processed_embeddings/embeddings/text/26---A-14-Year-Old-Boy-from-Malawi-Who-Has-Bee_2022_Clinical-Cases-in-Tropic_text.npy",
  "image_embedding": "Processed_embeddings/embeddings/image/26---A-14-Year-Old-Boy-from-Malawi-Who-Has-Bee_2022_Clinical-Cases-in-Tropic_images.npy",
  "chunks": [
    {
      "id": 0,
      "text": "# page 1 2 6 a 1 4 - year - old boy from malawi who has been bitten by a snake gregor pollach clinical presentation history a 1 4 - year - old malawian boy presents to a local hospital because of an extensive necrotic wound on his right foot. three weeks earlier he was playing with his friends on a path leading through rocky grassland to",
      "type": "text"
    },
    {
      "id": 1,
      "text": "friends on a path leading through rocky grassland to the maize field of his family when he stepped on a snake. the snake was brown with v - shaped black bands on its back, and it was approxi - mately one metre long. his friends told his mother later that the snake had hissed loudly but did not move away before biting him - which the boy did not even",
      "type": "text"
    },
    {
      "id": 2,
      "text": "before biting him - which the boy did not even realize, being busy chasing a football. shortly after the bite, haemorrhagic bullae formed on the right leg. his gums started to bleed and he vomited extensively. he was taken to a local traditional healer for treatment. his bleeding and vomiting settled ; however, he developed intense pain and swelling at the site of the",
      "type": "text"
    },
    {
      "id": 3,
      "text": "developed intense pain and swelling at the site of the bite. clinical findings 1 4 - year old boy, who appears weak and is in respiratory dis - tress. temperature 3 9. 4 ° c, pulse 1 2 6 bpm, blood pressure 8 5 / 6 0 mmhg, respiratory rate 3 0 breath cycles per minute. there is an extensive, foul - smelling necrosis affecting",
      "type": "text"
    },
    {
      "id": 4,
      "text": "an extensive, foul - smelling necrosis affecting his right foot and ankle where the tendons are exposed fig. 2 6. 1. the right lower leg is swollen and he is unable to bend the ankle of his right foot. the inguinal lymph nodes are enlarged on the right side. the urine is clear, rectal exam does not show any signs of bleeding and",
      "type": "text"
    },
    {
      "id": 5,
      "text": "tal exam does not show any signs of bleeding and upon provoked coughing there is no haemop - tysis. fundoscopy is normal. investigations the 2 0 - minute whole blood clotting test wbct 2 0 is nor - mal. the results of the other blood tests are shown in table 2 6. 1. questions 1. which snake most probably caused this bite",
      "type": "text"
    },
    {
      "id": 6,
      "text": "questions 1. which snake most probably caused this bite? 2. what first - aid measures should have been taken? discussion a 1 4 - year - old boy from rural malawi who was bitten by a snake 3 weeks earlier presents to a local hospital. he is septic with an extensive foul - smelling necrotic wound on the right ankle, exposed tendons and oedema of the",
      "type": "text"
    },
    {
      "id": 7,
      "text": "ankle, exposed tendons and oedema of the right leg. • fig. 2 6. 1 the right foot and ankle with extensive tissue necrosis 3 weeks after a snake bite. table 2 6. 1 laboratory results on admission parameter patient reference range wbc 1 0 9 l 1 9 4 - 1 0 haemoglobin mg dl 9. 5 1 2 - 1 4",
      "type": "text"
    },
    {
      "id": 8,
      "text": "mg dl 9. 5 1 2 - 1 4 platelets 1 0 9 l 0 - 4 0 0 k + mmol l 4. 2 3. 5 - 5. 2 7 0 # page 2 answer to question 1 which snake was most probably responsible for the bite? the african puff - adder bitis arietans is the most likely snake to have caused his bite. puff",
      "type": "text"
    },
    {
      "id": 9,
      "text": "most likely snake to have caused his bite. puff - adders are about one metre long and stout. they show a distinctive ‘ v ’ or ‘ u ’ pat - tern on their back. when disturbed, they behave aggres - sively, hissing loudly and inflating their body. the puff - adder is a highly dangerous snake, with large quantities of a",
      "type": "text"
    },
    {
      "id": 10,
      "text": "a highly dangerous snake, with large quantities of a potent venom and long fangs. it commonly lives in densely populated areas. throughout the african savannah, this spe - cies is responsible for a large number of serious bites. the main problem is massive local swelling, which may spread to involve the whole limb and cause hypovolaemic shock. bullae filled with haemorrha",
      "type": "text"
    },
    {
      "id": 11,
      "text": "mic shock. bullae filled with haemorrhagic fluid may develop at the site of the bite. extensive necrosis may occur. cardiotoxic effects of the venom may lead to arrhythmias, and the venom may cause systemic haemorrhage. the puff - adder, along with the saw - scaled or carpet viper echis species, which produces similar symptoms, are responsible",
      "type": "text"
    },
    {
      "id": 12,
      "text": "is species, which produces similar symptoms, are responsible for most fatalities after snake bites in africa. in contrast, bites by mambas, the most feared snakes in africa, are relatively uncommon. answer to question 2 what first - aid measures should have been taken? first - aid should include reassurance of the victim. paraceta - mol should be used for pain relief because",
      "type": "text"
    },
    {
      "id": 13,
      "text": "eta - mol should be used for pain relief because aspirin might aggravate haemorrhage and morphine can enhance respira - tory depression caused by the venom. any tight jewellery should be removed. the affected limb should be immobi - lized along with the whole patient, because any muscular contractions will increase the absorption of the venom. if a neurotoxic venom cannot be",
      "type": "text"
    },
    {
      "id": 14,
      "text": "the venom. if a neurotoxic venom cannot be excluded, a pressure immobilization technique should be used ; e. g. a long elas - tic bandage can be wrapped around the affected limb incorporating a splint. however, in cytotoxic venoms the local effects may be worsened through such pressure techniques. the wound itself should be left alone to avoid infection",
      "type": "text"
    },
    {
      "id": 15,
      "text": "the wound itself should be left alone to avoid infection and absorption of the venom. the patient should gently but quickly be taken to the nearest appropriate health facility. patients should be placed in a recovery position if vomiting or if their level of con - sciousness is reduced. all patients bitten by snakes should ideally be observed in hospital for at least 2 4 hours. finally, helpers should",
      "type": "text"
    },
    {
      "id": 16,
      "text": "at least 2 4 hours. finally, helpers should not try to kill the snake, risking further bites. however, if the snake has already been killed it should be taken to the healthcare facility for identification. even a dead snake needs to be handled with great caution as it still may bite by reflex. smart - phone photography of the culprit snake is another alternative. some widely popular first",
      "type": "text"
    },
    {
      "id": 17,
      "text": "culprit snake is another alternative. some widely popular first - aid measures have never been proven to be of any help in the management of snake bites ; these include local cuts with a knife or razor blade, attempts to suck the venom out of the wound, the often disastrous application of an arterial tourniquet, cauteriza - tion, chemicals, ice, electric shocks and",
      "type": "text"
    },
    {
      "id": 18,
      "text": "- tion, chemicals, ice, electric shocks and the use of ‘ magic stones ’. the case continued … the snake bite had occurred 3 weeks earlier, therefore appli - cation of antivenom was not deemed useful. because the boy was septic upon admission, he was managed according to the international sepsis treatment guidelines, crucially including early start of broad - spectrum antibiotics, �",
      "type": "text"
    },
    {
      "id": 19,
      "text": "including early start of broad - spectrum antibiotics, ‘ ventilatory sup - port ’ and fluid resuscitation. he also received tetanus prophylaxis. the wound was managed surgically : after several debride - ments fig. 2 6. 2 it stayed clean and mesh - grafting was suc - cessfully performed. further reconstructive surgery was not necessary and",
      "type": "text"
    },
    {
      "id": 20,
      "text": "performed. further reconstructive surgery was not necessary and severe local complications e. g. compartment syndrome, deep tissue infection and ischaemia did not develop. the boy was discharged several weeks later. some functional impairment of his right foot remained and he was booked for outpatient physiotherapy. • fig. 2 6. 2 after several debridements the wound looks clean. 7 1 chapter",
      "type": "text"
    },
    {
      "id": 21,
      "text": "bridements the wound looks clean. 7 1 chapter 2 6 a 1 4 - year - old boy from malawi who has been bitten by a snake # page 3 summary box snake bite snake bite is a common problem in rural areas of many tropical countries. the true numbers are unknown because many patients may never reach a health facility or seek the help of a traditional practitioner. snake bites",
      "type": "text"
    },
    {
      "id": 22,
      "text": "the help of a traditional practitioner. snake bites are most common among farm workers, herdsmen, plantation workers and their children. most bites occur at the beginning of the rainy season. even though there is a large variety of venomous snakes, the toxic effects of snake bites can be classified into one or more of seven groups table 2 6. 2. the therapeutic approach in",
      "type": "text"
    },
    {
      "id": 23,
      "text": "table 2 6. 2. the therapeutic approach in hospital has to consider local and systemic effects of the bite and the complications that might arise. tetanus prophylaxis, antibiotic coverage, wound cleansing and sterile dressing are mandatory. antivenom should be given in case of systemic envenoming, indicated by clinical signs and symptoms or deranged laboratory parameters. of note,",
      "type": "text"
    },
    {
      "id": 24,
      "text": "or deranged laboratory parameters. of note, loosening of tourniquets or improvement of circulation may lead to an increased systemic load of venom. in severe local envenoming, antivenom should be given if the swelling involves more than half of the bitten limb and in patients bitten by snakes known to cause local necrosis. antivenom is most effective when admini",
      "type": "text"
    },
    {
      "id": 25,
      "text": "crosis. antivenom is most effective when administered by slow iv injection or infusion. children need the same dose of antivenom as adults because the same amount of venom has been injected. antivenom mostly consists of non - human hyperimmunoglobulin ; it therefore may lead to severe side effects including fever, ana - phylaxis or late serum sickness - like reactions.",
      "type": "text"
    },
    {
      "id": 26,
      "text": "laxis or late serum sickness - like reactions. necrotic wounds require careful debridement. wound infec - tion, compartment syndrome or osteomyelitis must be suspected and treated early. skin grafts, reconstructive surgery, fasciotomy or amputation may be necessary. massive local oedema carries the risk of hypovolaemic shock. in severe haemorrha",
      "type": "text"
    },
    {
      "id": 27,
      "text": "hypovolaemic shock. in severe haemorrhagic complications with hypotension, patients should be transfused ; if blood is unavailable, sufficient iv fluids should be administered. for neurotoxic complications mechanical ventilation is often required and anticholinesterase drugs should be attempted. further reading 1. warrell da. venomous and poisonous animals. in : farrar j, editor",
      "type": "text"
    },
    {
      "id": 28,
      "text": "poisonous animals. in : farrar j, editor. manson ’ s tropical diseases. 2 3 rd ed. london : elsevier ; [ chapter 7 5 ]. 2. warrell da. treatment of bites by adders and exotic venomous snakes. bmj ; 3 3 1 : 7. 3. warrell da. venomous and other dangerous animals. in : ma",
      "type": "text"
    },
    {
      "id": 29,
      "text": "venomous and other dangerous animals. in : mabey d, gill g, parry e, et al., editors. principles of medicine in africa. 4 th ed. cambridge : cambridge university press ;. p. 8 4 9 - 7 4. 4. dellinger rp, levy mm, rhodes a, et al. surviving sepsis cam - paign : international guidelines for management of severe",
      "type": "text"
    },
    {
      "id": 30,
      "text": "cam - paign : international guidelines for management of severe sepsis and septic shock :. crit care med ; 4 1 2 : 5 8 0 - 6 3 7. table 2 6. 2 principal effects of african snake venoms in humans venom activity clinical manifestations african snake responsible cytotoxic massive local swelling, blistering, necrosis ; plasma extravasation with consecutive fluid loss, hy",
      "type": "text"
    },
    {
      "id": 31,
      "text": "plasma extravasation with consecutive fluid loss, hypotension. eye : keratoconjunctivitis, corneal ulcer, blindness spitting cobra puff - adder and other large bitis species, saw - scaled vipers echis, burrowing asps atractaspis species ; spitting cobra auto - pharmacological release of vasoactive compounds e. g. no,",
      "type": "text"
    },
    {
      "id": 32,
      "text": "vasoactive compounds e. g. no, histamine, serotonin, bradykinin ; anaphylaxis, acute profound hypotension, urticaria, vomiting, diarrhoea burrowing asps atractaspis spp., bitis species, boomslang haematotoxic spontaneous systemic bleeding gums, brain, gastrointestinal, uterine, bleeding from",
      "type": "text"
    },
    {
      "id": 33,
      "text": "brain, gastrointestinal, uterine, bleeding from trauma and recent wounds puff - adder and other large bitis spp., saw - scaled vipers, boomslang, vine snake cardiotoxic hypotension, shock, arrhythmias, conduction abnormalities puff - adder and other large bitis species, burrowing asps neurotoxic cranial nerve palsies, bulbar",
      "type": "text"
    },
    {
      "id": 34,
      "text": "neurotoxic cranial nerve palsies, bulbar and respiratory paralysis elapids mamba, cobra, rinkhals berg adder, peringuey ’ s adder myotoxic trismus ; rhabdomyolysis with myalgias, myoglobinuria, renal failure, hyperkalaemia, respiratory failure sea snake nephrotoxic acute kidney injury, renal necrosis",
      "type": "text"
    },
    {
      "id": 35,
      "text": "nephrotoxic acute kidney injury, renal necrosis boomslang, vine snake, saw - scaled vipers source : after warrell, 3 7 2 chapter 2 6 a 1 4 - year - old boy from malawi who has been bitten by a snake",
      "type": "text"
    }
  ],
  "images": [
    {
      "path": "Processed/images/26---A-14-Year-Old-Boy-from-Malawi-Who-Has-Bee_2022_Clinical-Cases-in-Tropic/26---A-14-Year-Old-Boy-from-Malawi-Who-Has-Bee_2022_Clinical-Cases-in-Tropic_p1_img1.jpeg",
      "type": "image"
    },
    {
      "path": "Processed/images/26---A-14-Year-Old-Boy-from-Malawi-Who-Has-Bee_2022_Clinical-Cases-in-Tropic/26---A-14-Year-Old-Boy-from-Malawi-Who-Has-Bee_2022_Clinical-Cases-in-Tropic_p2_img1.jpeg",
      "type": "image"
    }
  ]
}