{
  "file": "27---A-16-Year-Old-Boy-from-Sri-Lanka-With-Fever_2022_Clinical-Cases-in-Trop.md",
  "n_chunks": 32,
  "text_embedding": "Processed_embeddings/embeddings/text/27---A-16-Year-Old-Boy-from-Sri-Lanka-With-Fever_2022_Clinical-Cases-in-Trop_text.npy",
  "image_embedding": "Processed_embeddings/embeddings/image/27---A-16-Year-Old-Boy-from-Sri-Lanka-With-Fever_2022_Clinical-Cases-in-Trop_images.npy",
  "chunks": [
    {
      "id": 0,
      "text": "# page 1 2 7 a 1 6 - year - old boy from sri lanka with fever, jaundice and renal failure ranjan premaratna clinical presentation history a 1 6 - year - old sri lankan boy presents to a local hospital with fever, frontal headache and severe body aches for 2 days. he has vomited two to three times during the illness and has not passed",
      "type": "text"
    },
    {
      "id": 1,
      "text": "to three times during the illness and has not passed any urine for the previous 1 2 hours. he does not have a cough, coryza or shortness of breath. he has been attending school until his illness. he had been fishing in an urban water stream 5 days before falling ill. clinical examination the boy appears ill and drowsy. he is jaundiced and has sub",
      "type": "text"
    },
    {
      "id": 2,
      "text": ". he is jaundiced and has subconjunctival haemorrhages fig. 2 7. 1. temperature is 3 8. 3 ° c 1 0 0. 9 ° f, the pulse rate is 1 0 0 bpm low in volume. the blood pressure is 9 0 / 6 0 mmhg. there is no neck stiffness, however there is severe muscle",
      "type": "text"
    },
    {
      "id": 3,
      "text": "no neck stiffness, however there is severe muscle tenderness, mainly involving the abdominal wall and the calves such that the patient finds it difficult to walk. there is no lymphadenopathy. the cardiac apex is not shifted and heart sounds are clear. examination of the lungs is normal. the liver is palpable at 4 cm below the right costal margin and is tender",
      "type": "text"
    },
    {
      "id": 4,
      "text": "cm below the right costal margin and is tender. the spleen is not palpable. there is mild bilateral renal angle tenderness. neurological examina - tion is normal. further investigations the laboratory findings are summarized in table 2 7. 1. the urine microscopy shows 2 0 red blood cells per high - power field, proteins ‘+’ and granular casts",
      "type": "text"
    },
    {
      "id": 5,
      "text": "proteins ‘+’ and granular casts ‘+’. a chest radiograph is normal. an ecg shows sinus tachycardia. questions 1. what is the most likely diagnosis and what are your differentials? 2. what tests are indicated to confirm the diagnosis? • fig. 2 7. 1 jaundice and subconjunctival hae",
      "type": "text"
    },
    {
      "id": 6,
      "text": "undice and subconjunctival haemorrhages table 2 7. 1 laboratory results on admission parameter patient reference wbc 1 0 9 l neutrophils : lymphocytes 5. 7 6 8 %: 3 1 % 4 - 1 0 haemoglobin g dl 1 4. 8 1 2 - 1 6 platelets 1 0 9 l 0 - 3 5",
      "type": "text"
    },
    {
      "id": 7,
      "text": "platelets 1 0 9 l 0 - 3 5 0 ast iu l 3 3 alt iu l 5 8 3 - 2 5 alp iu l 0 - 1 3 0 serum bilirubin total μmol l. 7 - 3 0. 8 serum bilirubin direct μmol l 5 4. 7 < 5 blood urea nitrogen μmol l 2 0.",
      "type": "text"
    },
    {
      "id": 8,
      "text": "urea nitrogen μmol l 2 0. 7 2. 5 - 6. 4 serum creatinine μmol l 2 1 2. 2 7 1 - 1 0 6 c - reactive protein mg l 4 8 < 5 7 3 # page 2 discussion a sri lankan teenage boy presents with fever, severe body aches and a reduced urine output. he is jaundiced",
      "type": "text"
    },
    {
      "id": 9,
      "text": "reduced urine output. he is jaundiced with sub - conjunctival haemorrhage and has a tender hepatomegaly. he has had contact with a water stream before his ill health. his laboratory results show signs of cholestasis with only mildly elevated transaminases. the creatinine is increased twofold and there is thrombocytopenia",
      "type": "text"
    },
    {
      "id": 10,
      "text": "twofold and there is thrombocytopenia. the leucocyte count is normal. answer to question 1 what is the most likely diagnosis and what are your differentials? an acute febrile illness accompanied by jaundice, renal fail - ure and subconjunctival haemorrhage should raise the suspi - cion of leptospirosis, particularly",
      "type": "text"
    },
    {
      "id": 11,
      "text": "i - cion of leptospirosis, particularly in case of a history involving exposure to potentially contaminated water. scrub typhus is another very common infection in south asia. it may present with an acute onset of fever, hepatomeg - aly and renal failure. there usually is lymphadenopathy ; and on careful examination, one may spot an eschar. subcon",
      "type": "text"
    },
    {
      "id": 12,
      "text": ", one may spot an eschar. subconjunctival haemorrhage has been described but is less common than in leptospirosis, and complications such as renal failure tend to occur late in the infection after about 7 days. hantavirus infection may cause a haemorrhagic fever with renal syndrome. it has a similar epidemiology to leptospirosis and is",
      "type": "text"
    },
    {
      "id": 13,
      "text": "similar epidemiology to leptospirosis and is also associated with contact with rodent excreta. dengue haemorrhagic fever dhf is another differential diagnosis to consider. it also presents with fever, severe myal - gias, thrombocytopenia and haemorrhages. acute kidney injury and jaundice are uncommon for dhf. answer to question 2 what tests are",
      "type": "text"
    },
    {
      "id": 14,
      "text": "dhf. answer to question 2 what tests are indicated to confirm the diagnosis? the microscopic diagnosis of leptospirosis requires a dark - field or a phase - contrast microscope because the bacteria stain poorly. however, dark - field microscopy is of poor sen - sitivity and specificity and only yields positive results during the early bacteraemic phase of the disease. le",
      "type": "text"
    },
    {
      "id": 15,
      "text": "early bacteraemic phase of the disease. leptospira may be cultured from blood, csf or urine. iso - lation of the bacteria from blood or csf is only possible dur - ing the first week of illness. samples have to be incubated for at least 8 weeks and analysed weekly with a dark - field micro - scope. this technique is labor",
      "type": "text"
    },
    {
      "id": 16,
      "text": "micro - scope. this technique is laborious and not routine practice in a standard microbiological laboratory. polymerase chain reaction pcr detection has been used on blood, csf and urine. pcr performance varies between types of samples taken and depends on the time the sample was taken in relation to duration of illness. sensitivity and specificity appear to be higher in urine than in",
      "type": "text"
    },
    {
      "id": 17,
      "text": "ficity appear to be higher in urine than in blood and are better in blood samples taken early rather than later dur - ing the course of illness. for indirect diagnosis, the historical reference serological test is the microscopic agglutination test mat. mat relies on incubation of patient serum with leptospira antigen sus - pension and determines agglutination with a",
      "type": "text"
    },
    {
      "id": 18,
      "text": "- pension and determines agglutination with a dark - field microscope. this method requires a high level of expertise and is limited to expert centres. the mat cannot differentiate between current or past infections. therefore two consecutive serum samples should be examined to look for seroconversion or at least a fourfold rise in titre. the significance of titres in single serum speci - mens is",
      "type": "text"
    },
    {
      "id": 19,
      "text": "titres in single serum speci - mens is a matter of debate. various elisa tests detecting anti - leptospira igm are now commercially available, facilitating the diagnosis outside reference centres. it appears that sensitivity of these tests is highly variable if blood is examined during week one of the illness, it improves 7 5 % and 1 0 0 % if blood is taken after day",
      "type": "text"
    },
    {
      "id": 20,
      "text": "1 0 0 % if blood is taken after day 7. a positive igm elisa should be confirmed by mat. the case continued … severe leptospirosis was suspected and the patient was com - menced on empirical benzylpenicillin. despite rehydration he developed acute renal failure warranting haemodialysis hd. he developed myocarditis and atrial fibrill",
      "type": "text"
    },
    {
      "id": 21,
      "text": "developed myocarditis and atrial fibrillation, but luckily tolerated further hd. he gradually recovered over 1 0 days with intensive care management. summary box leptospirosis leptospirosis is a zoonotic disease that occurs worldwide. it is caused by pathogenic leptospira species, which belong to the spirochaetes. the most common species causing",
      "type": "text"
    },
    {
      "id": 22,
      "text": "spirochaetes. the most common species causing disease in humans and animals are l. interrogans and l. borgpetersenii. humans become infected through direct contact with urine of infected mammalian hosts, contact with contaminated water or animal abortion products. the major reservoirs are rodents, canines, livestock and wild mammals. most at risk are slum dwell",
      "type": "text"
    },
    {
      "id": 23,
      "text": "and wild mammals. most at risk are slum dwellers and people with an occupational or recreational exposure involving animal contact or immersion in water. also, natural disasters such as hurricanes and floods may put people at risk. the bacteria enter the human body through cuts or abrasions of the skin or through intact mucous membranes. the incubation period is 2 to 3 0 days. the",
      "type": "text"
    },
    {
      "id": 24,
      "text": "ation period is 2 to 3 0 days. the spectrum of disease ranges from asymptomatic to severe infection. the classical presentation of leptospirosis is that of a biphasic illness. the initial leptospiraemic phase usually starts abruptly. symptoms are non - specific with fever, headache, sore throat, abdominal pain and a rash. severe myalgias",
      "type": "text"
    },
    {
      "id": 25,
      "text": "abdominal pain and a rash. severe myalgias, most notably of the calves and the lumbar area, and subconjunctival haemorrhage have been mentioned as distinguishing physical findings. this first phase lasts for a week and is followed by a second phase dominated by immune - mediated pathology. five to ten per cent of those with clinical infection will develop severe",
      "type": "text"
    },
    {
      "id": 26,
      "text": "per cent of those with clinical infection will develop severe leptospirosis with cholestatic jaundice, acute kidney injury and haemorrhagic diathesis weil ’ s syndrome. further compli - cations include pulmonary involvement, aseptic meningitis and myocarditis. 7 4 chapter 2 7 a 1 6 - year - old boy from sri lanka with fever, ja",
      "type": "text"
    },
    {
      "id": 27,
      "text": "- old boy from sri lanka with fever, jaundice and renal failure # page 3 leptospirosis is usually treated with antibiotics, although the usefulness of antibiotic treatment in particular during the second phase of illness, which is immune - mediated, has been disputed. for uncomplicated cases, oral doxycycline is the drug of choice. alternatives include amox",
      "type": "text"
    },
    {
      "id": 28,
      "text": "is the drug of choice. alternatives include amoxicillin and azithromycin. in severe infection benzylpenicillin, iv doxycycline, ceftriaxone or cefotaxime seem to have similar efficacy. doxycycline 2 0 0 mg weekly has been suggested as exposure prophylaxis. further reading 1. chierakul kw",
      "type": "text"
    },
    {
      "id": 29,
      "text": ". further reading 1. chierakul kw. leptospirosis. in : farrar j, editor. manson ’ s trop - ical diseases. 2 3 rd ed. london : elsevier ; [ chapter 3 7 ]. 2. who. human leptospirosis : guidance for diagnosis, surveillance and control, in : world health organization and international leptospirosis",
      "type": "text"
    },
    {
      "id": 30,
      "text": ": world health organization and international leptospirosis society. editors. geneva : who ;. 3. bharti ar, nally je, ricaldi jn, et al. leptospirosis : a zoonotic dis - ease of global importance. lancet infect dis ; 3 1 2 : 7 5 7 - 7 1. 4. eldin c, jaulhac",
      "type": "text"
    },
    {
      "id": 31,
      "text": "4. eldin c, jaulhac b, bediannikov o, et al. values of diagnostic tests for the various species of spirochetes. med mal infect ; 4 9 2 : 1 0 2 - 1 1. 7 5 chapter 2 7 a 1 6 - year - old boy from sri lanka with fever, jaundice and renal failure",
      "type": "text"
    }
  ],
  "images": [
    {
      "path": "Processed/images/27---A-16-Year-Old-Boy-from-Sri-Lanka-With-Fever_2022_Clinical-Cases-in-Trop/27---A-16-Year-Old-Boy-from-Sri-Lanka-With-Fever_2022_Clinical-Cases-in-Trop_p1_img1.jpeg",
      "type": "image"
    }
  ]
}