{
  "file": "28---A-67-Year-Old-Female-Expatriate-Living-in-Came_2022_Clinical-Cases-in-T.md",
  "n_chunks": 38,
  "text_embedding": "Processed_embeddings/embeddings/text/28---A-67-Year-Old-Female-Expatriate-Living-in-Came_2022_Clinical-Cases-in-T_text.npy",
  "image_embedding": "Processed_embeddings/embeddings/image/28---A-67-Year-Old-Female-Expatriate-Living-in-Came_2022_Clinical-Cases-in-T_images.npy",
  "chunks": [
    {
      "id": 0,
      "text": "# page 1 2 8 a 6 7 - year - old female expatriate living in cameroon with eosinophilia and pericarditis sebastian dieckmann and ralf ignatius clinical presentation history a 6 7 - year - old german woman who has lived as an expatriate in cameroon for the past 4 years presents with palpitations at a tropical medicine clinic in germany",
      "type": "text"
    },
    {
      "id": 1,
      "text": "palpitations at a tropical medicine clinic in germany. she also reports tran - sient subcutaneous swellings for the past year. there is no history of fever or constitutional symptoms and the past medical history is otherwise unremarkable. 2 4 - hour ecg recording was done elsewhere, which showed paroxysmal supraventricular extrasystoles. echocar - dio",
      "type": "text"
    },
    {
      "id": 2,
      "text": "ular extrasystoles. echocar - diography revealed a minimal pericardial effusion. clinical findings vital signs are normal and the patient is afebrile. there are no visible subcutaneous swellings. heart sounds are clear and regular, and there are no murmurs. no pathological findings are noted on physical examination. laboratory results full blood count results are shown in",
      "type": "text"
    },
    {
      "id": 3,
      "text": ". laboratory results full blood count results are shown in table 2 8. 1. further investigations the chest radiograph does not show any abnormalities. questions 1. what are the key findings? 2. what are your differential diagnoses? discussion a 6 7 - year - old expatriate living in cameroon for 4 years pre - sents with eosinophilia and reports",
      "type": "text"
    },
    {
      "id": 4,
      "text": "sents with eosinophilia and reports transient subcutaneous swellings. additionally, the patient suffers from cardiac arrhythmia. answer to question 1 what are the key findings? the pattern of transient subcutaneous swellings, eosinophilia and the history of living in cameroon for several years are the key pieces of clinical information suggestive of",
      "type": "text"
    },
    {
      "id": 5,
      "text": "are the key pieces of clinical information suggestive of a filarial infection. table 2 8. 1 full blood count results at presentation parameter patient reference wbc 1 0 9 l 6. 2 0 4 - 1 0 haemoglobin g dl 1 3. 8 1 2 - 1 5 platelets 1 0 9 l 5 0 - 4 5 0 neutrophils % 5 0 eo",
      "type": "text"
    },
    {
      "id": 6,
      "text": "4 5 0 neutrophils % 5 0 eosinophils % 1 4 0 - 6 absolute eosinophil count 1 0 9 l 0. 8 6 8 < 0. 4 5 band neutrophils % 1 0 - 5 lymphocytes % 4 0 monocytes % 4 0 - 1 0 basophils % 0 0 - 2 7 6 # page 2",
      "type": "text"
    },
    {
      "id": 7,
      "text": "% 0 0 - 2 7 6 # page 2 some filarial infections may affect the heart, and chronic eosinophilia is known to be cardiotoxic and may cause endo - myocardial fibrosis. the cardiac findings in this patient, however, may warrant further work - up. answer to question 2 what are the differential diagnoses? the differentials of skin swellings and",
      "type": "text"
    },
    {
      "id": 8,
      "text": "ses? the differentials of skin swellings and eosinophilia include non - specific urticaria, calabar swellings in loiasis, cysticerco - sis, larva currens in strongyloides stercoralis infection and infection with mansonella perstans. acute schistosomiasis katayama syndrome may present with eosinophil",
      "type": "text"
    },
    {
      "id": 9,
      "text": "katayama syndrome may present with eosinophilia, fever and an urticarial rash ; however, this patient is afebrile and the migratory swellings she describes do not fit the clinical picture of schistosomiasis. gnathostomiasis and sparganosis may also cause eosino - philia and migratory swellings ; however, these infections are",
      "type": "text"
    },
    {
      "id": 10,
      "text": "migratory swellings ; however, these infections are more common in east asia than in africa. sparganosis has been reported from kenya and tanzania and gnathosto - miasis occurs in the okavango delta, botswana. the case continued … serology for filarial infections was positive. day - blood sam - ples were collected, filtered and stained with giemsa,",
      "type": "text"
    },
    {
      "id": 11,
      "text": "collected, filtered and stained with giemsa, which revealed sheathed microfilariae with a tapered tail character - istic for loa loa fig. 2 8. 1. in contrast, microfilariae of m. perstans, another filarial nematode endemic in west and central africa, which may cause similar symptoms, would have been smaller and unsheathed with",
      "type": "text"
    },
    {
      "id": 12,
      "text": ", would have been smaller and unsheathed with a blunt tail. the microfilarial count was ml. despite the low microfilarial count the patient was treated with caution, first with albendazole followed by ivermectin. therapy was tolerated well. the absolute eosinophil count aec returned to normal and the microfilarial count declined fig. 2",
      "type": "text"
    },
    {
      "id": 13,
      "text": "and the microfilarial count declined fig. 2 8. 2. no sequelae were observed and the pal - pitations settled. follow - up echocardiography 3 months later was normal, the pericardial effusion had resolved and 2 4 - hour ecg was also normal. loiasis and other conditions causing high eosinophil counts have been implicated in the",
      "type": "text"
    },
    {
      "id": 14,
      "text": "sinophil counts have been implicated in the development of endo - myocardial fibrosis ; however, it remains unclear in this case whether there was any association between the infection and the patient ’ s transient cardiac problems. • fig. 2 8. 1 sheathed microfilaria of loa loa. the tail is tapered and nuclei are extending into the tip of the",
      "type": "text"
    },
    {
      "id": 15,
      "text": "and nuclei are extending into the tip of the tail. giemsa staining ; magnifica - tion 2 0 0 0 therapy aec µl aec µl microfilariae ml microfilariae ml 0 0 8. 1 1. 1 4. 1 1. 2 1. 1 1. 2 6. 1 1. 0 3. 1 2.",
      "type": "text"
    },
    {
      "id": 16,
      "text": ". 1 1. 0 3. 1 2. 1 0. 1 2. 1 4. 1 2. 2 5. 0 3. 1 3. 0 8. • fig. 2 8. 2 development of microfilaraemia and absolute eosinophil count aec in the patient after treatment. table 2 8. 2 treatment of loiasis matched to levels of",
      "type": "text"
    },
    {
      "id": 17,
      "text": "2 treatment of loiasis matched to levels of microfilaraemia after boussinesq level of microfilaraemia recommended drug regimen high > mfa ml albendazole 2 0 0 mg bd for 2 1 days, followed by ivermectin 1 5 0 μg kg stat, then dec at slowly increasing doses. moderate mf ml ivermect",
      "type": "text"
    },
    {
      "id": 18,
      "text": "slowly increasing doses. moderate mf ml ivermectin 1 5 0 μg kg stat, repeat after 1 - 3 months until microfilaraemia is < mf ml, this is followed by treatment with dec. low < mf ml dec : start with low doses of 3 - 6 mg d if there are parasites in the blood, 5 0 mg d if amicrofil",
      "type": "text"
    },
    {
      "id": 19,
      "text": "blood, 5 0 mg d if amicrofilaraemic, divided into 2 - 3 doses. the dose is doubled every day up to 4 0 0 mg d, still divided into 2 - 3 doses. start treatment in hospital. oral antihistamines or corticosteroids may be useful during the first days of treatment to reduce side effects arthralgias, pr",
      "type": "text"
    },
    {
      "id": 20,
      "text": "to reduce side effects arthralgias, pruritus, headache, fever. several 3 - to 4 - week courses of dec administered at intervals of 2 - 3 weeks may be required to achieve a complete cure. mfa ¼ microfilariae. 7 7 chapter 2 8 a 6 7 - year - old female expatriate living in cameroon with eosinophil",
      "type": "text"
    },
    {
      "id": 21,
      "text": "patriate living in cameroon with eosinophilia and pericarditis # page 3 summary box loiasis loiasis is the symptomatic infection with the filarial nematode l. loa. it is common in west and central africa. the infective larvae of l. loa are transmitted by female chrysops species horseflies. inside the human host larvae",
      "type": "text"
    },
    {
      "id": 22,
      "text": "ops species horseflies. inside the human host larvae develop into adult worms, which takes several months. adult l. loa migrate through the subcutaneous and connective tissues of the human body. migration may cause urticaria and transient painless subcutane - ous swellings ‘ calabar swellings ’, a localized angioedema which may last from several",
      "type": "text"
    },
    {
      "id": 23,
      "text": "localized angioedema which may last from several hours to a few days. adult worms may be spotted when migrating through the bulbar conjunctiva, which is noticed by the patient as intense itching of the eye, pain and photophobia. passage of the palpebral conjunctiva is associated with swelling of the eyelid and the periorbital region.",
      "type": "text"
    },
    {
      "id": 24,
      "text": "eyelid and the periorbital region. loiasis may cause renal complications glomerulonephritis, nephrotic syndrome, etc. and a wide range of neurological symptoms. the female worms release sheathed microfilariae that are detectable in the peripheral blood during daytime with a peak around noon, but are usually absent at night. this diurnal periodic",
      "type": "text"
    },
    {
      "id": 25,
      "text": "absent at night. this diurnal periodicity corresponds to the day - biting habits of the chrysops vectors. microfilaraemia in l. loa infection tends to be higher than in lymphatic filariasis, where microfilariaemia is usually betweeen 1 and mf ml. however, there is also a high percentage of amicrofil",
      "type": "text"
    },
    {
      "id": 26,
      "text": "there is also a high percentage of amicrofilaraemic individuals ‘ occult loiasis ’ in endemic areas, which poses a diagnostic challenge. clinical diagnosis in loiasis relies on the typical passage of the adults through the bulbar conjunctiva ‘ eye worm ’. microfilariae of l. loa may be detected in a thick blood film",
      "type": "text"
    },
    {
      "id": 27,
      "text": ". loa may be detected in a thick blood film or filtered blood using day - blood samples. pcr polymerase chain reaction is currently the best diagnostic method for amicrofilar - aemic patients with occult loiasis. serology has to be interpreted with caution. serological tests for l. loa are usually based on antigens derived from another filarial species, e.",
      "type": "text"
    },
    {
      "id": 28,
      "text": "gens derived from another filarial species, e. g. dirofilaria immitis. therefore serology is unable to distinguish between the different filarial diseases. furthermore, cross - reactions with antibodies against other nematodes are common. for treatment of loiasis, diethylcarbamazine dec, ivermectin and albendazole",
      "type": "text"
    },
    {
      "id": 29,
      "text": ", ivermectin and albendazole are used. dec is effective against microfilariae of l. loa and also kills a proportion of the adult worms. it has long been considered the drug of choice for the treatment of loiasis ; however, it may cause severe side effects in patients with high levels of microfilariae. furthermore, dec is",
      "type": "text"
    },
    {
      "id": 30,
      "text": "filariae. furthermore, dec is difficult to access in non - endemic countries and repeated courses of treatment may be required for final cure. ivermectin is only microfilaricidal, and albendazole may have embryostatic activity ; however, the precise mechanism of action and the nature and degree of its effect on adult l. loa remain to be",
      "type": "text"
    },
    {
      "id": 31,
      "text": "its effect on adult l. loa remain to be elucidated. in contrast to other filarial nematodes e. g. o. volvulus, w. bancrofti, l. loa does not harbour any endosymbiotic wolbachia bacteria. therefore there is no role for doxycycline in the treatment of loiasis. when patients with high micro",
      "type": "text"
    },
    {
      "id": 32,
      "text": "of loiasis. when patients with high microfilarial counts are treated with dec or ivermectin, the rapid death of microfilariae can lead to severe side effects, including glomerulonephritis, encephalopa - thy, coma or death. sequential treatment has therefore been suggested, depending on the degree of microfilaraemia table 2 8",
      "type": "text"
    },
    {
      "id": 33,
      "text": "degree of microfilaraemia table 2 8. 2. to safely administer ivermectin in the context of mass drug treatment campaigns for onchocerciasis or lymphatic filariasis in regions co - endemic with l. loa, a mobile phone - based video - microscope has proven useful as a point - of - care device to identify people with high levels of",
      "type": "text"
    },
    {
      "id": 34,
      "text": "- care device to identify people with high levels of l. loa microfilariae under field conditions and postpone their ivermectin treatment. further reading 1. simonsen p, fischer pu, hoerauf a, et al. the filariases. manson ’ s tropical diseases. 2 3 rd ed. london : elsevier ; [ chapter 5 4 ]. 2",
      "type": "text"
    },
    {
      "id": 35,
      "text": ": elsevier ; [ chapter 5 4 ]. 2. boussinesq m. loiasis. ann trop med parasitol ; 1 0 0 : 7 1 5 - 3 1. 3. boussinesq m. loiasis : new epidemiologic insights and proposed treatment strategy. j trav med ; 1 9 3 : 1 4 0 - 3. 4.",
      "type": "text"
    },
    {
      "id": 36,
      "text": "3 : 1 4 0 - 3. 4. d ’ ambrosio mv, bakalar m, bennuru s, et al. point - of - care quan - tification of blood - borne filarial parasites with a mobile phone microscope. sci tranl med ; 2 8 6 : 1 - 1 0. 5. metzger wg, mordmueller b.",
      "type": "text"
    },
    {
      "id": 37,
      "text": "metzger wg, mordmueller b. loa loa - does it deserve to be neglected? lancet infect dis ; 1 4 : 3 5 3 - 7. 7 8 chapter 2 8 a 6 7 - year - old female expatriate living in cameroon with eosinophilia and pericarditis",
      "type": "text"
    }
  ],
  "images": [
    {
      "path": "Processed/images/28---A-67-Year-Old-Female-Expatriate-Living-in-Came_2022_Clinical-Cases-in-T/28---A-67-Year-Old-Female-Expatriate-Living-in-Came_2022_Clinical-Cases-in-T_p2_img1.jpeg",
      "type": "image"
    }
  ]
}