{
  "file": "29---A-35-Year-Old-Woman-from-Malawi-With-Feve_2022_Clinical-Cases-in-Tropic.md",
  "n_chunks": 35,
  "text_embedding": "Processed_embeddings/embeddings/text/29---A-35-Year-Old-Woman-from-Malawi-With-Feve_2022_Clinical-Cases-in-Tropic_text.npy",
  "image_embedding": "Processed_embeddings/embeddings/image/29---A-35-Year-Old-Woman-from-Malawi-With-Feve_2022_Clinical-Cases-in-Tropic_images.npy",
  "chunks": [
    {
      "id": 0,
      "text": "# page 1 2 9 a 3 5 - year - old woman from malawi with fever and severe anaemia camilla rothe clinical presentation history a 3 5 - year - old malawian woman presents to a local hospital because of fever and weakness. the fever started 3 days earlier, but the weakness has pro - gressed over the past several months. there is no cough and no",
      "type": "text"
    },
    {
      "id": 1,
      "text": "past several months. there is no cough and no night sweats, but she reports some weight loss. there is no diarrhoea, no dysuria and no history of abnormal bleeds. two months earlier she presented to a local health centre because of her weakness. she was found to be clinically pale and was prescribed iron tablets, which she took. neverthe - less, the",
      "type": "text"
    },
    {
      "id": 2,
      "text": "which she took. neverthe - less, the weakness progressed. otherwise, the patient does not report any abnormalities. she is divorced, with three children 1 7, 1 5 and 1 2 years old, who are all well. she works as a small - scale farmer and sells vegetables on the local market. the family can afford three meals a day and occasionally meat or",
      "type": "text"
    },
    {
      "id": 3,
      "text": "can afford three meals a day and occasionally meat or fish. clinical findings a 3 5 - year - old woman, wasted, body mass index 1 7 kg m 2. blood pressure 9 0 / 6 0 mmhg difficult to measure because of the low upper arm circumference, pulse 1 1 0 bpm, tem - perature 3 7. 8 ° c 1 0 0 ° f,",
      "type": "text"
    },
    {
      "id": 4,
      "text": ". 8 ° c 1 0 0 ° f, respiratory rate 2 5 breath cycles per minute, oxygen saturation 9 7 % on ambient air, glasgow coma scale 1 5 1 5. her conjunctivae are very pale, but there is no jaundice. the examination of her mouth is normal, there is no oral thrush, no kaposi ’ s sar",
      "type": "text"
    },
    {
      "id": 5,
      "text": "thrush, no kaposi ’ s sarcoma lesions and no oral hairy leuko - plakia. the chest is clear. the abdomen is soft, with slight diffuse tenderness, but no guarding. the spleen is palpable 3 cm below the left costal margin. the rectal examination is normal. investigations the malaria rapid diagnostic test is negative",
      "type": "text"
    },
    {
      "id": 6,
      "text": "normal. investigations the malaria rapid diagnostic test is negative. the hiv serol - ogy comes back positive. the results of her full blood count are shown in table 2 9. 1. questions 1. what is the suspected diagnosis? 2. how would you manage this patient? discussion a 3 5 - year - old malawian woman presents in a state of sepsis without any clear",
      "type": "text"
    },
    {
      "id": 7,
      "text": "woman presents in a state of sepsis without any clear focal symptoms. she is wasted and severely anaemic and she newly tests hiv - positive. this is a very common clinical scenario in a high - prevalence setting for hiv in sub - saharan africa. answer to question 1 what is the suspected diagnosis? the patient presents with a septic picture without a clear focus ; she is newly diagnosed hiv",
      "type": "text"
    },
    {
      "id": 8,
      "text": "without a clear focus ; she is newly diagnosed hiv - positive and her wasting and anaemia suggest advanced immunosuppression and or possible concomitant tuberculosis tb. the most common cause of sepsis in hiv - positive adults in many parts of sub - saharan africa is infection with invasive non - typhoidal salmonellae ints. the slight abdominal tenderness and her splenomegaly would",
      "type": "text"
    },
    {
      "id": 9,
      "text": "abdominal tenderness and her splenomegaly would also fit with this diagnosis. enteric fevers typhoid or paratyphoid are clinically indistinguishable from infection with ints, they are table 2 9. 1 laboratory results on admission parameter patient reference wbc 1 0 9 l 3. 0 4 - 1 0 haemoglobin mg dl 4. 8 1 2",
      "type": "text"
    },
    {
      "id": 10,
      "text": "emoglobin mg dl 4. 8 1 2 - 1 4 mcv fl 9 9 platelets 1 0 9 l 5 0 9 # page 2 however far less common than ints in hiv - positive patients in sub - saharan africa. the reason for this is unclear. severe anaemia led to the non - specific feeling of progres - sive ‘ weakness ’ in this",
      "type": "text"
    },
    {
      "id": 11,
      "text": "s - sive ‘ weakness ’ in this patient. it is most likely a consequence of infection of her bone marrow with hiv, salmonellae and possibly also with mycobacterium tuberculosis. other causes of severe anaemia, such as iron deficiency, helminth infections and malaria, are less common in an hiv - positive urban adult population but may have to be considered in",
      "type": "text"
    },
    {
      "id": 12,
      "text": "urban adult population but may have to be considered in other patients, in particular children, pregnant women or in the rural poor. thalassaemia usually leads to a microcytic anaemia. severe anaemia is very common in sub - saharan africa. patients commonly present to healthcare facilities late, at times only when they are developing heart failure secondary to severe anaemia.",
      "type": "text"
    },
    {
      "id": 13,
      "text": "developing heart failure secondary to severe anaemia. visceral leishmaniasis may also cause fever and pancyto - penia as seen in this patient. it usually causes gross hepatos - plenomegaly which our patient does not have. it also appears not to be endemic in malawi, but should be considered in other parts of africa, e. g.",
      "type": "text"
    },
    {
      "id": 14,
      "text": "in other parts of africa, e. g. south sudan, northern uganda and northern kenya, ethiopia or somalia. answer to question 2 how would you manage this patient? fluids and broad - spectrum antibiotics need to be started immediately. before starting antibiotic treatment, blood cul - tures should be taken. because bacteraemia may be low, it is important to inoculate a decent",
      "type": "text"
    },
    {
      "id": 15,
      "text": ", it is important to inoculate a decent volume of blood at least 2 0 - 4 0 ml for culture. severe anaemia in an hiv - infected person commonly is a sign of tb. therefore the patient should be assessed for underlying tuberculosis. a chest radiograph and an abdom - inal ultrasound scan should be done. if the cd 4 - count is < 1 0",
      "type": "text"
    },
    {
      "id": 16,
      "text": "if the cd 4 - count is < 1 0 0 cells μl, a lateral flow urine lipoarabinomannan lam may also help confirm tb. of note, anaemia may be the only finding in a patient with tb hiding in the bone marrow ; and even if all routine investigations are unremarkable, tb should still be high on the list of possible diagnoses if",
      "type": "text"
    },
    {
      "id": 17,
      "text": "be high on the list of possible diagnoses if the patient does not make a satisfactory recovery, i. e. remains febrile and or anaemic or continues to lose weight. the baseline cd 4 count should be checked and the patient should be started on co - trimoxazole preventive treatment as prophylaxis against pneumocystis pneumonia, toxopla",
      "type": "text"
    },
    {
      "id": 18,
      "text": "is against pneumocystis pneumonia, toxoplasmosis and other opportunistic infections. antiretroviral therapy art should be started as soon as possible, once the acute infection is under control and concomitant opportunistic infections have been ruled out. the latter is important to pre - vent unmasking immune reconstitution inflammatory syn - drome iris. her children and her current",
      "type": "text"
    },
    {
      "id": 19,
      "text": "syn - drome iris. her children and her current and past sexual partners should be encouraged to go for an hiv test. the case continued … blood cultures were taken and the patient was started on iv ceftriaxone 2 g od, as well as on fluid resuscitation. blood cultures grew salmonella enterica var typhimurium. her antibiotic treatment was changed to oral ci",
      "type": "text"
    },
    {
      "id": 20,
      "text": "rium. her antibiotic treatment was changed to oral ciprofloxacin 5 0 0 mg tds which was continued for 1 4 days. tb screening revealed prominent hilar lymph nodes and the patient was also commenced on antituberculous treatment and on anti - retroviral therapy. she also received co - trimoxazole prophy - laxis, vitamin b 6",
      "type": "text"
    },
    {
      "id": 21,
      "text": "ole prophy - laxis, vitamin b 6 to prevent peripheral neuropathy and therapeutic feeding. she was discharged after 4 weeks in hospital. on review in art clinic 3 months later she was feeling much better. she had gained weight and her haemoglobin levels were picking up. her three children tested negative for hiv. her ex - husband refused to go for hiv - testing",
      "type": "text"
    },
    {
      "id": 22,
      "text": "ex - husband refused to go for hiv - testing. summary box invasive non - typhoidal salmonellae ints infection s. enterica is a leading cause of community - acquired bloodstream infection in africa and asia. typhoidal salmonella species cause typhoid and paratyphoid, i. e. enteric fever. they are restricted to human hosts. non - typhoidal salmon",
      "type": "text"
    },
    {
      "id": 23,
      "text": "restricted to human hosts. non - typhoidal salmonellae are host generalists, colonizing and infecting a broad range of vertebrate animals. non - typhoidal salmonellae nts usually cause a self - limiting enterocolitis in immunocompetent individuals. in contrast, in sub - saharan africa ssa nts commonly cause invasive disease resulting in sepsis and death. important populations at risk",
      "type": "text"
    },
    {
      "id": 24,
      "text": "resulting in sepsis and death. important populations at risk for development of ints infection are infants and children living in areas of high transmission intensity for falciparum malaria and or with severe malnutrition, and adults with advanced hiv - infection. in asia, enteric fever still prevails as a cause of invasive salmonellosis, which may be associated with the lower prevalence of ints risk factors",
      "type": "text"
    },
    {
      "id": 25,
      "text": "be associated with the lower prevalence of ints risk factors in the population. both the reservoir and source of infection for ints remain unclear. s. typhimurium and s. enteritidis are the most common serovars, but it is unknown if the same strains cause invasive and diarrhoeal disease and if the modes of transmission are the same. infection with ints commonly presents",
      "type": "text"
    },
    {
      "id": 26,
      "text": "transmission are the same. infection with ints commonly presents as a non - specific febrile illness. some patients report abdominal pain or a history of diarrhoea, but often the focus remains clinically unclear. mild splenomegaly occurs in more than one - third of patients, hepatomegaly is less common. about 3 0 % of patients with ints have a concom",
      "type": "text"
    },
    {
      "id": 27,
      "text": "0 % of patients with ints have a concomitant lower respiratory tract co - infection, with pathogens such as m. tuberculosis or streptococcus pneumoniae. severe anaemia is common and should prompt the clinician to look carefully for signs of tb co - infection. blood culture remains the diagnostic standard ; however, it is not widely available in many african settings",
      "type": "text"
    },
    {
      "id": 28,
      "text": ", it is not widely available in many african settings. also, sensitivity of blood culture is suboptimal because of the low magnitude of bacteraemia median < 1 cfu ml. care should therefore be taken to inoculate large enough volumes of blood for culture. antimicrobial resistance among ints strains in africa is increasing. empirical management is similar to enteric fever and",
      "type": "text"
    },
    {
      "id": 29,
      "text": "empirical management is similar to enteric fever and includes either a fluoroquinolone or azithromycin, depending on the local resistance pattern and drug availability. if oral intake is not possible, a third - generation cephalosporin should be administered. effective antibiotic treatment should be given for 1 0 to 1 4 days. antiretroviral therapy should be started urgently to",
      "type": "text"
    },
    {
      "id": 30,
      "text": ". antiretroviral therapy should be started urgently to prevent relapse. the case fatality rate of patients with ints is much higher than in enteric fever 2 2 - 4 7 % vs 1 %. further reading 1. feasey na, gordon ma. salmonella infections. in : farrar j, editor. manson ’ s tropical diseases. 2 3 rd ed. london",
      "type": "text"
    },
    {
      "id": 31,
      "text": "s tropical diseases. 2 3 rd ed. london : elsevier ; [ chapter 2 5 ]. 8 0 chapter 2 9 a 3 5 - year - old woman from malawi with fever and severe anaemia # page 3 2. feasey na, dougan g, kingsley ra, et al. invasive non - typhoidal salmonella disease : an emerging and neglected tropical disease in",
      "type": "text"
    },
    {
      "id": 32,
      "text": "ella disease : an emerging and neglected tropical disease in africa. lancet ; 3 7 9 : 9 9. 3. lewis dk, whitty cj, walsh al, et al. treatable factors associated with severe anaemia in adults admitted to medical wards in blan - tyre, malawi, an area of high hiv seroprevalence. trans r soc trop med hyg",
      "type": "text"
    },
    {
      "id": 33,
      "text": "revalence. trans r soc trop med hyg ; 9 9 8 : 5 6 1 - 7. 4. reddy ea, shaw av, crump ja. community - acquired blood - stream infections in africa : a systematic review and meta - analysis. lancet infect dis ; 1 0 6 : 4 1 7 - 3 2. 5. crump ja, heydermann",
      "type": "text"
    },
    {
      "id": 34,
      "text": ". 5. crump ja, heydermann rs. a perspective on invasive salmonella disease in africa. clin infect dis ; 6 1 s 4 : 2 3 5 - 4 0. 8 1 chapter 2 9 a 3 5 - year - old woman from malawi with fever and severe anaemia",
      "type": "text"
    }
  ],
  "images": []
}