{
  "file": "3---A-26-Year-Old-Woman-from-Malawi-with-Headache-_2022_Clinical-Cases-in-Tr.md",
  "n_chunks": 35,
  "text_embedding": "Processed_embeddings/embeddings/text/3---A-26-Year-Old-Woman-from-Malawi-with-Headache-_2022_Clinical-Cases-in-Tr_text.npy",
  "image_embedding": "Processed_embeddings/embeddings/image/3---A-26-Year-Old-Woman-from-Malawi-with-Headache-_2022_Clinical-Cases-in-Tr_images.npy",
  "chunks": [
    {
      "id": 0,
      "text": "# page 1 3 a 2 6 - year - old woman from malawi with headache, confusion and unilateral ptosis juri katchanov clinical presentation history a 2 6 - year - old malawian woman is brought to the emergency department of a local central hospital by two relatives. she has been unwell for at least 1 week. she complained of a headache of insidious onset",
      "type": "text"
    },
    {
      "id": 1,
      "text": ". she complained of a headache of insidious onset and has been confused for 2 days. one day before presentation the relatives ‘ guardians ’ noticed an eyelid drooping on the left side. the guardians say her past medical history is unremarkable. the patient lives in an urban high - density area. she works as a businesswoman, selling vegetables. she has three healthy",
      "type": "text"
    },
    {
      "id": 2,
      "text": "businesswoman, selling vegetables. she has three healthy chil - dren, but another four of her children have died as toddlers. her husband died a year ago of ‘ high fever.’ clinical findings on examination she looks seriously unwell. glasgow coma scale 1 4 1 5, temperature 3 8. 4 ° c 1 0 1. 1 ° f, blood pressure 1 1",
      "type": "text"
    },
    {
      "id": 3,
      "text": "1. 1 ° f, blood pressure 1 1 5 7 5 mmhg, heart rate 8 6 bpm, respiratory rate 1 8 breath cycles per minute. there is no neck stiffness. the chest is clear. figure 3. 1 shows the examination of her eyes. the remainder of her neurological examination is normal. laboratory results her blood results are shown in table 3. 1. a",
      "type": "text"
    },
    {
      "id": 4,
      "text": "results are shown in table 3. 1. a lumbar puncture is done. the opening pressure is markedly raised, at 3 2 cmh 2 o 1 2 - 2 0 cmh 2 o. the available csf results are shown in table 3. 2. questions 1. what is the clinical syndrome and what is the differential diagnosis? 2. how would you manage this",
      "type": "text"
    },
    {
      "id": 5,
      "text": "differential diagnosis? 2. how would you manage this patient? discussion a young malawian widow presents with headache and con - fusion. she is febrile and has a unilateral third nerve palsy. the csf examination reveals an inflammatory picture with low glucose. • fig. 3. 1 a there is complete ptosis on the left. b on primary gaze, the left eye",
      "type": "text"
    },
    {
      "id": 6,
      "text": "left. b on primary gaze, the left eye is in a ‘ down and out ’ position. 7 # page 2 answer to question 1 what is the clinical syndrome and what is the differential diagnosis? the clinical syndrome is that of infectious meningitis. infec - tious encephalitis should also be considered ; however, the cranial nerve involvement makes this diagnosis less likely.",
      "type": "text"
    },
    {
      "id": 7,
      "text": "cranial nerve involvement makes this diagnosis less likely. moreover, the main causes of infectious encephalitis are viral or - less commonly - protozoan e. g. cerebral toxoplasmosis, human african trypanosomiasis, and the csf findings of very high protein and very low glucose are not consistent with a viral or protozoan cns infection. cerebral",
      "type": "text"
    },
    {
      "id": 8,
      "text": "a viral or protozoan cns infection. cerebral malaria has to be considered in any patient with fever and impaired consciousness living in a malarious area. however, cerebral malaria would be an uncommonly severe manifestation in a most probably semi - immune adult residing in a holoen - demic area. in addition, cranial nerve palsies are an unusual feature of cerebral malaria.",
      "type": "text"
    },
    {
      "id": 9,
      "text": "palsies are an unusual feature of cerebral malaria. the differential diagnosis comprises bacterial, tuberculous and cryptococcal meningitis table 3. 3. neither the patient ’ s clinical presentation nor her csf results can help differentiate reliably between the three. furthermore, onset, acuteness and duration of symptoms and signs may have to be interpreted with caution in many",
      "type": "text"
    },
    {
      "id": 10,
      "text": "signs may have to be interpreted with caution in many cultures, particularly when the history cannot be taken from the patients themselves. answer to question 2 how would you manage this patient? the patient has a suspected cns infection and is seriously ill with confusion, cranial nerve palsy and a high fever. imme - diate action should be taken, and treatment should not be delayed whilst further test",
      "type": "text"
    },
    {
      "id": 11,
      "text": ", and treatment should not be delayed whilst further test results are being awaited. prag - matic treatment should cover bacterial, cryptococcal and tuberculous meningitis. gram - stain and bacterial culture should be done from the csf. if available, an ultrasensitive pcr for m. tuberculosis e. g. xpert mtb rif ultra should be ordered. the sensi",
      "type": "text"
    },
    {
      "id": 12,
      "text": "rif ultra should be ordered. the sensi - tivity of ziehl - neelsen stain from the csf is low in many settings. cryptococcal antigen crag testing should be done from csf and serum ; additionally, india ink stain and fungal culture should be done for detection of cryptococ - cus neoformans. an hiv - serology study",
      "type": "text"
    },
    {
      "id": 13,
      "text": "neoformans. an hiv - serology study is crucial because cryptococcal meningitis is associated with immunosuppression. tubercu - lous meningitis is also more common in hiv - positive than in uninfected persons. the case continued... the patient was started on ceftriaxone 2 g bid, fluconazole mg od local protocol for cryptococcal",
      "type": "text"
    },
    {
      "id": 14,
      "text": "ole mg od local protocol for cryptococcal meningitis in the absence of amphotericin b and flucytosin and on treat - ment for presumptive tb - meningitis. table 3. 3 clinical and csf features of acute bacterial, tuberculous and cryptococcal meningitis bacterial pathogen clinical features csf features acute bacterial meningitis strepto",
      "type": "text"
    },
    {
      "id": 15,
      "text": "features csf features acute bacterial meningitis streptococcus pneumoniae, neisseria meningitidis, streptococcus suis asia often very rapid onset with high fever and meningism, cranial nerve involvement less common often cloudy, high leukocyte cell count, predominance of polymorphs, low glucose tuberculous meningitis mycobacterium tuberculosis",
      "type": "text"
    },
    {
      "id": 16,
      "text": "glucose tuberculous meningitis mycobacterium tuberculosis often a history of several days of illness, onset less abrupt, cranial nerve involvement common often clear, high csf protein, low csf glucose cryptococcal meningitis cryptococcus neoformans often subacute onset, severe headache common, cranial nerve involvement common csf can be normal in at least 2 5",
      "type": "text"
    },
    {
      "id": 17,
      "text": "csf can be normal in at least 2 5 % of cases table 3. 1 blood results on admission parameter patient reference wbc 1 0 9 l 3. 2 4 - 1 0 hb g dl 1 0. 2 1 2 - 1 4 platelets 1 0 9 l 5 0 - 3 5 0 serum glucose mmol l 4. 0 3. 9 - 1 1. 1",
      "type": "text"
    },
    {
      "id": 18,
      "text": ". 0 3. 9 - 1 1. 1 thick film for malaria and trypanosomes negative negative table 3. 2 csf results on admission parameter patient reference white cell count μl 5 4 0 - 5 csf protein g l 3. 0 0. 2 5 - 0. 5 5 csf glucose mmol l 1. 3 2. 0 - 2.",
      "type": "text"
    },
    {
      "id": 19,
      "text": "l 1. 3 2. 0 - 2. 6 4 ∗ ∗ ½ to ⅔ of paired serum glucose sample. 8 chapter 3 a 2 6 - year - old woman from malawi with headache, confusion and unilateral ptosis # page 3 the hiv test came back reactive. india ink stain, crypto - coccal and bacterial culture were reported negative, but acid",
      "type": "text"
    },
    {
      "id": 20,
      "text": "al and bacterial culture were reported negative, but acid - fast bacilli were detected in the csf fig. 3. 2. the diagnosis of tuberculous meningitis was established. a few days into treatment the patient slipped into a coma. an mri scan of her brain revealed bilateral basal ganglia infarc - tions. she died in the hospital. summary box tuberculous",
      "type": "text"
    },
    {
      "id": 21,
      "text": "died in the hospital. summary box tuberculous meningitis tuberculous tb meningitis is the most dramatic form of tuber - culosis. after the release of bacilli and granulomatous material into the subarachnoid space, a florid gelatinous exudate forms, which may impair csf circulation and cause hydrocephalus, crani",
      "type": "text"
    },
    {
      "id": 22,
      "text": "sf circulation and cause hydrocephalus, cranial nerve palsies and vasculitis. vasculitis is the most serious com - plication of tuberculous meningitis and may lead to cerebrovas - cular accidents. a definitive diagnosis of tb - meningitis is established when acid - fast bacilli are seen in the csf or detected by a reliable molecular method such",
      "type": "text"
    },
    {
      "id": 23,
      "text": "csf or detected by a reliable molecular method such as pcr, or if mycobacterium tuberculosis is cultured from the csf. it is crucial to maintain a high index of suspicion in settings with high tb prevalence table 3. 4. the who now recommends the use of xpert mtb rif ultra as the initial diagnostic test for suspected tuberculous meningitis. the xpert is",
      "type": "text"
    },
    {
      "id": 24,
      "text": "tuberculous meningitis. the xpert is a cartridge - based fully automated pcr test that can easily be used, even in resource - limited settings. tb - meningitis is an emergency. treatment should be started without delay once the diagnosis is considered. the who recommends treatment with the same regimen as any form of tuberculosis starting with isoniazid, rifampicin,",
      "type": "text"
    },
    {
      "id": 25,
      "text": "isoniazid, rifampicin, ethambutol and pyrazinamide. usually, treatment is for 9 to 1 2 months. corticosteroids seem to improve clinical outcomes and are cur - rently recommended ; however, their effects may vary in different clinical settings. further reading 1. thwaites g. tuberculosis. in : farrar j, editor. manson",
      "type": "text"
    },
    {
      "id": 26,
      "text": ". in : farrar j, editor. manson ’ s tropical diseases. 2 3 rd ed. london : elsevier ; [ chapter 4 0 ]. 2. bahr nc, nuwagira e, evans ee, et al. diagnostic accuracy of xpert mtb rif ultra for tuberculous meningitis in hiv - infected adults : a prospective cohort study. lancet infe",
      "type": "text"
    },
    {
      "id": 27,
      "text": "adults : a prospective cohort study. lancet infect dis ; 1 8 : 6 8 - 7 5. 3. marais s, thwaites g, schoeman jf, et al. tuberculous meningitis : a uniform case definition for use in clinical research. lancet infect dis ; 1 0 : 8 0 3 - 1 2. 4. thwaites g",
      "type": "text"
    },
    {
      "id": 28,
      "text": "- 1 2. 4. thwaites g. advances in the diagnosis and treatment of tubercu - lous meningitis. curr opin neurol ; 2 6 : 2 9 5 - 3 0 0. 5. davis a, mentjes g, wilkinson rj. treatment of tuberculous meningitis and its complications in adults. curr treat options neurol ; 2",
      "type": "text"
    },
    {
      "id": 29,
      "text": "adults. curr treat options neurol ; 2 0 : 5 - 1 5. • fig. 3. 2 ziehl - neelsen stain of csf sample showing acid - fast bacilli arrows. courtesy prof. jeremy day. table 3. 4 the four pillars of clinical diagnosis of tuberculous meningitis clinical criteria symptom duration > 5 days systemic symptoms suggestive of tuberculosis one",
      "type": "text"
    },
    {
      "id": 30,
      "text": "> 5 days systemic symptoms suggestive of tuberculosis one or more of the following : weight loss or poor weight gain in children, night sweats, or persistent cough for more than 2 weeks history of close contact with an individual with pulmonary tuberculosis or a positive tuberculin skin test within the past year focal neurological deficit cranial nerve palsy altered consciousness csf criteria clear appearance leukocytes :",
      "type": "text"
    },
    {
      "id": 31,
      "text": "csf criteria clear appearance leukocytes : 1 0 - 5 0 0 μl lymphocytic predominance > 5 0 % protein concentration > 1 g l csf to plasma - glucose ratio < 5 0 % or absolute csf glucose concentration < 2. 2 mmol l neuroimaging criteria hydrocephalus basal meningeal enhancement tuberculoma infar",
      "type": "text"
    },
    {
      "id": 32,
      "text": "al meningeal enhancement tuberculoma infarct pre - contrast basal hyperdensity evidence of tb elsewhere chest radiography suggestive of active tb evidence for tb outside the cns on ct, mri or ultrasound afb identified or m. tuberculosis cultured from another source sputum, lymph node, gastric washing, urine, blood culture positive commercial m. tuberculosis - pcr from extran",
      "type": "text"
    },
    {
      "id": 33,
      "text": "positive commercial m. tuberculosis - pcr from extraneural specimen footnote : marais, s., thwaites, g., schoeman, j. f., etal.,. tuberculous meningitis : a uniform case definition for use in clinical research. lancet infect dis. 1 0, 8 0 3 - 8 1 2. 9 chapter 3 a 2 6 - year",
      "type": "text"
    },
    {
      "id": 34,
      "text": "2. 9 chapter 3 a 2 6 - year - old woman from malawi with headache, confusion and unilateral ptosis",
      "type": "text"
    }
  ],
  "images": [
    {
      "path": "Processed/images/3---A-26-Year-Old-Woman-from-Malawi-with-Headache-_2022_Clinical-Cases-in-Tr/3---A-26-Year-Old-Woman-from-Malawi-with-Headache-_2022_Clinical-Cases-in-Tr_p1_img1.jpeg",
      "type": "image"
    },
    {
      "path": "Processed/images/3---A-26-Year-Old-Woman-from-Malawi-with-Headache-_2022_Clinical-Cases-in-Tr/3---A-26-Year-Old-Woman-from-Malawi-with-Headache-_2022_Clinical-Cases-in-Tr_p3_img1.jpeg",
      "type": "image"
    }
  ]
}