{
  "file": "30---A-12-Year-Old-Boy-from-Rural-Kenya-With_2022_Clinical-Cases-in-Tropical.md",
  "n_chunks": 29,
  "text_embedding": "Processed_embeddings/embeddings/text/30---A-12-Year-Old-Boy-from-Rural-Kenya-With_2022_Clinical-Cases-in-Tropical_text.npy",
  "image_embedding": "Processed_embeddings/embeddings/image/30---A-12-Year-Old-Boy-from-Rural-Kenya-With_2022_Clinical-Cases-in-Tropical_images.npy",
  "chunks": [
    {
      "id": 0,
      "text": "# page 1 3 0 a 1 2 - year - old boy from rural kenya with painful eyes hillary k. rono, andrew bastawrous and nicholas a. v. beare clinical presentation history a 1 2 - year - old boy is brought to a health centre in rural north - west kenya. he reports 2 months of painful, watery, red eyes. the watering of",
      "type": "text"
    },
    {
      "id": 1,
      "text": ", watery, red eyes. the watering of his eyes is worse in the sun and he is struggling to keep his eyes open. six months previously he was treated at a dispensary for less severe symptoms. he was given tetracycline eye oint - ment but his symptoms did not improve. after this, he went to a traditional healer who applied some juice extracts from the ecu",
      "type": "text"
    },
    {
      "id": 2,
      "text": "traditional healer who applied some juice extracts from the ecucuka plant aloe vera species. after instillation he experienced severe eye pain and discharge, both eyes became very red and he could hardly see. the boy lives with his parents in loima, turkana county, a hot, dusty and dry area of kenya. they fetch water from a dried riverbed about 6 kilometres from home",
      "type": "text"
    },
    {
      "id": 3,
      "text": "from a dried riverbed about 6 kilometres from home. they keep herds of cows and sheep, and the boy helps with herding and watering. clinical findings a 1 2 - year - old boy who appears systemically well. very poor vision in both eyes : his visual acuity is 6 6 0 with the left eye, but he can only perceive hand movements with the",
      "type": "text"
    },
    {
      "id": 4,
      "text": "but he can only perceive hand movements with the right eye. the findings on examination are shown in table 3 0. 1 and figures 3 0. 1 and 3 0. 2. table 3 0. 1 findings on inspection of both eyes right eye left eye lid fibrotic lids with loss of lid architecture and tightening of palpebral aperture loss of lashes from lower lid,",
      "type": "text"
    },
    {
      "id": 5,
      "text": "bral aperture loss of lashes from lower lid, misdirected and in - turned upper lid lashes trichiasis lids swollen, mucus deposits, eyelashes misdirected eversion of lower lid margin conjunctiva severely inflamed > 5 follicles subepithelial inflammatory foci identified on eversion of lids scarring of the upper tarsal conjunctivae cor",
      "type": "text"
    },
    {
      "id": 6,
      "text": "the upper tarsal conjunctivae cornea diffuse corneal opacification scarring with central thinning and irregular surface fibrovascular pannus on the upper cornea focal inferocentral corneal scars, one with adherent iris indicating previous perforation thin central cornea anterior chamber not visible shallow pupil not visible distorted towards the leucoma corneal scar",
      "type": "text"
    },
    {
      "id": 7,
      "text": "visible distorted towards the leucoma corneal scar • fig. 3 0. 1 the right eye showing lid scarring, trichiasis and extensive corneal opacification. 8 2 # page 2 questions 1. what are your differential diagnoses? 2. what features fit the criteria for trachoma? discussion a 1 2 - year - old kenyan boy from a pastoralist",
      "type": "text"
    },
    {
      "id": 8,
      "text": "- year - old kenyan boy from a pastoralist community in an arid area presents with painful, red eyes, discharge and poor vision. he has a history of using traditional eye medi - cine. on examination he has lid, conjunctival and corneal scarring associated with severe follicular inflammation and trichiasis in - turning lashes. one eye has a",
      "type": "text"
    },
    {
      "id": 9,
      "text": "asis in - turning lashes. one eye has a perforated cor - neal ulcer with scarred iris adhesion leucoma. answer to question 1 what are your differential diagnoses? the most important diagnoses to consider are : 1. corneal and conjunctival damage from use of traditional eye medicine. 2. trachomatous trichiasis. 3. vitamin",
      "type": "text"
    },
    {
      "id": 10,
      "text": "chomatous trichiasis. 3. vitamin a deficiency. further useful information includes dietary intake, his - tory of measles predisposing to vitamin a deficiency and ide - ally blood retinol vitamin a levels this only drops once hepatic stores of vitamin a are severely depleted. answer to question 2 what features fit the criteria for trachoma? for the diagnosis of trach",
      "type": "text"
    },
    {
      "id": 11,
      "text": "trachoma? for the diagnosis of trachoma, two out of five clinical criteria need to be fulfilled. this boy has all five criteria : 1. follicles on the tarsal inner conjunctiva. these are 0. 5 to 2 mm pale, raised inflammatory foci with hyperaemic surround. multiple follicles give a rough or dimpled appearance to",
      "type": "text"
    },
    {
      "id": 12,
      "text": "licles give a rough or dimpled appearance to the surface of the conjunctiva. 2. conjunctival scarring of the upper tarsal conjunctiva. white bands or strands evident on everting flipping the upper eyelid which can also sometimes be seen on the inner lower lid. 3. limbal follicles or herbert ’ s pits",
      "type": "text"
    },
    {
      "id": 13,
      "text": "al follicles or herbert ’ s pits. follicles can occur at the edge of the cornea limbus, and they leave 0. 5 to 2 mm dark circular lesions herbert ’ s pits. 4. fibrovascular pannus, mostly affecting the upper cornea. ingrowth of fibrovascular tissue from the limbus ruining the transparency of the cornea",
      "type": "text"
    },
    {
      "id": 14,
      "text": "the limbus ruining the transparency of the cornea. 5. trichiasis on the upper lid. in - turning of the lashes so they scuff the cornea. the case continued … the child was diagnosed with bilateral trachomatous trichi - asis tt, corneal opacity co and a left perforating corneal ulcer. these may have been exacerb",
      "type": "text"
    },
    {
      "id": 15,
      "text": "ulcer. these may have been exacerbated by the application of traditional medicine. he was admitted and given oral azithromycin and oral vitamin a supplements. he was referred to the ophthalmol - ogist for lid surgery to redress trichiasis, and for a conjunc - tival flap to seal the corneal defect. summary box trachoma tra",
      "type": "text"
    },
    {
      "id": 16,
      "text": "corneal defect. summary box trachoma trachoma, caused by chlamydia trachomatis, is the leading infectious cause of blindness in the world. it accounts for about 1. 4 % of the world ’ s blindness, but rates in affected communities in africa are much higher. in endemic areas, active trachoma prevalence in pre - school children can be",
      "type": "text"
    },
    {
      "id": 17,
      "text": "choma prevalence in pre - school children can be as high as 6 0 % to 9 0 %. trachoma is common in poor rural communities, where there is scarcity of water, poor sanitation and low socioeconomic sta - tus. the spread occurs because of overcrowding within house - holds. women are affected more than men and younger children are at greater risk of infection, especially",
      "type": "text"
    },
    {
      "id": 18,
      "text": "younger children are at greater risk of infection, especially children under 5 years old. after repeated infections in childhood, signs of trachoma progress from conjunctival inflammation to scarring. scarring of the tarsal conjunctiva leads to inversion of the lid resulting in tri - chiasis. repetitive damage and infections lead to corneal scarring and consequent",
      "type": "text"
    },
    {
      "id": 19,
      "text": "infections lead to corneal scarring and consequent visual impairment or blindness. a simplified scheme for assessing and classifying trachoma based on clinical signs has been developed. the stages are : trachomatous inflammation with follicles tf intense trachomatous inflammation ti trachomatous conjunctival scarring ts trachomatous trichiasis tt and cor",
      "type": "text"
    },
    {
      "id": 20,
      "text": "trachomatous trichiasis tt and corneal opacity because of trachoma co. tf and ti are prevalent in young children and are manifesta - tions of moderate and severe active infection, while tt is common in adults. who has a global programme to eliminate trachoma as a disease of public health importance by get. this programme includes mass antibiotic administrations to reduce",
      "type": "text"
    },
    {
      "id": 21,
      "text": ". this programme includes mass antibiotic administrations to reduce the prevalence of chlamydia infections, facial cleanliness, envi - ronmental improvement and surgery - the safe strategy : s surgery for advanced cases. a antibiotic treatment. f facial cleanliness to reduce transmission. e environmental improvement. both tetracyclines and macrolides are effective against tra - choma in its acute stage tf",
      "type": "text"
    },
    {
      "id": 22,
      "text": "against tra - choma in its acute stage tf and ti. tetracycline ointment can be • fig. 3 0. 2 the left eye with a focal corneal scarring including a perfo - rated corneal ulcer with adherent iris leucoma. 8 3 chapter 3 0 a 1 2 - year - old boy from rural kenya with painful eyes # page 3 applied",
      "type": "text"
    },
    {
      "id": 23,
      "text": "from rural kenya with painful eyes # page 3 applied twice daily for 6 weeks. however, adherence to this treatment is poor. a single oral dose of azithromycin is equally effective and more convenient 2 0 mg kg for children, 1 g for adults. the who recommends 3 years of annual azithromycin as part of a trachoma control programme in communities where active",
      "type": "text"
    },
    {
      "id": 24,
      "text": "a trachoma control programme in communities where active trachoma is present in > 1 0 % of children. however, without additional environmental and economic improvement antibiotic treatment will not have a permanent effect. communities need to secure suitable water supply, build and use well - designed latrines, safely dispose of rubbish and house animals apart from the family home. further reading 1. be",
      "type": "text"
    },
    {
      "id": 25,
      "text": "from the family home. further reading 1. beare nav, bastawrous a. ophthalmology in the tropics and sub - tropics. in : farrar j, editor. manson ’ s tropical diseases. 2 3 rd ed. london : elsevier ; [ chapter 6 7 ]. 2. mabey dc, solomon aw, foster a. trachoma. lancet ;",
      "type": "text"
    },
    {
      "id": 26,
      "text": "foster a. trachoma. lancet ; 3 6 2 : 2 2 3 - 9. 3. negrel ad, mariotti sp. trachoma rapid assessment : rationale and basic principles. community eye health int cent eye health ; 1 2 3 2 : 5 1 - 3. 4. emerson pm, burton m, solomon aw, et al. the safe",
      "type": "text"
    },
    {
      "id": 27,
      "text": "m, solomon aw, et al. the safe strategy for trachoma control : using operational research for policy, plan - ning and implementation. bull who ; 8 4 8 : 6 1 3 - 9. 5. who. trachoma. available from https : www. who. int news - room fact - sheets detail trachoma accessed 2 7. 0 6...",
      "type": "text"
    },
    {
      "id": 28,
      "text": "choma accessed 2 7. 0 6... 8 4 chapter 3 0 a 1 2 - year - old boy from rural kenya with painful eyes",
      "type": "text"
    }
  ],
  "images": [
    {
      "path": "Processed/images/30---A-12-Year-Old-Boy-from-Rural-Kenya-With_2022_Clinical-Cases-in-Tropical/30---A-12-Year-Old-Boy-from-Rural-Kenya-With_2022_Clinical-Cases-in-Tropical_p1_img1.jpeg",
      "type": "image"
    },
    {
      "path": "Processed/images/30---A-12-Year-Old-Boy-from-Rural-Kenya-With_2022_Clinical-Cases-in-Tropical/30---A-12-Year-Old-Boy-from-Rural-Kenya-With_2022_Clinical-Cases-in-Tropical_p2_img1.jpeg",
      "type": "image"
    }
  ]
}