{
  "file": "31---A-6-Year-Old-Boy-from-Malawi-With-Fever--Cou_2022_Clinical-Cases-in-Tro.md",
  "n_chunks": 24,
  "text_embedding": "Processed_embeddings/embeddings/text/31---A-6-Year-Old-Boy-from-Malawi-With-Fever--Cou_2022_Clinical-Cases-in-Tro_text.npy",
  "image_embedding": "Processed_embeddings/embeddings/image/31---A-6-Year-Old-Boy-from-Malawi-With-Fever--Cou_2022_Clinical-Cases-in-Tro_images.npy",
  "chunks": [
    {
      "id": 0,
      "text": "# page 1 3 1 a 6 - year - old boy from malawi with fever, cough and impaired consciousness charlotte adamczick clinical presentation history you review a 6 - year - old boy in the paediatric high depen - dency unit of a malawian central hospital. the boy was admitted the night before because of high fever, dyspnoea and a dry cough which had",
      "type": "text"
    },
    {
      "id": 1,
      "text": "dyspnoea and a dry cough which had started 3 days before. on admis - sion, he was started on presumptive antimalarial treatment ; the results of the malaria smear are pending. the boy is known to be hiv - positive but is not yet on antiretroviral therapy art. clinical findings examination reveals a sick child with a temperature of 3 9.",
      "type": "text"
    },
    {
      "id": 2,
      "text": "a sick child with a temperature of 3 9. 8 ° c 1 0 3. 6 ° f and laboured breathing. the blantyre coma score is 3 5. the boy has coryza and bilateral conjunc - tivitis. behind both ears and on the forehead, you notice a fine maculopapular rash that has not been described before. there is bilateral",
      "type": "text"
    },
    {
      "id": 3,
      "text": "that has not been described before. there is bilateral axillary lymphadenopathy. questions 1. what is your differential diagnosis? 2. what complications do you expect and how do you man - age the child? discussion an hiv - positive malawian boy presents with high fever, dry cough, coryza, conjunctivitis and impaired level of con - sciousness",
      "type": "text"
    },
    {
      "id": 4,
      "text": "tivitis and impaired level of con - sciousness together with a fine maculopapular rash on the neck and face. answer to question 1 what is your differential diagnosis? the symptoms and signs are rather non - specific and the list of differential diagnoses is long, ranging from malaria and typhoid fever to atypical pneumonia and various viral infec - tions. also a combination of",
      "type": "text"
    },
    {
      "id": 5,
      "text": "viral infec - tions. also a combination of different diagnoses has to be considered, given his state of immunosuppression. however, the boy shows the three ‘ cs ’ of “ cough, coryza and conjunctivitis ”. together with his rather con - spicuous rash starting behind his ears, measles should be suspected. bright red spots with a",
      "type": "text"
    },
    {
      "id": 6,
      "text": "measles should be suspected. bright red spots with a whitish centre ‘ koplik ’ s spots ’ on the buccal mucosa would be pathognomonic ; however, they may be absent, or may appear only for a short period of time. other viral infections presenting with a similar rash are rubella, enterovirus infection and infectious mononucle",
      "type": "text"
    },
    {
      "id": 7,
      "text": ", enterovirus infection and infectious mononucleosis. bacterial infections to consider include scarlet fever, menin - gococcal disease and rickettsial infections. answer to question 2 what complications should you expect and how do you manage the patient? complications in measles are much more common in indi - viduals with cellular immune defects than in the immuno - competent.",
      "type": "text"
    },
    {
      "id": 8,
      "text": "immune defects than in the immuno - competent. severe diarrhoea, septicaemia, giant cell pneumonia, superimposed bacterial pneumonia, encephali - tis, otitis media and corneal ulcerations can complicate the course of disease. in this case, with a reduced blantyre coma scale and laboured breathing, encephalitis and pulmonary involvement have",
      "type": "text"
    },
    {
      "id": 9,
      "text": "oured breathing, encephalitis and pulmonary involvement have to be considered. because the rash in this boy has only just appeared, he is still contagious and needs to be isolated and nursed in a separate room. 8 5 # page 2 the case continued … the boy required iv fluids, and vitamin a was given for cor - neal protection. malaria treatment was stopped as smears turned out",
      "type": "text"
    },
    {
      "id": 10,
      "text": ". malaria treatment was stopped as smears turned out to be negative. within the next 3 days, the rash covered the trunk and skin scaling started over the chest fig. 3 1. 1. the boy developed severe pneumonia and received antibiotic treatment. after recovery, antiretroviral therapy was started in the out - patient - clinic. summary box measles measles is a highly contagious viral infection,",
      "type": "text"
    },
    {
      "id": 11,
      "text": "box measles measles is a highly contagious viral infection, caused by a para - myxovirus and transmitted through droplets. the course of the disease is strongly influenced by both nutritional and immune status of the affected individual. despite the availability of a highly effective vaccine, large measles outbreaks continue to occur worldwide. after an incu - bation period of 8 to 1 2 days, the",
      "type": "text"
    },
    {
      "id": 12,
      "text": "ation period of 8 to 1 2 days, the non - specific prodromal stage presents with fever, conjunctivitis, rhinitis and cough, followed after a few days by a maculopapular rash, evolving behind the ears and in the face, spreading over the trunk and limbs. severe desquamation of the skin may develop during the course of the illness",
      "type": "text"
    },
    {
      "id": 13,
      "text": "the skin may develop during the course of the illness. the patient is highly contagious from about 4 days before until up to 4 days after the appearance of the exanthema. immunocompromised individuals may not show the rash ‘ white measles ’, nevertheless they are highly vulnerable to developing complications. furthermore, a sub - acute ‘ inclusion - body ’ encephalitis",
      "type": "text"
    },
    {
      "id": 14,
      "text": "‘ inclusion - body ’ encephalitis has been described in the immunocompromised, which occurs a few months after the acute measles infection. a late complication after several years is subacute severe sclerosing panencephalitis sspe, which is invariably fatal. sspe has an incidence of one in 0 to one in a million cases of measles. the case",
      "type": "text"
    },
    {
      "id": 15,
      "text": "one in a million cases of measles. the case fatality rate cfr in well - resourced settings is around 0. 3 per whereas worldwide cfrs range between 3 and 5 % and up to 3 0 % in refugee settings. more than 9 5 % of deaths occur in developing countries, mostly in children below the age of 5 years old. there is no specific antiviral treatment.",
      "type": "text"
    },
    {
      "id": 16,
      "text": "old. there is no specific antiviral treatment. in developing coun - tries, all children with measles should receive vitamin a supple - mentation, which prevents blindness and death. vaccination or application of human immunoglobulin within 6 days of exposure may help protect non - vaccinated contacts. routine measles vaccination of children is recommended by who. recent adaptations in international vaccination schedules are recommending",
      "type": "text"
    },
    {
      "id": 17,
      "text": ". recent adaptations in international vaccination schedules are recommending measles vaccination in infants of 9 months of age. almost 1 0 0 % of children vaccinated with two doses of the safe live measles vaccine will have protective immunity. however, since measles is highly contagious, around 9 5 % of a population need to be vaccinated to preserve herd immunity. asymptomatic and not severely immunocompromised chil",
      "type": "text"
    },
    {
      "id": 18,
      "text": "mptomatic and not severely immunocompromised chil - dren with hiv should receive measles vaccine because the risk of severe measles complications outweighs possible side effects of the vaccine. in severely immunocompromised persons with hiv, art should be started and measles vaccination should be delayed until immune reconstitution. however, immune response may be hampered in hiv - positive individuals, particularly if the viral load is",
      "type": "text"
    },
    {
      "id": 19,
      "text": "- positive individuals, particularly if the viral load is high at the time of vaccination. further reading 1. munoz fm. viral exanthemas. in : farrar j, editor. manson ’ s trop - ical diseases. 2 3 rd ed. london : elsevier ; [ chapter 2 0 ]. 2. maldonado a, shetty a. rubeola virus :",
      "type": "text"
    },
    {
      "id": 20,
      "text": "a, shetty a. rubeola virus : measles and subacute scle - rosing panencephalitis. in : long s, editor. pediatric infectious dis - eases. 5 th ed. philadelphia : elsevier ; [ chapter 2 2 7 ]. 3. mekki m, ely b, hardie d, et al. subacute sclerosing panencepha",
      "type": "text"
    },
    {
      "id": 21,
      "text": "al. subacute sclerosing panencepha - litis : clinical phenotype, epidemiology, and preventive interven - tions. dev med child neurol ; 6 1 1 0 : 4 4. https : doi. org 1 0. dmcn. 6. 4. haban h, benchekroun s, sadeq m, et al.",
      "type": "text"
    },
    {
      "id": 22,
      "text": "s, sadeq m, et al. seroprevalence of mea - sles vaccine antibody response in vertically hiv - infected children in morocco. bmc infect dis ; 1 8 : 6 8 0. https : doi. org 1 0. s 9 - 0 1 8 y. • fig. 3 1. 1 scaling of the erythematous rash. 8",
      "type": "text"
    },
    {
      "id": 23,
      "text": "scaling of the erythematous rash. 8 6 chapter 3 1 a 6 - year - old boy from malawi with fever, cough and impaired consciousness",
      "type": "text"
    }
  ],
  "images": [
    {
      "path": "Processed/images/31---A-6-Year-Old-Boy-from-Malawi-With-Fever--Cou_2022_Clinical-Cases-in-Tro/31---A-6-Year-Old-Boy-from-Malawi-With-Fever--Cou_2022_Clinical-Cases-in-Tro_p2_img1.jpeg",
      "type": "image"
    }
  ]
}