{
  "file": "32---A-44-Year-Old-Male-Farmer-from-Laos-With-Di_2022_Clinical-Cases-in-Trop.md",
  "n_chunks": 36,
  "text_embedding": "Processed_embeddings/embeddings/text/32---A-44-Year-Old-Male-Farmer-from-Laos-With-Di_2022_Clinical-Cases-in-Trop_text.npy",
  "image_embedding": "Processed_embeddings/embeddings/image/32---A-44-Year-Old-Male-Farmer-from-Laos-With-Di_2022_Clinical-Cases-in-Trop_images.npy",
  "chunks": [
    {
      "id": 0,
      "text": "# page 1 3 2 a 4 4 - year - old male farmer from laos with diabetes and a back abscess sayaphet rattanavong, valy keoluangkhot, siho sisouphonh, vatthanaphone latthaphasavang, david a. b. dance and caoimhe nic fhogartaigh clinical presentation history",
      "type": "text"
    },
    {
      "id": 1,
      "text": "he nic fhogartaigh clinical presentation history a 4 4 - year - old male rice farmer presents to a provincial hos - pital in southern laos in the rainy season with a 1 - month history of fever, headache, generalized myalgia and arthralgia and a painful swelling over the left scapula. the swelling has gradually increased in size, without any history of prece",
      "type": "text"
    },
    {
      "id": 2,
      "text": "gradually increased in size, without any history of preceding trauma. he has not noticed any lesions elsewhere. he was diagnosed with type 2 diabetes 4 years previously but was not compliant with oral antidiabetic drugs or follow - up. the lesion on his back was incised and drained at a local health centre the previous week, since when he has been tak - ing cloxac",
      "type": "text"
    },
    {
      "id": 3,
      "text": "when he has been tak - ing cloxacillin 1 g four times daily. however, there has been no improvement and during the 2 days prior to admission he has deteriorated, with high fever, chills and severe malaise. clinical findings the patient appears septic, with a fever of 4 0 ° c 1 0 4 ° f, a heart rate of 1 3 6 bpm,",
      "type": "text"
    },
    {
      "id": 4,
      "text": ", a heart rate of 1 3 6 bpm, blood pressure of 1 4 0 8 0 mmhg and a respiratory rate of 3 0 breath cycles per minute. he is pale and jaundiced. in the left scapular region, there is an ery - thematous swelling of 2. 5 4 cm with pus discharging from a central wound fig. 3 2. 1",
      "type": "text"
    },
    {
      "id": 5,
      "text": "from a central wound fig. 3 2. 1. there is no regional lymphade - nopathy. on chest auscultation there are bilateral crepita - tions and reduced breath sounds at both lung bases. heart sounds are normal. the abdomen is soft, without any palpa - ble organomegaly. laboratory results the laboratory results are shown in table 3",
      "type": "text"
    },
    {
      "id": 6,
      "text": "laboratory results the laboratory results are shown in table 3 2. 1. questions 1. what are your differential diagnoses? 2. what additional investigations would you like to do? • fig. 3 2. 1 wound on the patient ’ s left shoulder, after incision and drain - age of the abscess. side finding : hypopigmented macular skin lesions of p",
      "type": "text"
    },
    {
      "id": 7,
      "text": "hypopigmented macular skin lesions of pityriasis versicolor malassezia spp., commonly seen in humid tropical climates. table 3 2. 1 laboratory results parameter patient reference range wbc 1 0 9 l 1 6. 2 6. 0 - 8. 0 polymorphs % 9 2. 1 4 5 - 7 0 haemoglobin g dl 1 2",
      "type": "text"
    },
    {
      "id": 8,
      "text": "7 0 haemoglobin g dl 1 2. 5 1 2. 0 - 1 6. 0 platelets 1 0 9 l 5 0 - 3 0 0 glucose mmol l 2 0. 6 4. 1 - 6. 1 serum creatinine μmol l 1 2 0 urea mmol l 6. 8 5. 4 - 1 6. 1 ast u",
      "type": "text"
    },
    {
      "id": 9,
      "text": "5. 4 - 1 6. 1 ast u l 3 7 alt u l 8 3 0 - 4 0 serum total bilirubin μmol l 1 1 1. 2 1. 7 1 - 2 0. 5 serum direct bilirubin μmol l 5 6. 4 0 - 7 8 7 # page 2 discussion a male lao rice famer presents during the",
      "type": "text"
    },
    {
      "id": 10,
      "text": "2 discussion a male lao rice famer presents during the rainy season with prolonged fever, jaundice, a back abscess and chest signs. he is a known type 2 diabetic but has been non - adherent to his antidiabetic medication. answer to question 1 what are your differential diagnoses? bacterial abscess with sepsis may be caused by staphylococcus aureus, stre",
      "type": "text"
    },
    {
      "id": 11,
      "text": "by staphylococcus aureus, streptococcus pyogenes or other streptococcus species, klebsiella pneumoniae, vibrio vulnificus or anaerobes. this patient, however, has epidemiological and clinical risk factors for melioidosis, caused by burkholderia pseudomallei. this may cause a",
      "type": "text"
    },
    {
      "id": 12,
      "text": "ia pseudomallei. this may cause a spectrum of disease in immunocompromised patients, especially diabetics, ranging from localized abscesses to pneumonia and septicaemia with disseminated abscess formation and high mortality. there is often no history of an inoculation injury or trauma. tuberculosis should also be considered with the sub - acute history of abscess with respiratory findings ;",
      "type": "text"
    },
    {
      "id": 13,
      "text": "- acute history of abscess with respiratory findings ; however, tuber - culous abscesses are usually ‘ cold ’, without much pain, ery - thema or warmth. disseminated fungal infection seems unlikely but would be possible if there was additional immunocompromise such as hiv. answer to question 2 what additional investigations would you like to do? essential investigations include blood culture",
      "type": "text"
    },
    {
      "id": 14,
      "text": "you like to do? essential investigations include blood culture and abscess swab or deep pus for microscopy and culture. a throat swab, or sputum sample if there is pulmonary involvement, may also be cultured on selective media, such as ashdown ’ s agar. a chest radiograph cxr should be done looking for evidence of pneumonia or pleural effusion. an ultrasound",
      "type": "text"
    },
    {
      "id": 15,
      "text": "of pneumonia or pleural effusion. an ultrasound of the abdomen, or other imaging such as ct or mri scan, should also be considered, because the findings of liver and splenic abscesses would strongly support a diagnosis of melioidosis while culture results are awaited. biochemistry assays to check glucose and creatinine are important to opti - mize gly",
      "type": "text"
    },
    {
      "id": 16,
      "text": "atinine are important to opti - mize glycaemic control and adjust drug dosage respectively. depending on the cxr findings, sputum, pleural fluid and pus may be sent for staining for acid - fast bacilli e. g. ziehl - neelsen stain and m. tuberculosis - pcr e. g. xpert mtb rif. the case continued …",
      "type": "text"
    },
    {
      "id": 17,
      "text": "xpert mtb rif. the case continued … pus culture yielded b. pseudomallei after 4 8 hours, and later his blood culture also grew the same bacterium. three throat swabs were cultured on selective media but failed to grow the organism. the cxr revealed bilateral pleural effusions fig. 3 2. 2. a shoulder radiograph showed",
      "type": "text"
    },
    {
      "id": 18,
      "text": "3 2. 2. a shoulder radiograph showed no evidence of bony involvement. abdominal ultrasound showed hepatos - plenomegaly without evidence of liver or splenic abscesses. the patient was empirically treated with ceftriaxone and gentamicin while awaiting the culture results. treatment was switched to ceftazidime after 4 8 hours when the",
      "type": "text"
    },
    {
      "id": 19,
      "text": "ftazidime after 4 8 hours when the laboratory alerted the clinicians to the suspicion of melioidosis. the patient improved after 7 days of treatment and was afebrile by day 1 4, when he was switched to oral co - trimoxazole to complete 2 0 weeks. glycaemic control was established. no other foci of infection were detected",
      "type": "text"
    },
    {
      "id": 20,
      "text": "established. no other foci of infection were detected by locally available investigations. the patient was discharged after 2 1 days of hospitalization and continued on oral ‘ eradication ’ treatment for 5 months. he remains well. summary box melioidosis melioidosis is an infectious disease caused by b. pseudomallei, an environmental saprophyte endemic to",
      "type": "text"
    },
    {
      "id": 21,
      "text": "i, an environmental saprophyte endemic to south and south - east asia and northern australia. the disease is being described with increasing frequency both in non - endemic and in endemic areas. this may be because of a combination of greater awareness, improving laboratory facilities and research and possibly also as a result of a genuine increase in incidence. a modelling study has estimated 1 6 5, 0",
      "type": "text"
    },
    {
      "id": 22,
      "text": "a modelling study has estimated 1 6 5, 0 0 0 human melioidosis cases with 8 9, 0 0 0 deaths per year worldwide making it a significant neglected tropical disease ntd, even though it does not feature on the who ’ s list of ntds. north - eastern thailand and northern australia are highly endemic areas, where b. pseudomallei is an",
      "type": "text"
    },
    {
      "id": 23,
      "text": ", where b. pseudomallei is an important cause of community - acquired sepsis and pneumonia. it is probably widely distributed elsewhere outside the endemic region and may be greatly underdiagnosed. humans are thought usually to become infected by percuta - neous inoculation through cuts and abrasions e. g. when working in rice fields, inhalation aspiration during severe weather events and",
      "type": "text"
    },
    {
      "id": 24,
      "text": ", inhalation aspiration during severe weather events and ingestion e. g. ingestion of contaminated and unchlorinated water supplies, although it is often difficult to determine precisely the mode of acquisition. host factors are very important ; the majority of cases occur in those who are immunocompromised, especially with diabetes mellitus, but also alcoholism, chronic lung • fig. 3 2",
      "type": "text"
    },
    {
      "id": 25,
      "text": "holism, chronic lung • fig. 3 2. 2 admission chest radiograph of the patient, showing bilateral pleural effusions. 8 8 chapter 3 2 a 4 4 - year - old male farmer from laos with diabetes and a back abscess # page 3 disease, chronic renal disease, thalassaemia, steroid use, immunosuppressive therapy and cancer, but",
      "type": "text"
    },
    {
      "id": 26,
      "text": "use, immunosuppressive therapy and cancer, but surprisingly not hiv infection. the disease is highly seasonal, with 8 0 % of cases presenting during the wet season. clinical presentation varies from benign localized infection to rapidly progressive septicaemia. the bacteraemic form accounts for 4 0 % to 6 0 % of cases ; and over half present with pneumonia, which carries a case",
      "type": "text"
    },
    {
      "id": 27,
      "text": "over half present with pneumonia, which carries a case fatality rate of 1 0 % to 4 0 %. the lethality is even higher in resource - poor settings where there is limited access to early diagnosis, appropriate antibiotic treatment and intensive care facilities. the organism may localize in the lungs, liver, spleen, prostate, parotid, skin and soft tissue, bones and joints",
      "type": "text"
    },
    {
      "id": 28,
      "text": "tid, skin and soft tissue, bones and joints, or the central nervous system, causing abscesses and granulomas ; but approximately 1 0 % to 1 5 % of bacteraemic cases have no evident clinical focus. it is important to use available imaging to identify the extent of infection and monitor the course of treatment. the confirmation of the diagnosis of melioidosis is",
      "type": "text"
    },
    {
      "id": 29,
      "text": "confirmation of the diagnosis of melioidosis is based on the isolation and identification of b. pseudomallei in clinical samples, and in endemic areas it may be possible to reduce the time to diagnosis using immunofluorescence and lat - eral flow immunoassay on clinical specimens, and b. pseudo - mallei antigen latex agglutination on isolates.",
      "type": "text"
    },
    {
      "id": 30,
      "text": "gen latex agglutination on isolates. serology has relatively low sensitivity and specificity with high rates of back - ground seropositivity in those living in endemic regions. pcr assays on clinical specimens, aiming to provide a more rapid diagnosis, showed high specificity however the sensitivity on blood specimens depends on adequate bacterial concentration. parenteral antibiotics e. g. ce",
      "type": "text"
    },
    {
      "id": 31,
      "text": ". parenteral antibiotics e. g. ceftazidime, meropenem are usually given for 2 weeks in the acute phase, followed by oral co - trimoxazole to complete 3 to 6 months eradication therapy to minimize risk of relapse. for patients unable to take co - trimoxazole, co - amoxiclav is an alternative",
      "type": "text"
    },
    {
      "id": 32,
      "text": ", co - amoxiclav is an alternative but has higher relapse rates. supportive treatment of sepsis and surgical drainage of abscesses, as well as control of predisposing factors are also critical in optimizing outcome. further reading 1. dance db. melioidosis. in : farrar j, editor. manson ’ s tropical diseases. 2 3 rd ed.",
      "type": "text"
    },
    {
      "id": 33,
      "text": "� s tropical diseases. 2 3 rd ed. london : elsevier ; [ chapter 1 6 ]. 2. currie bj. melioidosis : evolving concepts in epidemiology, patho - genesis, and treatment. seminars in respiratory and critical care medicine ; 3 6 1 : 1 1 1 - 2 5. 3. limmathurotsakul d, golding n,",
      "type": "text"
    },
    {
      "id": 34,
      "text": "thurotsakul d, golding n, dance da, et al. predicted global distribution of burkholderia pseudomallei and burden of melioidosis. nat microbiol ; 1 1 : 8. 4. wiersinga wj, virk hs, torres ag, et al. melioidosis. nat rev dis primers ; 4 :",
      "type": "text"
    },
    {
      "id": 35,
      "text": "sis. nat rev dis primers ; 4 : 7. 5. dance d. treatment and prophylaxis of melioidosis. int j antimi - crob agents ; 4 3 4 : 3 1 0 - 8. 8 9 chapter 3 2 a 4 4 - year - old male farmer from laos with diabetes and a back abscess",
      "type": "text"
    }
  ],
  "images": [
    {
      "path": "Processed/images/32---A-44-Year-Old-Male-Farmer-from-Laos-With-Di_2022_Clinical-Cases-in-Trop/32---A-44-Year-Old-Male-Farmer-from-Laos-With-Di_2022_Clinical-Cases-in-Trop_p1_img1.jpeg",
      "type": "image"
    },
    {
      "path": "Processed/images/32---A-44-Year-Old-Male-Farmer-from-Laos-With-Di_2022_Clinical-Cases-in-Trop/32---A-44-Year-Old-Male-Farmer-from-Laos-With-Di_2022_Clinical-Cases-in-Trop_p2_img1.jpeg",
      "type": "image"
    }
  ]
}