{
  "file": "33---A-53-Year-Old-Man-from-Malawi-With-a-C_2022_Clinical-Cases-in-Tropical-.md",
  "n_chunks": 39,
  "text_embedding": "Processed_embeddings/embeddings/text/33---A-53-Year-Old-Man-from-Malawi-With-a-C_2022_Clinical-Cases-in-Tropical-_text.npy",
  "image_embedding": "Processed_embeddings/embeddings/image/33---A-53-Year-Old-Man-from-Malawi-With-a-C_2022_Clinical-Cases-in-Tropical-_images.npy",
  "chunks": [
    {
      "id": 0,
      "text": "# page 1 3 3 a 5 3 - year - old man from malawi with a chronic cough camilla rothe clinical presentation history a 5 3 - year - old malawian man presents to a local hospital with a productive cough and whitish sputum for 3 months. he also reports night sweats and some weight loss, which he is unable to quantify. two months earlier he presented",
      "type": "text"
    },
    {
      "id": 1,
      "text": "unable to quantify. two months earlier he presented to a health centre with the same complaints. he was given presumptive antimalar - ials and amoxicillin for 5 days, but to no avail. the patient is not aware of any tuberculosis tb con - tacts. he is currently not on any medication and his past medical history is unremarkable. he is",
      "type": "text"
    },
    {
      "id": 2,
      "text": "his past medical history is unremarkable. he is a subsistence farmer. he has never worked in a mine or in the construction indus - try. he is a non - smoker. he is married with five children ; all are well. clinical findings 5 3 - year - old man, slightly wasted. temperature 3 8. 8 ° c 1 0 1. 8 ° f",
      "type": "text"
    },
    {
      "id": 3,
      "text": "8 ° c 1 0 1. 8 ° f, blood pressure 1 0 0 8 0 mmhg, pulse 8 8 bpm, oxygen saturation 9 7 % on ambient air. he appears mildly anaemic. on inspection of his mouth there is no oral thrush, no kaposi ’ s sarcoma and no oral hairy leukoplakia. his chest is clear and",
      "type": "text"
    },
    {
      "id": 4,
      "text": "leukoplakia. his chest is clear and there are normal heart sounds without any mur - murs. there is no lymphadenopathy ; liver and spleen are not enlarged. investigations the hiv - test is reactive. his further laboratory results are shown in table 3 3. 1. chest radiography his chest radiograph on admission shows a prominent hilar region bilater",
      "type": "text"
    },
    {
      "id": 5,
      "text": "on admission shows a prominent hilar region bilaterally but is otherwise normal fig. 3 3. 1. table 3 3. 1 laboratory results on admission parameter patient reference wbc 1 0 9 l 3. 2 4 - 1 0 haemoglobin g dl 9. 8 1 3 - 1 5 mcv fl 9 8 platelets 1 0 9 l 5 0 - 3 5",
      "type": "text"
    },
    {
      "id": 6,
      "text": "lets 1 0 9 l 5 0 - 3 5 0 cd 4 count cells μl 0 sputum for afb 2 negative negative malaria rdt negative negative thick smear for plasmodium spp. negative negative • fig. 3 3. 1 chest radiograph on admission showing a prominent hilar region. 9 0 # page 2 questions 1. what is your suspected diagnosis? 2. how",
      "type": "text"
    },
    {
      "id": 7,
      "text": ". what is your suspected diagnosis? 2. how would you approach this patient? discussion a 5 3 - year - old malawian man presents with chronic cough and constitutional symptoms. a course of oral antibiotics did not yield any improvement. the patient is not aware of any tb contacts. on admission he is newly diagnosed with hiv - infection and advanced immunosuppression. his sputum microscopy is",
      "type": "text"
    },
    {
      "id": 8,
      "text": "and advanced immunosuppression. his sputum microscopy is negative for acid - fast bacilli afb. chest radiography shows a prominent hilar region but is otherwise normal. answer to question 1 what is your suspected diagnosis? in all hiv - positive patients with cough and weight loss who do not respond to antibiotic therapy, tuberculosis is top of the list of differential diagnoses. in this case the",
      "type": "text"
    },
    {
      "id": 9,
      "text": "list of differential diagnoses. in this case the most likely diagnosis is smear - negative pulmonary tb. tb in patients with advanced immunosuppression often presents with a clinical picture that is very different from immunocompetent individuals : sputum smear - negative tb, which is uncommon in hiv - negative patients, is com - monly seen in hiv - infected patients, particularly if immu - nosuppression",
      "type": "text"
    },
    {
      "id": 10,
      "text": "infected patients, particularly if immu - nosuppression is advanced as in this case. the slightly prominent hilar region seen on the patient ’ s chest radiograph is compatible with the intrathoracic lymphadenopathy : typ - ical though not specific for tb. physical examination of the chest is normal in about half of hiv patients with pulmonary tb. the fact that",
      "type": "text"
    },
    {
      "id": 11,
      "text": "of hiv patients with pulmonary tb. the fact that the patient does not report any tb contact should not be overvalued. firstly, tb in immunosuppression is often a consequence of reactivation and the primary infec - tion may have been decades ago. secondly, in resource - limited countries, practically everyone is exposed to tb - this could occur during a ride on an overcrowded",
      "type": "text"
    },
    {
      "id": 12,
      "text": "this could occur during a ride on an overcrowded minibus or when con - gregating with friends and family in someone ’ s small home. given the fact that our patient is in an advanced stage of immunosuppression and has not taken any co - trimoxazole prophylaxis, an alternative or possibly co - existing diagnosis to consider is pneumocystis ji",
      "type": "text"
    },
    {
      "id": 13,
      "text": "existing diagnosis to consider is pneumocystis jirovecii pneumonia pcp. a concomitant bacterial chest infection is possible but unlikely to explain the whole 3 months of illness. kaposi ’ s sarcoma ks of the lung is another differential diagnosis to consider, but patients with pulmonary ks usu - ally have manifestations of ks elsewhere skin, oral mucosa",
      "type": "text"
    },
    {
      "id": 14,
      "text": "stations of ks elsewhere skin, oral mucosa. on chest radiography of patients with pulmonary ks, patchy infiltrations are commonly seen in the lower lung zones. nei - ther was the case in our patient, which makes this diagnosis unlikely. pulmonary malignancy or pulmonary sarcoidosis, which would be high on the list of differential diagnoses in indus - trialized",
      "type": "text"
    },
    {
      "id": 15,
      "text": "of differential diagnoses in indus - trialized countries, are much less likely than an infectious cause in the given setting. apart from chest infections, gram - negative sepsis second - ary to invasive non - typhoidal salmonellae ints needs to be considered in this febrile and anaemic patient with advanced immunosuppression. answer to question 2 how would you approach this patient?",
      "type": "text"
    },
    {
      "id": 16,
      "text": "to question 2 how would you approach this patient? induced sputum should be examined for acid - fast bacilli. real - time pcr - based tests such as xpert mtb rif are easy to use, more sensitive than microscopy and also help detect rifampicin resistance. thanks to an endorsement by who and international donor support, xpert mtb rif is increasingly available even at",
      "type": "text"
    },
    {
      "id": 17,
      "text": "xpert mtb rif is increasingly available even at remote hospitals in rural areas. mycobacterial cultures of the sputum should be done but results will take several weeks, too long to guide the clini - cian ’ s imminent decision. ideally, bronchoscopy with bronchoalveolar lavage should be done and material assessed for m. tuberculosis pcr, cul -",
      "type": "text"
    },
    {
      "id": 18,
      "text": "assessed for m. tuberculosis pcr, cul - ture, microscopy and pneumocystis jirovecii pcr, micros - copy. pulmonary kaposi ’ s sarcoma could also be diagnosed on endoscopy. urine lipoarabinomannan urine - lam is a simple lateral - flow assay helpful to look for tb in patients with advanced immunosuppression cd 4 <",
      "type": "text"
    },
    {
      "id": 19,
      "text": "tb in patients with advanced immunosuppression cd 4 < 1 0 0 μl. a positive test indicates disseminated tb with renal involvement. ultrasound is also very useful and simple to look for signs of extrapulmonary disseminated tb in patients with advanced immunosuppression. simple and very useful algo - rithms have been published to guide clinicians not ultrasound - experienced in the diagnosis of tb.",
      "type": "text"
    },
    {
      "id": 20,
      "text": "not ultrasound - experienced in the diagnosis of tb. if none of these investigations is available, it is well justi - fiable to empirically start the patient on antituberculous treatment, because sputum smear - negative tb is common and fatal if untreated. adding prednisolone for the first 4 weeks of antituberculous treatment has been shown to reduce",
      "type": "text"
    },
    {
      "id": 21,
      "text": "ituberculous treatment has been shown to reduce the incidence of immune - reconstitution inflamma - tory syndrome iris. additional antibiotic treatment should be considered in this febrile patient with advanced immunosuppression. if available, blood cultures should be taken in any febrile patient before starting antibiotic treatment. also, adding high - dose co - trimoxazole to antituber",
      "type": "text"
    },
    {
      "id": 22,
      "text": "- trimoxazole to antituberculous therapy as pre - sumptive treatment for pcp has to be considered if the patient does not clinically improve. the optimal timing to initiate antiretroviral therapy art is within the first 8 weeks of starting antituberculous treatment and within the first 2 weeks for patients who have cd 4 cell counts < 5 0",
      "type": "text"
    },
    {
      "id": 23,
      "text": "patients who have cd 4 cell counts < 5 0 cells μl. the case continued … induced sputum results came back negative for afb and there was no sputum pcr available. the patient ’ s exercise test walking down the hospital corridor three times at a fast pace showed oxygen saturation of 9 8 % as opposed to 9 7 % at rest, and was therefore negative.",
      "type": "text"
    },
    {
      "id": 24,
      "text": "7 % at rest, and was therefore negative. 9 1 chapter 3 3 a 5 3 - year - old man from malawi with a chronic cough # page 3 the patient was treated for a possible bacterial chest infec - tion, covering also for gram - negative bacteria. he received ceftriaxone 2 g iv od and erythromycin 5 0 0 mg qid for",
      "type": "text"
    },
    {
      "id": 25,
      "text": "thromycin 5 0 0 mg qid for 5 days. it was decided not to treat him for pcp and he received the prophylactic dose of co - trimoxazole 4 8 0 mg bid according to local national guidelines. nonetheless, his fever persisted, even though the cough subjectively improved slightly. on day 7 in the hospital, the patient was",
      "type": "text"
    },
    {
      "id": 26,
      "text": "on day 7 in the hospital, the patient was started on empir - ical treatment for smear - negative tb with four antitubercu - lous drugs isoniazid h, rifampicin r, pyrazinamide p and ethambutol e. after the first week of treatment, he started to feel better. his fever went down and the cough gradually settled",
      "type": "text"
    },
    {
      "id": 27,
      "text": ". his fever went down and the cough gradually settled. he was discharged home. three weeks into the tb treatment he was seen at the hiv clinic. he was doing well and had started antiretroviral therapy. summary box tuberculosis in hiv - infected patients tb and hiv infection are the most important ‘ tropical ’ diseases in adults in many parts of sub - saharan africa. co",
      "type": "text"
    },
    {
      "id": 28,
      "text": "in many parts of sub - saharan africa. co - infection with hiv and tb is common and poses a particular challenge to the clinician. clinical presentation of tb changes with declining peripheral cd 4 counts table 3 3. 2. cavitating smear - positive pulmonary tb, as seen classically in hiv - negative individuals, is uncommon in advanced immuno - suppression. instead, patients more",
      "type": "text"
    },
    {
      "id": 29,
      "text": "advanced immuno - suppression. instead, patients more commonly present with sputum smear - negative pulmonary tb. cxr may be completely normal and clinical symptoms are often discrete ; patients may produce little sputum and haemoptysis is rare. hiv - positive individuals are also more likely to present with extrapulmonary tb manifesting as pleural effusion, pericardial disease,",
      "type": "text"
    },
    {
      "id": 30,
      "text": "pleural effusion, pericardial disease, lymph node tb, abdominal tb, tb meningitis and miliary disease or a combination of these fig. 3 3. 2. severe anaemia is a common clinical clue to a co - infection with hiv tb and reflects bone marrow involvement. when treating hiv tb co - infected patients, pharmacokinetic interactions between rifam",
      "type": "text"
    },
    {
      "id": 31,
      "text": "patients, pharmacokinetic interactions between rifampicin and antiretroviral drugs have to be considered. adding prednisolone during the first 4 weeks of antituberculous treatment may help decrease the risk of immune - reconstitution inflammatory syndrome iris. further reading 1. thwaites g. tuberculosis. in : farrar j, editor. manson ’ s tropical",
      "type": "text"
    },
    {
      "id": 32,
      "text": "rar j, editor. manson ’ s tropical diseases. 2 3 rd ed. london : elsevier ; [ chapter 4 0 ]. 2. lawn sd. advances in diagnostic assays for tb. cold spring harb perspect med ; 5 : a 0 6. 3. lawn sd, brooks sv, kranzer k, et al. screening for hiv - associated tuberculosis and ri",
      "type": "text"
    },
    {
      "id": 33,
      "text": "al. screening for hiv - associated tuberculosis and rifampicin resistance before antire - troviral therapy using the xpert mtb rif assay : a prospective study. plos med ; 8 7. e 0 6 7. https : doi. org 1 0. journal. pmed. 0 6 7. 4. heller t, wallrauch c, goblirs",
      "type": "text"
    },
    {
      "id": 34,
      "text": "t, wallrauch c, goblirsch s, et al. focused assessment with sonography for hiv - associated tuberculosis fash : a short proto - col and a pictorial review. crit ultrasound j ; 4 : 2 1. 5. meintjes g, stek c, blumenthal l, et al. prednisone for the preven - tion of parad",
      "type": "text"
    },
    {
      "id": 35,
      "text": "nisone for the preven - tion of paradoxical tuberculosis - associated iris. n engl j med ; 3 7 9 : 2 5. https : doi. org 1 0. nejmoa 7 6 2. • fig. 3 3. 2 chest radiograph of a patient with miliary tb. table 3 3. 2 clinical presentation of tb in patients with and without",
      "type": "text"
    },
    {
      "id": 36,
      "text": "2 clinical presentation of tb in patients with and without immunosuppression hiv - negative or high cd 4 count > 2 0 0 μl low cd 4 count 2 0 0 μl cough and sputum production severe, productive often mild, small amounts of whitish sputum haemoptysis common rare chest radiography appearance cavities, upper lobe infiltrates and destruction no cav",
      "type": "text"
    },
    {
      "id": 37,
      "text": "ities, upper lobe infiltrates and destruction no cavities infiltrates hilar lymphadenopathy miliary pattern may be completely normal sputum smear result often positive often negative extrapulmonary and disseminated tb ∗ 2 0 % of tb cases common, about 5 0 % ∗ disseminated ¼ involving two or more non - contiguous organs concomitantly. after",
      "type": "text"
    },
    {
      "id": 38,
      "text": "contiguous organs concomitantly. after harries, a. d., et al.,. and sharma, s. k., et al.,. 9 2 chapter 3 3 a 5 3 - year - old man from malawi with a chronic cough",
      "type": "text"
    }
  ],
  "images": [
    {
      "path": "Processed/images/33---A-53-Year-Old-Man-from-Malawi-With-a-C_2022_Clinical-Cases-in-Tropical-/33---A-53-Year-Old-Man-from-Malawi-With-a-C_2022_Clinical-Cases-in-Tropical-_p1_img1.jpeg",
      "type": "image"
    },
    {
      "path": "Processed/images/33---A-53-Year-Old-Man-from-Malawi-With-a-C_2022_Clinical-Cases-in-Tropical-/33---A-53-Year-Old-Man-from-Malawi-With-a-C_2022_Clinical-Cases-in-Tropical-_p3_img1.jpeg",
      "type": "image"
    }
  ]
}