{
  "file": "34---A-35-Year-Old-Male-Farmer-from-Peru-With-a-Chro_2022_Clinical-Cases-in-.md",
  "n_chunks": 32,
  "text_embedding": "Processed_embeddings/embeddings/text/34---A-35-Year-Old-Male-Farmer-from-Peru-With-a-Chro_2022_Clinical-Cases-in-_text.npy",
  "image_embedding": "Processed_embeddings/embeddings/image/34---A-35-Year-Old-Male-Farmer-from-Peru-With-a-Chro_2022_Clinical-Cases-in-_images.npy",
  "chunks": [
    {
      "id": 0,
      "text": "# page 1 3 4 a 3 5 - year - old male farmer from peru with a chronic ulcer and multiple nodular lesions on the arm fernando mejía cordero, beatriz bustamante and eduardo h. gotuzzo clinical presentation history a 3 5 - year - old farmer from the peruvian highlands presents to a reference hospital in the capital, lima, with",
      "type": "text"
    },
    {
      "id": 1,
      "text": "a reference hospital in the capital, lima, with a 2 - month history of a slowly growing ulcer and multiple painless nod - ules on his left arm. two months before presentation, the patient suffered a scratch on his left hand from a tree branch while working in the fields. after a few days, he noticed a small painless ery - thematous papule that later",
      "type": "text"
    },
    {
      "id": 2,
      "text": "less ery - thematous papule that later developed into a pustule. he took antibiotics without improvement. over the following weeks new pustules appeared, and the lesion started to ulcer - ate and increased in size, despite continued antibiotics and topical traditional medicines. four weeks after the initial papule the patient noticed painless firm nodules on his left forearm",
      "type": "text"
    },
    {
      "id": 3,
      "text": "less firm nodules on his left forearm. the patient was seen at a regional hospital and trea - ted empirically for cutaneous leishmaniasis with a 2 0 - day course of pentavalent antimonials, but showed no improve - ment. he was then referred for further diagnosis and treatment. the patient was previously healthy. he denied recent contact with",
      "type": "text"
    },
    {
      "id": 4,
      "text": "patient was previously healthy. he denied recent contact with animals or travel. clinical findings the patient appears generally well. his vital signs are normal and he is afebrile. on his left hand there is a single ulcerative lesion mm with irregular elevated borders fig. 3 4. 1 and mul - tiple subcutaneous erythematous nodules mm along the lymph",
      "type": "text"
    },
    {
      "id": 5,
      "text": "thematous nodules mm along the lymphatic tract of the left arm fig. 3 4. 2. the rest of the physical examination is normal. laboratory results the wbc is 4. l reference range 4 9 l with normal differential count ; haemoglobin is 1 1. 3 g dl 1 2 - 1 6 g dl. the remainder of the full blood count is",
      "type": "text"
    },
    {
      "id": 6,
      "text": "dl. the remainder of the full blood count is normal. questions 1. what are your differential diagnoses? 2. how would you approach this patient? discussion a peruvian farmer presents with a chronic ulcerative lesion on his left hand and contiguous involvement of the lym - phatic tract compatible with nodular lymphangitis. the • fig. 3 4.",
      "type": "text"
    },
    {
      "id": 7,
      "text": "angitis. the • fig. 3 4. 1 initial ulcerated lesion on the left hand. note the pustular lesion near the ulcer. 9 3 # page 2 lesions started after a minor traumatic injury. the patient denies systemic symptoms. laboratory examination shows mild anaemia. answer to question 1 what are your differential diagnoses? in peru, the",
      "type": "text"
    },
    {
      "id": 8,
      "text": "are your differential diagnoses? in peru, the common differential diagnoses of a chronic ulcer with nodular lymphangitis include cutaneous leishmaniasis, sporotrichosis and mycobacterial infection by mycobacterium tuberculosis or m. marinum. leishmaniasis is endemic in the andes between and m altitude and in the amazon basin. the patient ’",
      "type": "text"
    },
    {
      "id": 9,
      "text": "and in the amazon basin. the patient ’ s ori - gin and clinical presentation are highly suggestive of cutane - ous leishmaniasis. however, the lack of clinical improvement after a complete course of pentavalent antimonials > 8 0 % cure rate makes this diagnosis unlikely. sporotrichosis is the second most important diagnosis to consider. the patient �",
      "type": "text"
    },
    {
      "id": 10,
      "text": "second most important diagnosis to consider. the patient ’ s clinical features are typical and the disease is commonly seen in peru. another diagnosis to keep in mind is secondary cutaneous tuberculosis, especially because the patient has likely been exposed to m. tuberculosis during his lifetime. the patient has no history of exposure to fresh and saltwater environments to suggest infection with m. marinum. nocardiosis",
      "type": "text"
    },
    {
      "id": 11,
      "text": "infection with m. marinum. nocardiosis nocardia brasiliensis and tularae - mia francisella tularensis are other causes of nodular lym - phangitis but are unlikely in this patient, because nocardiosis is rare and tularaemia has never been reported in the southern hemisphere. answer to question 2 how would you approach",
      "type": "text"
    },
    {
      "id": 12,
      "text": "hemisphere. answer to question 2 how would you approach this patient? the first step is the collection of specimens for microscopy smears for gram, giemsa and ziehl - neelsen stains, cul - ture and, if available, pcr for leishmania and mycobacte - rium species and sporothrix schenckii. specimens should be collected by scraping of",
      "type": "text"
    },
    {
      "id": 13,
      "text": "i. specimens should be collected by scraping of the base of the active ulcer, biopsy of the edge of the lesion, and fine - needle aspiration of one of the lymphatic nodules. if available, a leishmanin skin test would be a useful diagnostic tool. fungi such as s. schenckii grow on special media and the laboratory should",
      "type": "text"
    },
    {
      "id": 14,
      "text": "ckii grow on special media and the laboratory should be informed of the clinical suspicion of sporotrichosis. the initial evalu - ation should also include chest radiography and a ppd skin test to rule out tuberculosis. the case continued … the chest x - ray was normal and ppd skin testing was negative. no leishmania parasites were observed by direct microscopy, and",
      "type": "text"
    },
    {
      "id": 15,
      "text": "ishmania parasites were observed by direct microscopy, and the leishmanin skin test was negative. leishmania culture was not performed. mycobacterial cultures were negative. however, culture of the ulcer scraping and nodule aspiration were positive for s. schenckii. a diagnosis of lymphocutaneous sporotrichosis was made. the mild anae",
      "type": "text"
    },
    {
      "id": 16,
      "text": "trichosis was made. the mild anaemia was likely to be unrelated. the patient was started on itraconazole po 2 0 0 mg day. after 8 months of treatment the ulcer and nodular lesions had resolved and the patient was considered to be cured. summary box sporotrichosis sporotrichosis is a sub - acute to",
      "type": "text"
    },
    {
      "id": 17,
      "text": "otrichosis is a sub - acute to chronic fungal infection caused by s. schenckii, a dimorphic fungus with a worldwide distribu - tion, existing as a saprophytic mould in soil and plants and as a yeast in tissues. cutaneous sporotrichosis is the most common form of the disease, which is acquired by inoculation during",
      "type": "text"
    },
    {
      "id": 18,
      "text": "disease, which is acquired by inoculation during minor injury by animal bites, plant thorns or other cutting vege - tation. sporotrichosis has in addition emerged as a zoonosis transmitted mainly by infected cats, with epidemic outbreaks in brazil and some countries in south america, caused by s. brasiliensis. the upper limbs are most commonly affected.",
      "type": "text"
    },
    {
      "id": 19,
      "text": "ensis. the upper limbs are most commonly affected. the infection is usually limited to the cutaneous, subcutaneous and lymphatic tissues surrounding the injury. the initial papule at the inoculation site typically grows slowly into a nodule and then ulcerates. contiguous lymphatic spread is very common 4 8 - 9 2 % and is referred to as ‘",
      "type": "text"
    },
    {
      "id": 20,
      "text": "9 2 % and is referred to as ‘ nodular lymphangitis ’ or ‘ spor - otrichoid lymphangitis ’. the majority of cases are sporadic. farmers, veterinarians, rose gardeners and others regularly engaged in outdoor activities are at highest risk. persons with pre - existing chronic conditions e. g., alcohol abuse or immu -",
      "type": "text"
    },
    {
      "id": 21,
      "text": "e. g., alcohol abuse or immu - nosuppression e. g., hiv aids are at risk of developing pul - monary sporotrichosis after mould inhalation or disseminated sporotrichosis after haematogenous spread from the cutaneous lesion. • fig. 3 4. 2 multiple subcutaneous nodules along the lymphatic tract.",
      "type": "text"
    },
    {
      "id": 22,
      "text": "taneous nodules along the lymphatic tract. 9 4 chapter 3 4 a 3 5 - year - old male farmer from peru with a chronic ulcer and multiple nodular lesions on the arm # page 3 the fungi are scarce in tissues and generally not detected on microscopy. serology is not useful because of low sensitivity and specificity. diagnosis is based on isolation of",
      "type": "text"
    },
    {
      "id": 23,
      "text": "specificity. diagnosis is based on isolation of the organism by culture of the skin biopsy, lesion aspirate, or sputum. s. schenckii grows on saboraud agar at 2 5 to 2 7 ° c. also, molecular methods may be used. spontaneous resolution of the lesions is rare. itraconazole po 2 0 0 mg",
      "type": "text"
    },
    {
      "id": 24,
      "text": "itraconazole po 2 0 0 mg day is considered the drug of choice for cutaneous sporotrichosis. the treatment should be continued for 2 to 4 weeks after resolution of all lesions, typically 3 to 6 months but sometimes even requiring years. saturated solution of potas - sium iodide, a cheap and effective drug, has also been widely used but",
      "type": "text"
    },
    {
      "id": 25,
      "text": "and effective drug, has also been widely used but its low tolerability and many unpleasant side effects e. g., salivary gland swelling, metallic taste, rash and fever limit its use. terbinafine is also an alternative treatment. itraconazole 2 0 0 mg po bd for 1 - 2 years is also the preferred drug for pulmonary or osteoarticular spor",
      "type": "text"
    },
    {
      "id": 26,
      "text": "the preferred drug for pulmonary or osteoarticular sporotrichosis. in severely ill patients or patients with disseminated disease, initial therapy with amphotericin b is recommended, with conversion to oral itra - conazole after a favourable response and stabilization. relapses are infrequent with all forms and therapy, although long - term secondary prophylax",
      "type": "text"
    },
    {
      "id": 27,
      "text": "therapy, although long - term secondary prophylaxis might be required in patients with hiv aids. further reading 1. hay rj. fungal infections in : farrar j, editor. manson ’ s tropical diseases. 2 3 rd ed. london : elsevier ; [ chapter 3 8 ]. 2. sanchotene ko, madrid im, klafke gb, bergam",
      "type": "text"
    },
    {
      "id": 28,
      "text": "madrid im, klafke gb, bergamashi m, terra ppd, rodrigues am, xavier mo. sporothrix brasiliensis out - breaks and the rapid emergence of feline sporotrichosis. mycoses ; 5 8 : 6 5 2 - 8. 3. barros mb, de almeida paes r, schubach ao.",
      "type": "text"
    },
    {
      "id": 29,
      "text": "meida paes r, schubach ao. sporothrix schenckii and sporotrichosis. clin microbiol rev ; 2 4 4 : 6 3 3 - 5 4. 4. kauffman ca, bustamante b, chapman sw, et al. clinical practice guidelines for the management of sporotrichosis : update by the infectious diseases",
      "type": "text"
    },
    {
      "id": 30,
      "text": "otrichosis : update by the infectious diseases society of america. clin infect dis ; 4 5 1 0 : 6 5. 5. hay r, denning dw, bonifaz a, queiroz - telles f, beer k, bustamante b. the diagnosis of fungal neglected tropical diseases fungalntdsandtheroleofinvestigationandlabor",
      "type": "text"
    },
    {
      "id": 31,
      "text": "ntdsandtheroleofinvestigationandlaboratorytests : an expert consensus report. trop med infect dis ; 4 4 : e 1 2 2. 9 5 chapter 3 4 a 3 5 - year - old male farmer from peru with a chronic ulcer and multiple nodular lesions on the arm",
      "type": "text"
    }
  ],
  "images": [
    {
      "path": "Processed/images/34---A-35-Year-Old-Male-Farmer-from-Peru-With-a-Chro_2022_Clinical-Cases-in-/34---A-35-Year-Old-Male-Farmer-from-Peru-With-a-Chro_2022_Clinical-Cases-in-_p1_img1.jpeg",
      "type": "image"
    },
    {
      "path": "Processed/images/34---A-35-Year-Old-Male-Farmer-from-Peru-With-a-Chro_2022_Clinical-Cases-in-/34---A-35-Year-Old-Male-Farmer-from-Peru-With-a-Chro_2022_Clinical-Cases-in-_p2_img1.jpeg",
      "type": "image"
    }
  ]
}