{
  "file": "35---A-32-Year-Old-Woman-from-Malawi-With-Heada_2022_Clinical-Cases-in-Tropi.md",
  "n_chunks": 31,
  "text_embedding": "Processed_embeddings/embeddings/text/35---A-32-Year-Old-Woman-from-Malawi-With-Heada_2022_Clinical-Cases-in-Tropi_text.npy",
  "image_embedding": "Processed_embeddings/embeddings/image/35---A-32-Year-Old-Woman-from-Malawi-With-Heada_2022_Clinical-Cases-in-Tropi_images.npy",
  "chunks": [
    {
      "id": 0,
      "text": "# page 1 3 5 a 3 2 - year - old woman from malawi with headache and blurred vision camilla rothe clinical presentation history a 3 2 - year - old malawian woman presents to a local hospital with a 3 - week history of headache and blurred vision. the headache has been gradual in onset and does not respond to over - the - counter painkillers. there is no",
      "type": "text"
    },
    {
      "id": 1,
      "text": "- the - counter painkillers. there is no fever and no his - tory of convulsions or of head trauma. the patient presented to a local health centre where she received presumptive antimalarial treatment artemether lumefantrine and a course of antibiotics amoxicillin 5 0 0 mg tds for 5 days, which was of no benefit. clinical",
      "type": "text"
    },
    {
      "id": 2,
      "text": "5 days, which was of no benefit. clinical findings the patient appears wasted and slightly anaemic. all vital signs are normal and she is afebrile. the gcs is 1 5 1 5. there is no neck stiffness. the visual acuity is normal on both sides. on left lateral gaze there is an abduction deficit of the left eye with ‘ blurring",
      "type": "text"
    },
    {
      "id": 3,
      "text": "deficit of the left eye with ‘ blurring of vision ’ reported by the patient fig. 3 5. 1. the rest of the examination is normal. laboratory results see table 3 5. 1. questions 1. what are your differential diagnoses? 2. what investigations would you like to do? discussion a malawian woman presents with a chronic headache and ‘ blurred",
      "type": "text"
    },
    {
      "id": 4,
      "text": "woman presents with a chronic headache and ‘ blurred vision ’. she is wasted and has a unilateral abdu - cens nerve palsy. she is afebrile and has no neck stiffness. the full blood count shows normocytic anaemia and thrombocytopenia. answer to question 1 what are your differential diagnoses? the patient ’ s clinical",
      "type": "text"
    },
    {
      "id": 5,
      "text": "differential diagnoses? the patient ’ s clinical presentation suggests chronic meningi - tis. the two most important differential diagnoses are cryp - tococcal meningitis and tuberculous meningitis. also, partially treated bacterial meningitis is a possibility because she received amoxicillin at the health centre, but the gradual onset of symptoms makes this less likely. • fig",
      "type": "text"
    },
    {
      "id": 6,
      "text": "onset of symptoms makes this less likely. • fig. 3 5. 1 abducens nerve palsy on the left in a patient with sub - acute headache. table 3 5. 1 laboratory results on admission parameter patient reference wbc 1 0 9 l 3. 7 4 - 1 0 haemoglobin g dl 1 0. 2 1 2 - 1 6 mcv fl 9 8 plate",
      "type": "text"
    },
    {
      "id": 7,
      "text": "2 - 1 6 mcv fl 9 8 platelets 1 0 9 l 0 - 3 5 0 fasting blood glucose mmol l 5. 4 3 5. 0 - 6. 7 malaria rdt negative negative 9 6 # page 2 chronic meningitis is commonly associated with immu - nosuppression. the patient lives in a part of the world with a high hiv prevalence. her laboratory",
      "type": "text"
    },
    {
      "id": 8,
      "text": "the world with a high hiv prevalence. her laboratory findings anaemia and thrombocytopenia are also common in untreated hiv infection. even though malaria may present with non - specific symptoms and both thrombocytopenia and anaemia are commonly seen in malaria patients, the absence of fever, the negative rapid diagnostic test rdt and the history of taking artemisinin combination",
      "type": "text"
    },
    {
      "id": 9,
      "text": "and the history of taking artemisinin combination therapy make it an unlikely differential diagnosis. also, malaria usually does not cause cranial nerve palsies. answer to question 2 what investigations would you like to do? an hiv test is crucial and a lumbar puncture should be done without delay. cerebrospinal fluid csf opening pressure should be measured and documented. routine csf",
      "type": "text"
    },
    {
      "id": 10,
      "text": "pressure should be measured and documented. routine csf exami - nation should include india ink stain and bacterial and fun - gal cultures. cryptococcal antigen crag should be tested in blood and csf. the case continued … a lumbar puncture was done on admission. the csf looked clear, but the opening pressure was increased at 5 0 cmh 2 o",
      "type": "text"
    },
    {
      "id": 11,
      "text": "pressure was increased at 5 0 cmh 2 o normal : 1 0 - 1 8 cmh 2 o. the csf results are shown in table 3 5. 2. a diagnosis of cryptococcal meningitis was made based upon a positive fungal culture result. india ink was negative, but sensitivity is only at around 5 0 - 7 0 %. crag, which is >",
      "type": "text"
    },
    {
      "id": 12,
      "text": "- 7 0 %. crag, which is > 9 5 % sensitive, was not available. the hiv serology came back positive. the cd 4 count was very low at 2 2 μl. the patient was started on oral flu - conazole mg see summary box, because the preferred fungicidal drugs amphotericin b and flucytosine were not",
      "type": "text"
    },
    {
      "id": 13,
      "text": "tericin b and flucytosine were not available. she was also started on co - trimoxazole prophylaxis. she received repeated therapeutic lumbar punctures until the headache settled. antiretroviral therapy was commenced 4 weeks into her antifungal treatment. the patient returned to her village yet died 6 weeks later of an unknown cause. summary box cryptococc",
      "type": "text"
    },
    {
      "id": 14,
      "text": "of an unknown cause. summary box cryptococcal meningitis cryptococcal meningitis cm occurs worldwide. ninety - five per cent of cm cases in developing countries are hiv - associated. cm is the most common cause of adult meningitis in sub - saharan africa and parts of asia where hiv prevalence is high. cryptococcal meningitis is caused by the encapsulated environmental",
      "type": "text"
    },
    {
      "id": 15,
      "text": "al meningitis is caused by the encapsulated environmental yeast, cryptococcus neoformans. it is an oppor - tunistic infection, which occurs at advanced stages of immuno - suppression, in hiv mostly at cd 4 counts below 1 0 0 μl. patients usually present with a sub - acute headache of several days to weeks duration. other common clinical findings are crani",
      "type": "text"
    },
    {
      "id": 16,
      "text": "to weeks duration. other common clinical findings are cranial nerve palsies n vi, confusion and impaired consciousness. altered mental state is associated with increased lethality. cm is clinically indistinguishable from tuberculous meningitis tbm, although fever and neck stiffness are more common in tbm. csf opening pressure is often markedly elevated. further csf findings are",
      "type": "text"
    },
    {
      "id": 17,
      "text": "often markedly elevated. further csf findings are commonly non - specific, and the csf may even be normal. diagnosis of cm is made by demonstrating the fungus in the csf. this is traditionally done by light microscopy after india - ink staining fig. 3 5. 2, but this method is user - dependent and the sensitivity is therefore variable. detection of crag e.",
      "type": "text"
    },
    {
      "id": 18,
      "text": "is therefore variable. detection of crag e. g. by latex - agglutination test or lateral flow assay lfa is better. fungal culture of csf is required to isolate the organism for antimicrobial susceptibility testing. cm treatment consists of three phases : induction, consolidation, and maintenance. the gold standard is an induction therapy with two fungici",
      "type": "text"
    },
    {
      "id": 19,
      "text": "standard is an induction therapy with two fungicidal drugs that rapidly decrease the fungal burden in the csf i. e. combined liposomal amphotericin b plus flucytosine iv or oral for the initial 2 weeks, followed by oral fluconazole 4 0 0 mg daily for at least 8 weeks and fluconazole maintenance therapy 2 0 0 mg",
      "type": "text"
    },
    {
      "id": 20,
      "text": "fluconazole maintenance therapy 2 0 0 mg daily until immune reconstitution. the reality in many resource - limited settings is however hampered by poor drug availability and therefore commonly dif - fers from the gold standard. oral fluconazole is often the only available drug, thanks to a drug donation programme by the manufacturing company. fluconazole is only fungistatic, which",
      "type": "text"
    },
    {
      "id": 21,
      "text": "conazole is only fungistatic, which may be effective as a secondary prophylaxis, but is less useful as induction therapy when potent fungicidal drugs are needed to rapidly bring down the fungal burden. studies in low - income settings have demonstrated that even short courses of ampho - tericin b 5 - 7 days are preferable to treatment with flucon",
      "type": "text"
    },
    {
      "id": 22,
      "text": "7 days are preferable to treatment with fluconazole alone. flucytosine, the other fungicidal drug, is expensive ; and despite its great value in the treatment of cm, remains unlicensed table 3 5. 2 csf results on admission parameter patient reference leukocytes cells μl 1 8 0 - 5 protein g l 0. 8 0",
      "type": "text"
    },
    {
      "id": 23,
      "text": "0 - 5 protein g l 0. 8 0. 1 5 - 0. 4 0 glucose mmol l 1. 9 7 2. 2 2 - 3. 8 8 india ink negative negative culture c. neoformans negative • fig. 3 5. 2 photomicrograph of cryptococcus neoformans india ink stain. source : www. cdc. gov ; www",
      "type": "text"
    },
    {
      "id": 24,
      "text": ". source : www. cdc. gov ; www. cdc. gov fungal cryptococco sis - neoformans 9 7 chapter 3 5 a 3 2 - year - old woman from malawi with headache and blurred vision # page 3 in many african and asian countries. steroids are of no benefit in the treatment of hiv - associated cryptococcal meningitis. many patients with cm suffer",
      "type": "text"
    },
    {
      "id": 25,
      "text": "ccal meningitis. many patients with cm suffer from severe headaches, which do not respond to analgesics. the headache is caused by raised intracranial pressure icp and therapeutic lumbar punctures lps bring immediate pain relief. lps may have to be repeated on a daily basis until the icp has come down and sustained pain control has been achieved. hiv - positive patients with",
      "type": "text"
    },
    {
      "id": 26,
      "text": "control has been achieved. hiv - positive patients with cm should start antiretroviral ther - apy, but the optimum timing is not yet clear. introduction of art 4 to 1 0 weeks after starting antifungal treatment is currently considered the safest approach. prognosis of cm in resource - limited settings is poor and 1 0 - week lethality on fluconazole monotherapy may exceed",
      "type": "text"
    },
    {
      "id": 27,
      "text": "ality on fluconazole monotherapy may exceed 6 0 %. further reading 1. wood r. clinical features and management of hiv aids. in : farrar j, editor. manson ’ s tropical diseases. 2 3 rd ed. london : elsevier ; [ chapter 1 0 ]. 2. perfect jr, dismukes we, dromer f, et al. clinical practice",
      "type": "text"
    },
    {
      "id": 28,
      "text": ", dromer f, et al. clinical practice guide - lines for the management of cryptococcal disease : update by the infectious diseases society of america. clin infect dis ; 5 0 3 : 2 9 1 - 3 2 2. 3. sloan dj, dedicoat mj, lalloo dg. treatment of cryptococcal meningitis in resource limited settings.",
      "type": "text"
    },
    {
      "id": 29,
      "text": "coccal meningitis in resource limited settings. curr opin infect dis ; 2 2 5 : 4 5 5 - 6 3. 4. sloan dj, parris v. cryptococcal meningitis : epidemiology and therapeutic options. clin epidemiol ; 6 : 1 6 9 - 8 2. 5. molloy sf, kanyama c, heyderman",
      "type": "text"
    },
    {
      "id": 30,
      "text": "molloy sf, kanyama c, heyderman rs, et al. antifungal combi - nations for treatment of cryptococcal meningitis in africa. n engl j med ; 3 7 8 : 1 7. 9 8 chapter 3 5 a 3 2 - year - old woman from malawi with headache and blurred vision",
      "type": "text"
    }
  ],
  "images": [
    {
      "path": "Processed/images/35---A-32-Year-Old-Woman-from-Malawi-With-Heada_2022_Clinical-Cases-in-Tropi/35---A-32-Year-Old-Woman-from-Malawi-With-Heada_2022_Clinical-Cases-in-Tropi_p1_img1.jpeg",
      "type": "image"
    },
    {
      "path": "Processed/images/35---A-32-Year-Old-Woman-from-Malawi-With-Heada_2022_Clinical-Cases-in-Tropi/35---A-32-Year-Old-Woman-from-Malawi-With-Heada_2022_Clinical-Cases-in-Tropi_p2_img1.jpeg",
      "type": "image"
    }
  ]
}