{
  "file": "36---A-23-Year-Old-Farmer-from-Myanmar-With-Uni_2022_Clinical-Cases-in-Tropi.md",
  "n_chunks": 31,
  "text_embedding": "Processed_embeddings/embeddings/text/36---A-23-Year-Old-Farmer-from-Myanmar-With-Uni_2022_Clinical-Cases-in-Tropi_text.npy",
  "image_embedding": "Processed_embeddings/embeddings/image/36---A-23-Year-Old-Farmer-from-Myanmar-With-Uni_2022_Clinical-Cases-in-Tropi_images.npy",
  "chunks": [
    {
      "id": 0,
      "text": "# page 1 3 6 a 2 3 - year - old farmer from myanmar with unilateral scrotal swelling kentaro ishida and camilla rothe clinical presentation history a 2 3 - year - old farmer presents to a district hospital in myan - mar with a 3 - year history of left - sided scrotal swelling. the swelling is non - tender and has gradually increased in size.",
      "type": "text"
    },
    {
      "id": 1,
      "text": "non - tender and has gradually increased in size. there is no history of fever. he has attempted to treat the swelling with traditional herbal medicine to no avail. the patient comes from the central part of myanmar. he reports that scrotal swelling is not an uncommon problem in his home region. clinical findings the patient is a 2 3 - year - old man in fair general condition. his",
      "type": "text"
    },
    {
      "id": 2,
      "text": "year - old man in fair general condition. his vital signs are normal and he is afebrile. there is unilat - eral scrotal swelling, which cannot be reduced fig. 3 6. 1. there are no palpable inguinal lymph nodes. questions 1. what is the differential diagnosis? 2. what investigations would you like to do? discussion a young burmese",
      "type": "text"
    },
    {
      "id": 3,
      "text": "would you like to do? discussion a young burmese farmer presents with progressive unilateral scrotal swelling. on examination, the swelling is non - tender and non - reducible. he does not have any other symptoms or signs. answer question 1 what is differential diagnosis? the most common differentials to consider in a chronic, non - tender, unilateral scrotal swelling are inguinal",
      "type": "text"
    },
    {
      "id": 4,
      "text": "tender, unilateral scrotal swelling are inguinal hernia and hydrocoele. a testicular tumour also needs to be taken into consideration. unlike hydrocoeles, hernias can often be manually reduced. hydrocoeles may be verified by trans - illumination with a penlight. the patient reports that scrotal swelling is common in the region where he comes from",
      "type": "text"
    },
    {
      "id": 5,
      "text": "swelling is common in the region where he comes from. this may suggest a possible infectious aetiology. the most important infectious disease to consider in this patient is lymphatic filariasis lf caused by wuchereria bancrofti. hydrocoele is the most common clinical abnormality in men with bancroftian filariasis. also, urogenital schistosomi",
      "type": "text"
    },
    {
      "id": 6,
      "text": "asis. also, urogenital schistosomiasis schistosoma haemato - bium may lead to unilateral scrotal swelling, but it is not endemic in south - east asia. testicular tuberculosis is another infectious disease that may manifest with scrotal swelling. however, the long duration of the swelling in the absence of other signs and symptoms make this unlikely, and it",
      "type": "text"
    },
    {
      "id": 7,
      "text": "other signs and symptoms make this unlikely, and it would not explain the large number of cases seen in his home region. answer question 2 what investigations would you like to do? ultrasound can help distinguish a testicular tumour from a hydrocoele or hernia. also, in case of lymphatic filariasis, adult worms may be seen on scrotal ultrasonography “ fil",
      "type": "text"
    },
    {
      "id": 8,
      "text": "seen on scrotal ultrasonography “ filarial dance sign ”. • fig. 3 6. 1 massive unilateral scrotal swelling. the swelling is non - tender and non - reducible. 9 9 # page 2 the traditional diagnostic gold standard for lymphatic filariasis is the proof of microfilariae in the blood. samples should be collected when micro",
      "type": "text"
    },
    {
      "id": 9,
      "text": "in the blood. samples should be collected when microfilaraemia is highest. for the majority of filarial species, this is between 9 pm and 3 am because of the nocturnal biting activities of most vectors. microfilarial pcr assays have a sensitivity and specificity comparable to microscopy with an experienced microsco - pist, but are usually not available in a district hospital",
      "type": "text"
    },
    {
      "id": 10,
      "text": ", but are usually not available in a district hospital setting. circulating filarial antigen cfa tests detect antigens released by adult w. bancrofti. they are available as immu - nochromatographic card tests and can use finger - prick blood. because there is no periodicity of adult - worm antigens, cfa tests can be taken at any time. their sensitivity",
      "type": "text"
    },
    {
      "id": 11,
      "text": "tests can be taken at any time. their sensitivity and specific - ity are high. cfa tests are also the preferred method for diag - nosis and treatment monitoring of bancroftian filariasis within national control programmes. antifilarial antibody testing lacks specificity and is of limited value. the case continued … hydrocoele was confirmed on ultrasound. the patient underwent hydro",
      "type": "text"
    },
    {
      "id": 12,
      "text": "was confirmed on ultrasound. the patient underwent hydrocoelectomy, and 3 litres of clear fluid could be drained during the operation. he also received antifilarial treatment. he lived in a remote area and was lost to follow - up afterwards. summary box lymphatic filariasis lf is caused by filarial nematodes w. bancrofti, brugia malayi and",
      "type": "text"
    },
    {
      "id": 13,
      "text": ". bancrofti, brugia malayi and b. timori. lf is transmitted by a variety of mosquito species. it is endemic in south and south - east asia, sub - saharan africa and parts of south america and the caribbean. around 6 8 million people worldwide are estimated to be infected with filarial parasites ; an additional 2 0 million are suffering from chronic morbidity",
      "type": "text"
    },
    {
      "id": 14,
      "text": "2 0 million are suffering from chronic morbidity. lymphatic filariasis is a result of chronic, repeat exposure to filarial nematodes. it is therefore not a problem relevant for short - term travellers to endemic regions. adult worms reside in the lymphatic vessels of the human host. they shed microfilariae which are ingested by female mosquitoes during blood -",
      "type": "text"
    },
    {
      "id": 15,
      "text": "which are ingested by female mosquitoes during blood - meals. the most common features of bancroftian filariasis are hydrocoele, acute adenolymphangitis adla and lymphoedema. hydrocoele results from the accumulation of fluid in the tunica vaginalis surrounding the testes. most cases are unilateral. in endemic areas, hydrocoeles start",
      "type": "text"
    },
    {
      "id": 16,
      "text": ". in endemic areas, hydrocoeles start to develop in early adulthood. prevalence rates rise steadily with age. rupture of dilated abdominal lymphatic vessels into the urinary tract may lead to chyluria. brugian filariasis is milder than infection with w. bancrofti, and urogenital complica - tions do not occur. acute adla occurs",
      "type": "text"
    },
    {
      "id": 17,
      "text": "- tions do not occur. acute adla occurs in episodic events that start with fever, chills and severe malaise. regional lymph nodes are tender and enlarged, the affected limb may become swollen and hot and the skin may peel off. repeated episodes of adla can lead to lymphoedema. chronic lymphoedema most commonly affects the lower leg, but may also involve",
      "type": "text"
    },
    {
      "id": 18,
      "text": "commonly affects the lower leg, but may also involve the arms, breasts and genitals, as shown in this case. the most advanced stage of chronic lymphoedema stage iii is also referred to as ‘ elephantiasis ’. chronic ulceration with bacterial and fungal superinfection is a common problem. moreover, in areas of high hiv prevalence, lymphatic fil",
      "type": "text"
    },
    {
      "id": 19,
      "text": "in areas of high hiv prevalence, lymphatic filari - asis was found to increase susceptibility to hiv infection by inducing systemic cd 4 t - cell activation. drugs used for treatment and control of lymphatic filariasis include diethylcarbamazine dec, ivermectin, albendazole and doxycycline. albendazole 4 0",
      "type": "text"
    },
    {
      "id": 20,
      "text": "xycycline. albendazole 4 0 0 mg stat with either dec 6 mg kg or ivermectin 2 0 0 μg kg reduces microfilaraemia to very low levels table 3 6. 1. a triple therapy combining all three drugs appears even more efficacious. however, dec should not be given in areas co - endemic for onchocerci",
      "type": "text"
    },
    {
      "id": 21,
      "text": "in areas co - endemic for onchocerciasis or loiasis because of potentially severe side effects, and care must be taken to administer ivermectin in areas with loa loa co - endemicity. treatment in mass drug administration mda programmes is recommended annually ; whereas individual patients should get treatment every 6 months until microfilariae and cfa tests are negative,",
      "type": "text"
    },
    {
      "id": 22,
      "text": "microfilariae and cfa tests are negative, or life - long, if transmission goes on. doxycycline kills endosymbiotic wolbachia bacteria, which adult worms require for viability and reproduction. several weeks of treatment are required, and doxycycline is contrain - dicated in pregnancy and in children under the age of 8 years, which make it an",
      "type": "text"
    },
    {
      "id": 23,
      "text": "the age of 8 years, which make it an unsuitable option for mass treatment. its role may be in individual treatment of lf patients who lack any of the contraindications. for management of lymphoedema, meticulous hygiene is crucial, such as daily washing with water and soap and careful drying of the affected limb. bacterial and fungal infections should be treated early. specialized shoes",
      "type": "text"
    },
    {
      "id": 24,
      "text": "and fungal infections should be treated early. specialized shoes should be worn to prevent injury if the lower limbs are affected. integration of lymphoedema care and leprosy or diabetic foot care pro - grammes are being promoted. small hydrocoeles sometimes regress after anthelmintic treatment. large hydrocoeles require surgery. further reading 1. simonsen p, fischer",
      "type": "text"
    },
    {
      "id": 25,
      "text": ". further reading 1. simonsen p, fischer pu, hoerauf a, et al. the filariases. in : farrar j, editor. manson ’ s tropical diseases. 2 3 rd ed. london : elsevier ; [ chapter 5 4 ]. 2. taylor mj, hoerauf a, bockarie m. lymphatic filariasis and on",
      "type": "text"
    },
    {
      "id": 26,
      "text": "arie m. lymphatic filariasis and onchocerciasis. lancet ; 3 7 6 : 8 5. 3. who. lymphoedema and the chronic wound. the role of com - pression and other interventions. in : macdonald jm, geyer mj, table 3 6. 1 direct effect of most commonly used drugs on different stages of w. bancrof",
      "type": "text"
    },
    {
      "id": 27,
      "text": "used drugs on different stages of w. bancrofti and brugia species microfilariae adults diethylcarbamazine dec ++ + ivermectin ++ albendazole + doxycycline ++ ++ ¼ most eliminated ; + ¼ few some eliminated ; ¼ no effect. 1 0 0 chapter 3 6 a 2 3 - year - old farmer",
      "type": "text"
    },
    {
      "id": 28,
      "text": "3 6 a 2 3 - year - old farmer from myanmar with unilateral scrotal swelling # page 3 editors. wound and lymphoedema management. geneva : world health organization ;. p. 1 - 1 3 6. 4. thomsen ek, sanuku n, baea m, et al. efficacy, safety and phar - macokinetics of co - admini",
      "type": "text"
    },
    {
      "id": 29,
      "text": "r - macokinetics of co - administered diethylcarbamazine, albendazole and ivermectin for treatment of bancroftian filariasis. clin inf dis ; 6 2 3 : 3 3 4 - 4 1. 5. kroidl i, saathoff e, maganga l, et al. effect of wuche",
      "type": "text"
    },
    {
      "id": 30,
      "text": "anga l, et al. effect of wuchereria ban - crofti infection on hiv - incidence in southwest tanzania : a pro - spective cohort study. lancet ; 3 8 8 : 2 0. 1 0 1 chapter 3 6 a 2 3 - year - old farmer from myanmar with unilateral scrotal swelling",
      "type": "text"
    }
  ],
  "images": [
    {
      "path": "Processed/images/36---A-23-Year-Old-Farmer-from-Myanmar-With-Uni_2022_Clinical-Cases-in-Tropi/36---A-23-Year-Old-Farmer-from-Myanmar-With-Uni_2022_Clinical-Cases-in-Tropi_p1_img1.jpeg",
      "type": "image"
    }
  ]
}