{
  "file": "37---A-29-Year-Old-Woman-from-Malawi-With-Confusi_2022_Clinical-Cases-in-Tro.md",
  "n_chunks": 34,
  "text_embedding": "Processed_embeddings/embeddings/text/37---A-29-Year-Old-Woman-from-Malawi-With-Confusi_2022_Clinical-Cases-in-Tro_text.npy",
  "image_embedding": "Processed_embeddings/embeddings/image/37---A-29-Year-Old-Woman-from-Malawi-With-Confusi_2022_Clinical-Cases-in-Tro_images.npy",
  "chunks": [
    {
      "id": 0,
      "text": "# page 1 3 7 a 2 9 - year - old woman from malawi with confusion, diarrhoea and a skin rash camilla rothe clinical presentation history a 2 9 - year - old woman is brought to a hospital in malawi by her relatives. she has been confused, restless and irritable for the past month. she also has watery diarrhoea, which started 1 week",
      "type": "text"
    },
    {
      "id": 1,
      "text": "watery diarrhoea, which started 1 week ago. she does not have a fever. it is january, which is the rainy season in malawi. her past medical history has been uneventful. there have been no psychiatric disorders in the past. her hiv status is unknown. she is not taking any medication. there are no known intoxications, no use of alcohol or",
      "type": "text"
    },
    {
      "id": 2,
      "text": "known intoxications, no use of alcohol or recreational drugs. the patient is married with four children. she is a house - wife. her husband works as a farmhand on a local chicken farm. they live in a grass - thatched mud - hut and collect their water from a borehole. there is no electricity at home. they eat two meals a day, mainly maize",
      "type": "text"
    },
    {
      "id": 3,
      "text": ". they eat two meals a day, mainly maize porridge with a few veg - etables. only rarely can the family afford fish or meat. clinical findings the patient is slim but not wasted. glasgow coma scale 1 4 1 5 confusion, the remaining vital signs are normal and she is afebrile. there is no neck stiffness. the conjunctivae are pale.",
      "type": "text"
    },
    {
      "id": 4,
      "text": ". the conjunctivae are pale. there is a noticeable skin rash around the patient ’ s neck fig. 3 7. 1, on her forearms, hands and feet fig. 3 7. 2, where the skin appears hyperpigmented and dry. the skin changes are clearly demarcated. the rest of the physical examination is unremarkable. when asked,",
      "type": "text"
    },
    {
      "id": 5,
      "text": "the physical examination is unremarkable. when asked, her relatives report that the rash had been present for the past 2 months. questions 1. what is the suspected diagnosis and what are your differ - ential diagnoses? 2. how would you manage this patient? • fig. 3 7. 1 hyperpigmented skin rash on sun - exposed skin. • fig. 3 7. 2",
      "type": "text"
    },
    {
      "id": 6,
      "text": "exposed skin. • fig. 3 7. 2 the skin changes involve both hands and feet. the skin appears dry and scaly. 1 0 2 # page 2 discussion a young malawian woman presents during the rainy season with a 1 - month history of confusion, acute watery diarrhoea and a rash that mainly seems to affect the sun - exposed areas of the skin.",
      "type": "text"
    },
    {
      "id": 7,
      "text": "affect the sun - exposed areas of the skin. the family appear to be poor villagers ; they live on an imbalanced diet. answer to question 1 what is the suspected diagnosis and what are your differential diagnoses? the patient presents with a triad of neuropsychiatric changes, watery diarrhoea and a photosensitive dermatitis. this clinical triad - diarrhoea, dermat",
      "type": "text"
    },
    {
      "id": 8,
      "text": "this clinical triad - diarrhoea, dermatitis, dementia - is typical of pellagra vitamin b 3 deficiency. the rainy season, during which the patient presents, is not only the peak of malaria transmission but is also the ‘ hungry season ’. stocks have been consumed, the new crop is not ready for harvesting yet and in poor, rural areas large parts of",
      "type": "text"
    },
    {
      "id": 9,
      "text": "yet and in poor, rural areas large parts of the population go hungry. a combination of confusion, diarrhoea and skin changes in a sub - saharan african setting should also prompt any cli - nician to rule out hiv infection. persistent confusion in the context of hiv is commonly seen in tuberculous meningitis, cryptococcal meningitis and progressive multifocal leuko",
      "type": "text"
    },
    {
      "id": 10,
      "text": "ccal meningitis and progressive multifocal leukoen - cephalopathy pml, or may be caused by the human immunodeficiency virus hiv - associated neurocognitive disorder. both diarrhoea and skin changes of various aetiol - ogies commonly occur in hiv infection. a further differential diagnosis to consider in a patient with photosensitive dermatitis, anaemia and neuro",
      "type": "text"
    },
    {
      "id": 11,
      "text": "sensitive dermatitis, anaemia and neuropsychiat - ric changes is systemic lupus erythematosus. answer to question 2 how would you manage this patient? even though the clinical presentation is very typical of pel - lagra, other differential diagnoses should actively be ruled out : a diagnostic hiv test should be carried out. the fact that the patient is currently unable to receive",
      "type": "text"
    },
    {
      "id": 12,
      "text": "the fact that the patient is currently unable to receive counselling and give her consent should not lead to a delay of testing because its result determines immediate further manage - ment. once confusion has settled, the hiv test should be repeated to include a pre - and post - counselling session. in case of a reactive hiv serology, a lumbar puncture should be done to rule out tubercul",
      "type": "text"
    },
    {
      "id": 13,
      "text": "puncture should be done to rule out tuberculous or cryptococcal meningitis. a full blood count would help assess the cause of the patient ’ s clinical anaemia. if normocytic anaemia is found, creatinine should be checked, because chronic kidney disease is very commonly seen in the tropics. patients often present late, and both confusion",
      "type": "text"
    },
    {
      "id": 14,
      "text": "tropics. patients often present late, and both confusion and dermatitis can be signs of uraemia. in case of a microcytic, hypochromic anaemia patients should be treated with iron and possibly also receive folic acid substitution, because a poor diet usually is not limited to just one nutritional component. β - thalassaemia, commonly seen in",
      "type": "text"
    },
    {
      "id": 15,
      "text": "� - thalassaemia, commonly seen in tropical countries, also presents with microcytic anaemia and should be considered if there is no response to iron supplementation. in β - thalassaemia the so - called mentzer index mcv [ fl ]: erythrocyte count [ l ] is typically below 1 3 ; in iron deficiency it is above 1",
      "type": "text"
    },
    {
      "id": 16,
      "text": "1 3 ; in iron deficiency it is above 1 3. intestinal helminth infection can contribute to anaemia. because reliable stool microscopy may not be feasible in a resource - constrained setting, pragmatic anthelmintic treat - ment appears justifiable. vitamin b 3 niacin should be sup - plemented and it should be evaluated how the family ’",
      "type": "text"
    },
    {
      "id": 17,
      "text": "it should be evaluated how the family ’ s diet could be improved despite their poor socioeconomic circum - stances. a simple affordable trick is to advise the patient to eat some of the maize directly from the cob, because it is the husks that harbour tryptophan and that go lost during preparation of white maize flour. it is a slight irony in this case that the",
      "type": "text"
    },
    {
      "id": 18,
      "text": "it is a slight irony in this case that the husband is working on a local chicken farm and still cannot afford a balanced diet that includes eggs and poultry for his family. the case continued … the hiv test came back negative. the full blood count showed a microcytic anaemia with a haemoglobin of 6. 7 g dl and a mentzer index > 1 3",
      "type": "text"
    },
    {
      "id": 19,
      "text": "g dl and a mentzer index > 1 3. the patient received an appro - priate dose of vitamin b - complex, iron and folic acid supple - mentation and a single dose of albendazole. her confusion settled within a week and the diarrhoea stopped. the patient and her family received dietary counselling. she was pre - scribed soothing applications for her",
      "type": "text"
    },
    {
      "id": 20,
      "text": ". she was pre - scribed soothing applications for her skin lesions and was told to avoid sun exposure. she was discharged and asked to come back at 3 months for an outpatient follow - up visit including a repeat full blood count. summary box pellagra pellagra is a nutritional disorder caused by the deficiency of vitamin b 3 or its precursor, the essential amino - acid",
      "type": "text"
    },
    {
      "id": 21,
      "text": "or its precursor, the essential amino - acid tryptophan. ‘ pellagra ’ is derived from the italian pelle agra, meaning ‘ rough skin ’. it continues to be a problem in central and southern africa where maize is the main staple food. maize is poor in tryptophan, which is required for niacin synthesis. in some parts",
      "type": "text"
    },
    {
      "id": 22,
      "text": "required for niacin synthesis. in some parts of africa white maize is mainly consumed, which is nutritionally poorer than the yellow maize used in this region as animal feed. milling maize and removing its husks further deprives it of nutritious components. in many poor african countries with little crop diversity, diet may literally consist of just maize, whereas niacin - containing food items",
      "type": "text"
    },
    {
      "id": 23,
      "text": "maize, whereas niacin - containing food items such as fresh fruits, vegetables, peanuts, fish, meat, milk and eggs are not affordable. most nutritional disorders peak during the rainy season, including kwashiorkor and marasmus in children. apart from a poor diet, pellagra may be caused by malabsorption, alcoholism, antituberculous treatment",
      "type": "text"
    },
    {
      "id": 24,
      "text": "alcoholism, antituberculous treatment and other aetiologies. the roll - out of inh - preventive therapy ipt for hiv patients has led to an increase in pellagra cases in some areas in africa. single cases of pellagra continue to be described from all over the world. patients present with the three ‘ ds ’ of dermat",
      "type": "text"
    },
    {
      "id": 25,
      "text": "the three ‘ ds ’ of dermatitis, diarrhoea and dementia. the dermatitis often presents in a typical shape around the neck, which is referred to as ‘ casal ’ s necklace ’ after the spanish physician who first described it in poor peasants in the 1 8 th century. the skin tends to be dry, tender to touch and exposure",
      "type": "text"
    },
    {
      "id": 26,
      "text": "tends to be dry, tender to touch and exposure to sunlight may be very painful. 1 0 3 chapter 3 7 a 2 9 - year - old woman from malawi with confusion, diarrhoea and a skin rash # page 3 ‘ dementia ’ stands for a large spectrum of possible neuro - psychiatric symptoms including anxiety, depression, hallucina - tions, ataxia and",
      "type": "text"
    },
    {
      "id": 27,
      "text": "hallucina - tions, ataxia and spastic paraparesis. a fourth ‘ d ’, death, occurs if pellagra is left untreated. the diagnosis is made clinically. treatment is with niacin or nicotinamide. recommended doses in adults range from 5 0 to 4 0 0 mg daily in the acute phase. in severe cases,",
      "type": "text"
    },
    {
      "id": 28,
      "text": "daily in the acute phase. in severe cases, doses of up to mg iv per day have been recommended. once acute symptoms have settled, continuation treatment is with 5 0 to 1 5 0 mg niacin daily for 2 weeks. therapy should also include other b vitamins, zinc, magnesium and a diet rich in calories. skin lesions should be covered with soothing applications and the patient",
      "type": "text"
    },
    {
      "id": 29,
      "text": "sions should be covered with soothing applications and the patient should avoid sun exposure until the lesions have resolved. patients and their families require intense dietary counselling on how to improve their diet despite socio - economic challenges. further reading 1. abrams s, brabin bj, coulter jbs. nutrition - associated disease. in : farrar j, editor. manson ’ s tropical diseases. 2",
      "type": "text"
    },
    {
      "id": 30,
      "text": "editor. manson ’ s tropical diseases. 2 3 rd ed. london : elsevier ; [ chapter 7 7 ]. 2. hegyi j, schwartz ra, hegyi v. pellagra : dermatitis, dementia, and diarrhea. int j dermatol ; 4 3 1 : 1 - 5. 3. matapandeu g, dunn sh",
      "type": "text"
    },
    {
      "id": 31,
      "text": "3. matapandeu g, dunn sh, pagels p. an outbreak of pellagra in the kasese catchment area, dowa. malawi am j trop med ; 9 6 5 : 7. 4. kipsang jk, chogea jk, marindac pa, et al. pellagra in isoniazid preventive and antiretroviral therapy. id",
      "type": "text"
    },
    {
      "id": 32,
      "text": "azid preventive and antiretroviral therapy. id cases ; 1 7 : e 0. 5. narasimha vl, ganesh s, reddy s, shukla l, mukherjee d, kandasamy a, chand pk, benegal v, murthy p. pellagra and alco - hol dependence syndrome : findings from a tertiary care addiction treatment centre in india. alcohol alcohol",
      "type": "text"
    },
    {
      "id": 33,
      "text": "ary care addiction treatment centre in india. alcohol alcohol ; 5 4 2 : 1 4 8 - 5 1. 1 0 4 chapter 3 7 a 2 9 - year - old woman from malawi with confusion, diarrhoea and a skin rash",
      "type": "text"
    }
  ],
  "images": [
    {
      "path": "Processed/images/37---A-29-Year-Old-Woman-from-Malawi-With-Confusi_2022_Clinical-Cases-in-Tro/37---A-29-Year-Old-Woman-from-Malawi-With-Confusi_2022_Clinical-Cases-in-Tro_p1_img1.jpeg",
      "type": "image"
    },
    {
      "path": "Processed/images/37---A-29-Year-Old-Woman-from-Malawi-With-Confusi_2022_Clinical-Cases-in-Tro/37---A-29-Year-Old-Woman-from-Malawi-With-Confusi_2022_Clinical-Cases-in-Tro_p1_img2.jpeg",
      "type": "image"
    }
  ]
}