{
  "file": "38---A-24-Year-Old-Female-Globetrotter-With-Strange_2022_Clinical-Cases-in-T.md",
  "n_chunks": 30,
  "text_embedding": "Processed_embeddings/embeddings/text/38---A-24-Year-Old-Female-Globetrotter-With-Strange_2022_Clinical-Cases-in-T_text.npy",
  "image_embedding": "Processed_embeddings/embeddings/image/38---A-24-Year-Old-Female-Globetrotter-With-Strange_2022_Clinical-Cases-in-T_images.npy",
  "chunks": [
    {
      "id": 0,
      "text": "# page 1 3 8 a 2 4 - year - old female globetrotter with strange sensations in the right side of her body juri katchanov and eberhard siebert clinical presentation history a 2 4 - year - old dutch yoga instructor presents to an emer - gency room in berlin, germany, with one episode of strange sensations in the right side of her body. this",
      "type": "text"
    },
    {
      "id": 1,
      "text": "ations in the right side of her body. this started in the right side of her face, marched to her right arm and then con - tinued to involve her right leg. she describes the feeling as ‘ pins and needles ’ lasting for about 2 minutes. she had a sim - ilar episode several months ago. at that time, she did not consult a doctor",
      "type": "text"
    },
    {
      "id": 2,
      "text": "at that time, she did not consult a doctor. four years before this presentation, after finishing school, she had left her home town in the netherlands to go back - packing for 2 years. she travelled extensively through south america ecuador, peru, argentina and south - east asia thailand, laos, cambodia, staying in hostels or private accommodations. she describes herself as an ‘ eco",
      "type": "text"
    },
    {
      "id": 3,
      "text": "accommodations. she describes herself as an ‘ eco - traveller ’, visiting the countryside and staying with local people. she has been a strict vegan for the past 8 years. she would eat food from local vendors but never any animal products. her main diet during her travelling consisted of fruits, veg - etables, nuts and rice. clinical findings on examination she looks well and is",
      "type": "text"
    },
    {
      "id": 4,
      "text": ". clinical findings on examination she looks well and is afebrile. her neurolog - ical examination is completely unremarkable. the rest of her physical examination is also normal. laboratory results her routine blood investigations, including differential blood count and c - reactive protein are completely normal. her csf examination is unremarkable. imaging the mri of her brain with gadolinium enhancement shows multiple",
      "type": "text"
    },
    {
      "id": 5,
      "text": "her brain with gadolinium enhancement shows multiple cortical and subcortical cystic lesions in both hemi - spheres fig. 3 8. 1. questions 1. what is the clinical syndrome the patient presents with and what is the most likely diagnosis in light of the imag - ing findings and the patient ’ s travel history? 2. how would you treat this patient?",
      "type": "text"
    },
    {
      "id": 6,
      "text": "? 2. how would you treat this patient? discussion a young dutch woman presents with paraesthesias that spread over the right side of her body, lasting for about 2 minutes. four years previously she went on an extensive backpacking trip around the world, visiting various places in south america and asia. she lives on a vegan diet. her physical examination including her neurological status are completely normal.",
      "type": "text"
    },
    {
      "id": 7,
      "text": "physical examination including her neurological status are completely normal. the basic blood and csf results are normal and do not reveal any signs of inflammation. the mri of the brain shows multiple cystic lesions in both hemispheres. 1 0 5 # page 2 answer to question 1 what is the clinical syndrome? the patient presents with a focal epileptic seizure. her paraesthesias represent a so -",
      "type": "text"
    },
    {
      "id": 8,
      "text": "seizure. her paraesthesias represent a so - called jacksonian ‘ sensory march ’. neuroimaging reveals multiple cortical and sub - cortical lesions. the cortical lesions in the left hemisphere are likely to be responsible for the patient ’ s epileptic dis - order on the contralateral side of her body. the lesions are cystic, some of",
      "type": "text"
    },
    {
      "id": 9,
      "text": "body. the lesions are cystic, some of them show gadolinium enhancement of the wall and surrounding oedema. given the presentation healthy - looking patient, no immunosup - pression, no fever, one similar episode a while ago with no progression of symptoms and her travel history to south america and south - east asia the most likely diagnosis is neu - rocysticer",
      "type": "text"
    },
    {
      "id": 10,
      "text": "most likely diagnosis is neu - rocysticercosis with multiple cysts in the vesicular and colloi - dal stage. an enzyme - linked immunoelectrotransfer blot eitb for the detection of anticysticercal antibodies in serum and csf should be done to confirm the diagnosis. answer to question 2 how would you treat this patient? the patient should",
      "type": "text"
    },
    {
      "id": 11,
      "text": "how would you treat this patient? the patient should receive antiparasitic treatment, cortico - steroids and antiepileptic drugs see summary box and table 3 8. 1. the case continued … the eitb came back positive for serum and csf and a diag - nosis of neurocysticercosis was made. the patient was treated with albendazole",
      "type": "text"
    },
    {
      "id": 12,
      "text": ". the patient was treated with albendazole 4 0 0 mg bd pig faeces which contain for 1 0 days and started on antiepileptic drugs. she declined treatment with steroids. she did not attend her 3 - month follow - up but returned as an outpatient 1 year later. she had remained seizure - free for 1 year. mri of the brain showed regression of all cy",
      "type": "text"
    },
    {
      "id": 13,
      "text": ". mri of the brain showed regression of all cysts. a ct scan on 2 - year follow - up showed two calcifications. her antiepileptic treat - ment was stopped after a seizure - free period of 3 years. • fig. 3 8 - 1 cerebral mri of the patient. t 2 - weighted a, fluid attenuation inversion recovery b, t 1 -",
      "type": "text"
    },
    {
      "id": 14,
      "text": "uation inversion recovery b, t 1 - weighted c and contrast - enhanced t 1 - weighted d images show multiple csf isointense cystic lesions containing a scolex central dot in cortical and subcortical distribution. some lesions show perifocal oedema and ring - enhancement after contrast administration d. 1 0 6 chapter 3 8 a 2 4 - year - old female",
      "type": "text"
    },
    {
      "id": 15,
      "text": "3 8 a 2 4 - year - old female globetrotter with strange sensations in the right side of her body # page 3 summary box neurocysticercosis neurocysticercosis is a cns infestation with the larval form of taenia solium the pork tapeworm. it is widely prevalent in africa, asia and latin america and is considered by the",
      "type": "text"
    },
    {
      "id": 16,
      "text": ", asia and latin america and is considered by the who to be the most common preventable cause of epilepsy in the developing world. humans acquire neurocysticercosis by eating food, e. g. salad or vegetables, contaminated with t. solium eggs. this explains why even individuals who do not eat pork meat for religious or ideological reasons can get neurocysticerco",
      "type": "text"
    },
    {
      "id": 17,
      "text": "ideological reasons can get neurocysticercosis, as seen in this case. consuming infested pork meat leads to intestinal infection with adult pork tapeworm. consumed ova release oncospheres that penetrate the intestinal wall to spread haematogenously throughout the host ’ s body. in the cns they become encysted affecting either the cns parenchyma or, less commonly",
      "type": "text"
    },
    {
      "id": 18,
      "text": "either the cns parenchyma or, less commonly, the subarachnoid space. symptoms and signs depend on the location of cysts. the most common clinical presentation is focal epileptic seizures. cysts in the subarachnoid space can cause hydrocephalus, producing headache and altered mental state. diagnosis is based on neuroimaging, serology and epidemiological",
      "type": "text"
    },
    {
      "id": 19,
      "text": "based on neuroimaging, serology and epidemiological evidence. only vesicular and colloidal cysts are amenable to anthelmintic treatment table 3 8. 1. albendazole or the combination of albendazole and praziquantel can decrease the number of active lesions and reduce long - term seizure frequency. adjunctive corticosteroid therapy before",
      "type": "text"
    },
    {
      "id": 20,
      "text": "frequency. adjunctive corticosteroid therapy before antiparasitic drugs is recommended for all patients treated with anthelmintic drugs. in patients with untreated hydrocephalus or diffuse cerebral oedema, management of elevated intracranial pressure alone without antiparasitic treatment is recommended. the manage - ment of patients with diffuse cerebral oedema should be antiin - flam",
      "type": "text"
    },
    {
      "id": 21,
      "text": "fuse cerebral oedema should be antiin - flammatory therapy with corticosteroids ; hydrocephalus usually requires a surgical approach. the duration of antiepileptic therapy depends on the course of the disease. radiological follow - ups at 6 - month intervals are recommended. if the patient has remained seizure - free for 2 4 consecutive months with cysts resolved on neuroimaging,",
      "type": "text"
    },
    {
      "id": 22,
      "text": "consecutive months with cysts resolved on neuroimaging, anti - epileptic drugs may be tapered off and then stopped. further reading 1. heckmann je, bhigjee ai. tropical neurology. in : farrar j, editor. manson ’ s tropical diseases. 2 3 rd ed. london : elsevier ; [ chapter 7 1 ]. 2. baily g, garcia",
      "type": "text"
    },
    {
      "id": 23,
      "text": "7 1 ]. 2. baily g, garcia hh. other cestode infections : intestinal cestodes, cysticercosis, other larval cestode infections. in : farrar j, editor. manson ’ s tropical diseases. 2 3 rd ed. london : elsevier ; [ chapter 5 7 ]. 3. garcia hh : neurocysticerco",
      "type": "text"
    },
    {
      "id": 24,
      "text": "3. garcia hh : neurocysticercosis. neurol clin ; 3 6 4 : 8 5 1 - 4. 4. coyle cm. neurocysticerosis : an individualized approach. infect dis clin north am ; 3 3 1 : 1 5 3 - 6 8. https : doi. org 1 0. j. idc.. 1 0.",
      "type": "text"
    },
    {
      "id": 25,
      "text": "1 0. j. idc.. 1 0. 0 0 7. 5. white jr. ac, coyle cm, rajshekhar v, et al. diagnosis and treatment of neurocysticercosis : clinical practice guidelines by the infectious diseases society of america idsa and the american society of tropical medicine and hygiene astmh. clin infect dis ; 6 6 8 :",
      "type": "text"
    },
    {
      "id": 26,
      "text": "clin infect dis ; 6 6 8 : 6 3. table 3 8. 1 stages of cysticercal cyst and treatment recommendations 4 neuroimaging stage biology anticysticercal treatment isointense isodense to csf, no contrast enhancement vesicular viable, non - immunogenic, can persist asymptomatically for years 1 - 2 cysts albendaz",
      "type": "text"
    },
    {
      "id": 27,
      "text": "for years 1 - 2 cysts albendazole ∗+ steroids for 1 0 - 1 4 days enhanced wall ‘ ring enhancement ’ on contrast imaging, surrounding oedema colloidal viable but degenerating, immunogenic > 2 cysts albendazole ∗+ praziquantel ∗ + steroids for 1 0 - 1 4 days thickened retracted cy",
      "type": "text"
    },
    {
      "id": 28,
      "text": "0 - 1 4 days thickened retracted cyst without oedema granulo - nodular degenerated no anthelmintic treatment calcification calcified final involuted stage ∗ diffuse cerebral oedema is a contraindication for antihelminthic treatment 1 0 7 chapter 3 8 a 2 4 - year - old female globetrotter with strange sensations in the right",
      "type": "text"
    },
    {
      "id": 29,
      "text": "female globetrotter with strange sensations in the right side of her body",
      "type": "text"
    }
  ],
  "images": [
    {
      "path": "Processed/images/38---A-24-Year-Old-Female-Globetrotter-With-Strange_2022_Clinical-Cases-in-T/38---A-24-Year-Old-Female-Globetrotter-With-Strange_2022_Clinical-Cases-in-T_p2_img1.jpeg",
      "type": "image"
    }
  ]
}