{
  "file": "39---A-30-Year-Old-Male-Chinese-Trader-With-_2022_Clinical-Cases-in-Tropical.md",
  "n_chunks": 30,
  "text_embedding": "Processed_embeddings/embeddings/text/39---A-30-Year-Old-Male-Chinese-Trader-With-_2022_Clinical-Cases-in-Tropical_text.npy",
  "image_embedding": "Processed_embeddings/embeddings/image/39---A-30-Year-Old-Male-Chinese-Trader-With-_2022_Clinical-Cases-in-Tropical_images.npy",
  "chunks": [
    {
      "id": 0,
      "text": "# page 1 3 9 a 3 0 - year - old male chinese trader with fever in laos paul n. newton, valy keoluangkhot, mayfong mayxay, michael d. green and facundo m. fernández clinical presentation history a 3 0 - year - old male chinese itinerant trader is referred to a hospital in vientiane, laos",
      "type": "text"
    },
    {
      "id": 1,
      "text": "referred to a hospital in vientiane, laos, with 7 days of fever, chills, head - ache and a dry cough. he developed slide - positive falciparum malaria whilst living in southern laos and was treated with intravenous infusions and intramuscular artemether 8 0 mg for 5 days, which he had brought from china as standby ther - apy",
      "type": "text"
    },
    {
      "id": 2,
      "text": "had brought from china as standby ther - apy, but did not improve. the fever persisted, jaundice devel - oped and he was therefore transferred to the capital vientiane. clinical findings on admission he was febrile 3 9. 5 ° c, 1 0 3. 1 ° f with normal blood pressure and glasgow coma score, but had nausea",
      "type": "text"
    },
    {
      "id": 3,
      "text": "pressure and glasgow coma score, but had nausea, dry cough, moderate dehydration, chest pain and abdominal tenderness. his chest was clear and no hepatosplenomegaly was detected. investigations giemsa smear was negative for malaria parasites but a rapid diagnostic test hrp - 2 was positive for plasmodium falci - parum, consistent with recent falcipar",
      "type": "text"
    },
    {
      "id": 4,
      "text": "- parum, consistent with recent falciparum malaria. serum cre - atinine and glucose were normal. his further laboratory results are shown in table 3 9. 1. questions 1. what are your most important differential diagnoses? 2. how would you approach this patient? discussion a 3 0 - year - old chinese itinerant trader presents to a hospital in laos with persistent",
      "type": "text"
    },
    {
      "id": 5,
      "text": "ant trader presents to a hospital in laos with persistent fever after receiving a 5 - day course of antimalarial treatment with artemether for falciparum malaria. his blood smear is negative, but his rapid diagnostic test is positive for p. falciparum. answer to question 1 what are your most important differential diagnoses? with falciparum malaria the patient",
      "type": "text"
    },
    {
      "id": 6,
      "text": "ses? with falciparum malaria the patient is at risk of bacterial co - infection, especially with salmonella species. he could have another common infectious disease contracted in laos such as scrub typhus orientia tsutsugamushi, murine typhus rickettsia typhi, leptospirosis, tuberculosis or dengue fever. artemisinin - resistant",
      "type": "text"
    },
    {
      "id": 7,
      "text": "or dengue fever. artemisinin - resistant falciparum malaria has been described from southern laos, cambodia border, the burma myanmar thai border, myanmar and southern vietnam, manifested as prolonged parasite clearance times. other pos - sibilities are that the artemether was given at the incorrect dose, was of poor quality or that there were issues with intes - tinal",
      "type": "text"
    },
    {
      "id": 8,
      "text": "that there were issues with intes - tinal absorption of the medicine. answer to question 2 how would you approach this patient? repeat history, physical examination and investigations such as blood culture and chest radiography looking for other causes of infection, review of the antimalarial dosage table 3 9. 1 laboratory results on admission parameter unit patient reference range alt u l 3 0",
      "type": "text"
    },
    {
      "id": 9,
      "text": "ameter unit patient reference range alt u l 3 0 1 < 4 0 ast u l 2 3 0 < 3 7 alp u l 4 7 0 < 1 2 0 total bilirubin μmol l 1 4 < 1 4. 5 direct bilirubin μmol l 6. 4 < 4. # page 2 received and likely efficacy and consider retreatment with a",
      "type": "text"
    },
    {
      "id": 10,
      "text": "received and likely efficacy and consider retreatment with a known, quality - assured antimalarial. the case continued … the patient was treated with oral quinine sulphate 1 0 mg kg every 8 hours and doxycycline 1 0 0 mg every 1 2 hours for 7 days. his fever cleared 3 5 hours after starting this therapy and he was discharged well. no evidence",
      "type": "text"
    },
    {
      "id": 11,
      "text": "therapy and he was discharged well. no evidence was found for any other infections. intramuscular artemether has been widely used for the treatment of severe p. falciparum malaria, and clinical trial evidence suggests that it has similar efficacy to parenteral qui - nine, but is probably inferior to parenteral artesunate. there is a common error of",
      "type": "text"
    },
    {
      "id": 12,
      "text": "artesunate. there is a common error of package inserts advising 5 days, rather than the international guidelines of 7 days of monotherapy. in our case, examination of the vial and packaging of the suspect sample did not reveal any overt differences from gen - uine samples suggesting that it was not falsified. however, high performance liquid chromatography hplc and mass",
      "type": "text"
    },
    {
      "id": 13,
      "text": "high performance liquid chromatography hplc and mass spectrometry ms analysis of the suspect sample demon - strated that it only contained 5 9 mg artemether 7 4 % of that stated on the vial. electrospray mass spectra demonstrated that suspect and genuine samples were identical in terms of their qualitative chemical composition, i. e. their “ finger - prints ”, but",
      "type": "text"
    },
    {
      "id": 14,
      "text": "their “ finger - prints ”, but differed in active ingredient content. the arte - mether was therefore substandard, containing inadequate amounts of artemether because of factory error or negligence or a good quality genuine product that deteriorated during storage and transport. the conventional dose of intramuscular artemether is 3. 2 mg kg stat followed by 1. 6 mg",
      "type": "text"
    },
    {
      "id": 15,
      "text": "2 mg kg stat followed by 1. 6 mg kg once daily for 7 days. the patient probably received an actual dose of only approx - imately 1. 0 mg kg per day as monotherapy of inadequate duration. the combination of underdosing and poor - quality drug most likely resulted in his poor clinical response. he would presumably have recovered rapidly if oral artemether - lu",
      "type": "text"
    },
    {
      "id": 16,
      "text": "have recovered rapidly if oral artemether - lumefantrine had been given, as specified in the lao national treatment guidelines. this case emphasizes the importance of appropriate ther - apy and dosage, of following national guidelines and of checking the quality of a medicine taken if expected improvement does not occur. summary box poor - quality medicines poor - quality medicines are of two main",
      "type": "text"
    },
    {
      "id": 17,
      "text": "quality medicines poor - quality medicines are of two main types - substandard and falsified drugs. substandard drugs are produced by authorized manufac - turers ; but because of unintentional errors in production or neg - ligence, they fail to meet pharmaceutical standards. they often contain reduced amounts of active ingredients or their bioavail - ability is poor. medicines may also leave the factory",
      "type": "text"
    },
    {
      "id": 18,
      "text": "ability is poor. medicines may also leave the factory of good quality but deteriorate because of poor storage in the distribution chain. in contrast, falsified drugs are deliberately produced by criminals by fraud and often, but not always, contain none of the stated active ingredients. in the s and early s, there was a large epidemic of falsified oral artesunate throughout mainland south",
      "type": "text"
    },
    {
      "id": 19,
      "text": "falsified oral artesunate throughout mainland south - east asia and, most alarmingly, there are increasing reports of falsified and substandard artemisinin - based combination therapies acts in africa. some contain wrong active ingredients that may be toxic or engender resistance. there have been false reports of antimalarial drug resistance in both africa and asia, which upon",
      "type": "text"
    },
    {
      "id": 20,
      "text": "drug resistance in both africa and asia, which upon further investigation were shown to be because of poor medicine quality. the use of arte - misinin derivative combinations with subtherapeutic drug content whether falsified or substandard and prescriptions for inade - quate doses or duration raise concern that these factors may facilitate the spread of resistance to this vital class of antimalari",
      "type": "text"
    },
    {
      "id": 21,
      "text": "resistance to this vital class of antimalarials. • fig. 3 9. 1 examples of genuine a and falsified b artemether - lumefantrine discovered in africa. the red circles indicate errors made by the criminals. the falsifiers confused ‘ m ’ with ‘ rn ’ in ‘ lagern ’ german for �",
      "type": "text"
    },
    {
      "id": 22,
      "text": "in ‘ lagern ’ german for “ storing ” and printed the packets with the word ‘ lagem ’ in error. the falsified samples contained no detectable artemether or lume - fantrine but did contain subtherapeutic pyrimethamine. reproduced from newton, p. n., green, m. d., milden",
      "type": "text"
    },
    {
      "id": 23,
      "text": "n., green, m. d., mildenhall, d. c., et al.,. poor quality vital anti - malarials in africa - an urgent neglected public health priority. malar j. 1 0, 3 5 2. 1 0 9 chapter 3 9 a 3 0 - year - old male chinese trader with fever in laos # page 3 inspection of packaging, although",
      "type": "text"
    },
    {
      "id": 24,
      "text": "in laos # page 3 inspection of packaging, although difficult, is key in detecting falsified medicines fig. 3 9. 1. unexpectedly low - cost medications, unexpectedly poor patient outcomes, unexpected adverse events and differences in packaging from those that patients and pharmacists are used to should signal alerts that should be reported to national regulatory authorities and the who at rapidalert @ who. int.",
      "type": "text"
    },
    {
      "id": 25,
      "text": "who at rapidalert @ who. int. there are very few quality - assured laboratories in malaria - endemic countries for the packaging and chemical analysis of antimalarial quality, making the timely and affordable checking of medicine quality very difficult. further reading 1. shrestha p, roberts t, homsana a, et al. febrile illness in asia : gaps in epidemi",
      "type": "text"
    },
    {
      "id": 26,
      "text": "febrile illness in asia : gaps in epidemiology, diagnosis and management for informing health policy. clin microbiol inf ; 2 4 8 : 8 1 5 - 2 6. 2. ashley ea, dhorda m, fairhurst rm, et al. tracking resistance to artemisinin collaboration trac. spread of artemisinin resis - tance",
      "type": "text"
    },
    {
      "id": 27,
      "text": "of artemisinin resis - tance in plasmodium falciparum malaria. n engl j med ; 3 7 1 5 : 4 1 1 - 2 3. 3. jackson y, chappuis f, loutan l, et al. malaria treatment failures after artemisinin - based therapy in three expatriates : could improved manufacturer information",
      "type": "text"
    },
    {
      "id": 28,
      "text": "in three expatriates : could improved manufacturer information help decrease the risk of treatment fail - ure? malar j ; 5 8 1 : 1 - 5. 4. world health organization. who global surveillance and monitoring system for substandard and falsified medical products, geneva : world health organization ;; http : apps. who. int medicinedocs en m abstract js 3 en.",
      "type": "text"
    },
    {
      "id": 29,
      "text": "medicinedocs en m abstract js 3 en. 5. newton pn, green md, mildenhall dc, et al. poor quality vital anti - malarials in africa - an urgent neglected public health priority. malar j ; 1 0 : 3 5 2. 1 1 0 chapter 3 9 a 3 0 - year - old male chinese trader with fever in laos",
      "type": "text"
    }
  ],
  "images": [
    {
      "path": "Processed/images/39---A-30-Year-Old-Male-Chinese-Trader-With-_2022_Clinical-Cases-in-Tropical/39---A-30-Year-Old-Male-Chinese-Trader-With-_2022_Clinical-Cases-in-Tropical_p2_img1.jpeg",
      "type": "image"
    },
    {
      "path": "Processed/images/39---A-30-Year-Old-Male-Chinese-Trader-With-_2022_Clinical-Cases-in-Tropical/39---A-30-Year-Old-Male-Chinese-Trader-With-_2022_Clinical-Cases-in-Tropical_p2_img2.jpeg",
      "type": "image"
    }
  ]
}