{
  "file": "4---A-4-Year-Old-Girl-from-Uganda-in-a-_2022_Clinical-Cases-in-Tropical-Medi.md",
  "n_chunks": 32,
  "text_embedding": "Processed_embeddings/embeddings/text/4---A-4-Year-Old-Girl-from-Uganda-in-a-_2022_Clinical-Cases-in-Tropical-Medi_text.npy",
  "image_embedding": "Processed_embeddings/embeddings/image/4---A-4-Year-Old-Girl-from-Uganda-in-a-_2022_Clinical-Cases-in-Tropical-Medi_images.npy",
  "chunks": [
    {
      "id": 0,
      "text": "# page 1 4 a 4 - year - old girl from uganda in a coma douglas g. postels clinical presentation history it is the rainy season in rural eastern uganda. a 4 - year - old girl, previously healthy, is carried into the accident and emergency a & e department. her father reports that she was well until yesterday. she had a bad headache in the early afternoon but",
      "type": "text"
    },
    {
      "id": 1,
      "text": "she had a bad headache in the early afternoon but later in the evening developed shaking chills. believing this was yet another episode of malaria, a common problem in their village, the family planned to take her to the health centre in the morning. the child slept restlessly. at 5 a. m. today the family woke to find the girl was in the midst of a seizure, which",
      "type": "text"
    },
    {
      "id": 2,
      "text": "girl was in the midst of a seizure, which lasted about ten minutes. it has taken 4 hours for the family to reach a & e and the little girl has not awoken. the child has not had any recent head trauma and the family knows of no other reason that the child might be ill. clinical findings her temperature is 3 8. 7 ° c 1 0 1.",
      "type": "text"
    },
    {
      "id": 3,
      "text": "3 8. 7 ° c 1 0 1. 7 ° f, pulse 1 5 0 bpm, respi - ratory rate 3 6 breath cycles per minute and blood pressure 9 8 / 4 0 mmhg. she has no neck stiffness or jaundice. capil - lary refill is normal. there is nasal flaring with respirations. blantyre coma",
      "type": "text"
    },
    {
      "id": 4,
      "text": "aring with respirations. blantyre coma scale is 1 5. pupils are 2 mm and reactive, and extraocular movements are normal by oculocephalic manoeuvres. she has no papilloedema on direct ophthalmos - copy. with stimulation there is decerebrate posturing that resolves spontaneously. on cardiac examination she has a gallop",
      "type": "text"
    },
    {
      "id": 5,
      "text": "taneously. on cardiac examination she has a gallop rhythm. her liver is palpable 2 cm below the right costal margin and her spleen is 4 cm below the left costal margin. a rapid test for glucose is normal. laboratory results laboratory results are given in table 4. 1. questions 1. what is the differential diagnosis? 2. what additional work - up should",
      "type": "text"
    },
    {
      "id": 6,
      "text": "diagnosis? 2. what additional work - up should be performed? discussion a 4 - year - old ugandan girl is brought to the hospital uncon - scious with no neurological localizing signs, a supple neck, hepatosplenomegalyandapositivemalariarapiddiagnostictest. earlylaboratorytestingrevealsanaemiaandthrombocytopenia",
      "type": "text"
    },
    {
      "id": 7,
      "text": "revealsanaemiaandthrombocytopenia. answer to question 1 what is the differential diagnosis? the most important underlying aetiologies of coma to con - sider are cerebral malaria, acute bacterial meningitis, viral encephalitis and intoxication particularly organophos - phates. metabolic abnormalities hypoglycaemia, or renal or hepatic failure and",
      "type": "text"
    },
    {
      "id": 8,
      "text": "emia, or renal or hepatic failure and non - convulsive status epilepticus may be primary causes of coma or complicate these infectious and toxic aetiologies. although there is no neck stiffness, she is deeply comatose, making this clinical finding less reliable ; the absence of neck stiffness should not lower the clinician ’ s suspicion of mening",
      "type": "text"
    },
    {
      "id": 9,
      "text": "lower the clinician ’ s suspicion of meningitis. rapid testing shows that hypogly - caemia is not the cause of the child ’ s abnormal mental status and it has been 4 hours since her last clinical seizure, making a post - ictal state unlikely. the world health organization who defines cerebral malaria as an ‘ otherwise unexplained coma in a patient",
      "type": "text"
    },
    {
      "id": 10,
      "text": "‘ otherwise unexplained coma in a patient with malaria parasitaemia ’. this clinical diagnosis is, however, non - specific because of high rates of asymptomatic parasitae - mia in those geographical areas where malaria is most com - mon and the abundance of differential diagnoses. table 4. 1 laboratory results on admission parameter patient reference range haemat",
      "type": "text"
    },
    {
      "id": 11,
      "text": "results on admission parameter patient reference range haematocrit % 1 7. 6 3 0 platelet count 1 0 9 l 0 - 4 5 0 malaria rdt positive negative 1 0 # page 2 people living in an area of high malaria transmission such as rural uganda in the rainy season may be frequently bitten by malaria - infected female anopheline mosquitoes. initially, this produces",
      "type": "text"
    },
    {
      "id": 12,
      "text": "female anopheline mosquitoes. initially, this produces clinical illness either uncomplicated or com - plicated malaria ; but with repeated infectious challenges, a state of asymptomatic parasitaemia may be attained. there - fore in african children in a coma, a positive malaria rapid diagnostic test rdt does not rule out an underlying non - malarial aetiology of acute",
      "type": "text"
    },
    {
      "id": 13,
      "text": "underlying non - malarial aetiology of acute illness. in parasitaemic afri - can children in a coma, direct or indirect ophthalmoscopy may be useful in differentiating malarial from non - malarial aetiologies of coma see summary box. answer to question 2 what additional work - up should be performed? although the child has a positive malaria rdt",
      "type": "text"
    },
    {
      "id": 14,
      "text": "? although the child has a positive malaria rdt, a lumbar puncture should be performed to rule out bacterial meningi - tis. if available, an electroencephalogram eeg may be use - ful to rule out non - convulsive status epilepticus as either a primary coma aetiology or a contributor to illness. more sophisticated laboratory evaluations creatin",
      "type": "text"
    },
    {
      "id": 15,
      "text": "to illness. more sophisticated laboratory evaluations creatinine, electrolytes, bilirubin may be useful but are seldom available in the geo - graphical contexts where malaria is most prevalent. an ophthalmoscopic examination to evaluate for malarial retinopathy may be helpful. the presence of one or more ret - inal findings retinal whitening, haemorrhages or orange - white",
      "type": "text"
    },
    {
      "id": 16,
      "text": "al whitening, haemorrhages or orange - white vessels with or without papilloedema would lend support to a malarial aetiology of acute illness fig. 4. 1. children with retinopathy - negative cerebral malaria may be more likely to have a non - malarial aetiology for their coma. as both retinopathy - negative and retinopathy - positive cerebral malaria may",
      "type": "text"
    },
    {
      "id": 17,
      "text": "- negative and retinopathy - positive cerebral malaria may be complicated by bacteraemia, bacte - rial meningitis, seizures and or metabolic abnormalities, a complete work - up for non - malarial coma aetiologies including non - convulsive status epilepticus is indicated in all patients presenting with who clinically defined cerebral malaria. the case continued... a lumb",
      "type": "text"
    },
    {
      "id": 18,
      "text": "defined cerebral malaria. the case continued... a lumbar puncture was performed. the csf was clear and acellular ; opening pressure was normal. blood cultures were taken, and mydriatic drops instilled to perform ophthalmos - copy. this revealed white - centred haemorrhages in both eyes. a diagnosis of retinopathy - positive cerebral malaria was made. after administration of",
      "type": "text"
    },
    {
      "id": 19,
      "text": "- positive cerebral malaria was made. after administration of artesunate 2. 4 mg kg iv in a & e, the child was admitted to the high - dependency section of the hospital ’ s paediatric unit for frequent monitoring of vital signs and serum glucose. artesunate was repeated at 1 2 and 2 4 hours and then once daily. an eeg showed diffuse",
      "type": "text"
    },
    {
      "id": 20,
      "text": "then once daily. an eeg showed diffuse slowing but no epileptiform activity. twelve hours after admission the child had one short 1 minute generalized sei - zure that spontaneously resolved and did not recur. forty hours after admission her blantyre coma score was 4 5. the child was discharged home on hospital day five, with a follow - up appointment",
      "type": "text"
    },
    {
      "id": 21,
      "text": "hospital day five, with a follow - up appointment in the neurology clinic scheduled after 4 weeks. summary box cerebral malaria and malarial retinopathy cerebral malaria is defined as an otherwise unexplained coma in a patient with plasmodium falciparum parasitaemia. malaria kills almost 0 0 people per year, the vast majority of them children younger than 6 years old living in",
      "type": "text"
    },
    {
      "id": 22,
      "text": "of them children younger than 6 years old living in sub - saharan africa. many of these children have cerebral malaria fig. 4. 2. in african children with parasitaemia in a coma, direct or indirect ophthalmoscopy may be useful in differentiating malarial from non - malarial aetiologies of coma. in autopsy studies, iden - tification of malarial",
      "type": "text"
    },
    {
      "id": 23,
      "text": "autopsy studies, iden - tification of malarial retinopathy during life was 9 5 % sensitive and • fig. 4. 1 white - centred haemorrhages and retinal whitening, both fea - tures of malaria retinopathy courtesy dr nicholas beare. • fig. 4. 2 infant with cerebral malaria hospitalized at queen elizabeth central hospital, blantyre, malawi courtesy mr",
      "type": "text"
    },
    {
      "id": 24,
      "text": "hospital, blantyre, malawi courtesy mr james peck. 1 1 chapter 4 a 4 - year - old girl from uganda in a coma # page % specific for the post - mortem identification of sequestered parasitized erythrocytes in cerebral vasculature. sequestered parasitized erythrocytes in the cns are a pathological hallmark of cerebral malaria",
      "type": "text"
    },
    {
      "id": 25,
      "text": "the cns are a pathological hallmark of cerebral malaria and likely indicate that acute malarial infection was responsible for the patient ’ s illness and death. in these autopsy studies, children who fulfilled who clinical criteria for cerebral malaria but lacked malarial retinopathy i. e. they had retinopathy - negative cerebral malaria had other non - malarial aetiologies of death on autopsy",
      "type": "text"
    },
    {
      "id": 26,
      "text": "malarial aetiologies of death on autopsy, including systemic infections pneumonia and reye syndrome. in contrast, an epidemiological modelling study in children with retinopathy - negative cerebral malaria showed that the attributable fraction of disease as a result of malaria infection itself is at least 8 5 %. the proportion of children with retinopathy - negative cerebral malaria who have non - malarial etio",
      "type": "text"
    },
    {
      "id": 27,
      "text": "cerebral malaria who have non - malarial etiologies of coma remains unknown. the mainstay of therapy is antimalarials, intensive supportive care and diagnosis and treatment of non - malarial infectious and non - infectious contributors to illness. even in specialized centres, the case fatality rate for cerebral malaria is 1 5 % to 2 5 %. one - third of survivors are left",
      "type": "text"
    },
    {
      "id": 28,
      "text": "2 5 %. one - third of survivors are left with neurological sequelae, including epilepsy, cognitive impairment, attention problems and behavioural disorders. further reading 1. white nj. malaria. in : farrar j, editor. manson ’ s tropical dis - eases. 2 3 rd ed. london : elsevier ; [ chapter 4 3 ]. 2. maccormick ij",
      "type": "text"
    },
    {
      "id": 29,
      "text": "4 3 ]. 2. maccormick ij, beare na, taylor te, et al. cerebral malaria in children : using the retina to study the brain. brain ; 1 3 7 8 : 4 2. 3. taylor te, fu wj, carr ra, et al. differentiating the pathologies of cerebral malaria by postmortem parasite counts. nat med ; 1",
      "type": "text"
    },
    {
      "id": 30,
      "text": "postmortem parasite counts. nat med ; 1 0 2 : 1 4 3 - 5. 4. small ds, taylor te, postels dg, et al. evidence from a natural experiment that malaria parasitemia is pathogenic in retinopathy - negative cerebral malaria. elife ; 6 : e 9. 5. taylor te, molyneux me. the pathogenesis of",
      "type": "text"
    },
    {
      "id": 31,
      "text": "molyneux me. the pathogenesis of pediatric cerebral malaria : eye exams, autopsies, and neuroimaging. ann ny acad sci ;: 4 4 - 5 2. 1 2 chapter 4 a 4 - year - old girl from uganda in a coma",
      "type": "text"
    }
  ],
  "images": [
    {
      "path": "Processed/images/4---A-4-Year-Old-Girl-from-Uganda-in-a-_2022_Clinical-Cases-in-Tropical-Medi/4---A-4-Year-Old-Girl-from-Uganda-in-a-_2022_Clinical-Cases-in-Tropical-Medi_p2_img1.jpeg",
      "type": "image"
    },
    {
      "path": "Processed/images/4---A-4-Year-Old-Girl-from-Uganda-in-a-_2022_Clinical-Cases-in-Tropical-Medi/4---A-4-Year-Old-Girl-from-Uganda-in-a-_2022_Clinical-Cases-in-Tropical-Medi_p2_img2.jpeg",
      "type": "image"
    }
  ]
}