{
  "file": "40---A-62-Year-Old-Woman-from-Ethiopia-With-D_2022_Clinical-Cases-in-Tropica.md",
  "n_chunks": 19,
  "text_embedding": "Processed_embeddings/embeddings/text/40---A-62-Year-Old-Woman-from-Ethiopia-With-D_2022_Clinical-Cases-in-Tropica_text.npy",
  "image_embedding": "Processed_embeddings/embeddings/image/40---A-62-Year-Old-Woman-from-Ethiopia-With-D_2022_Clinical-Cases-in-Tropica_images.npy",
  "chunks": [
    {
      "id": 0,
      "text": "# page 1 4 0 a 6 2 - year - old woman from ethiopia with difficulty eating christopher j. m. whitty clinical presentation history a 6 2 - year - old woman from rural ethiopia had flown to europe to visit her daughter and meet her new grandchild. she was normally fit and well and very physically active, because she worked on her smallholding in ethiopia. three days",
      "type": "text"
    },
    {
      "id": 1,
      "text": "worked on her smallholding in ethiopia. three days after arrival she began to find it difficult to chew, with what she described through her daughter as ‘ stiffness of the mouth ’. this had never happened before. clinical findings no abnormal findings are discovered on examination. her pulse, blood pressure and respiratory rate are within normal limits. questions 1. what are the important differential diagno",
      "type": "text"
    },
    {
      "id": 2,
      "text": ". questions 1. what are the important differential diagnoses and what would help establish the diagnosis? 2. what is the immediate management? discussion a 6 2 - year - old woman from ethiopia presents with difficul - ties chewing. she has been fit and well in the past. her phys - ical examination is unremarkable. answer to question 1 what are the important differential diagnoses and",
      "type": "text"
    },
    {
      "id": 3,
      "text": "question 1 what are the important differential diagnoses and what would help establish the diagnosis? although there is a range of possible causes of stiffness on mastication, the main cause from less developed countries is early tetanus. the risk factors are agricultural work and being from a country and age group in which vaccination is unlikely to have occurred. an important differential for trismus in",
      "type": "text"
    },
    {
      "id": 4,
      "text": "occurred. an important differential for trismus in older people is giant cell arteritis gca, and an esr should be performed on this woman to exclude gca as a matter of urgency, although she is towards the lower end of the age range for this. the diagnosis of tetanus is purely clinical. generalized tetanus with spasms is easy to diagnose once",
      "type": "text"
    },
    {
      "id": 5,
      "text": "tanus with spasms is easy to diagnose once it is established, but it is usually preceded by trismus because the muscles of mastication have the shortest motor neurons. answer to question 2 what is the immediate management? the initial treatment for any possible tetanus is to give an antibiotic metronidazole is the antibiotic of choice to kill the infection and prevent",
      "type": "text"
    },
    {
      "id": 6,
      "text": "the antibiotic of choice to kill the infection and prevent more toxin production, and an antitoxin injection to neutralize circulating tetanospasmin. the earlier this is undertaken the better the outlook ; there - fore it is better to over - suspect tetanus than to wait until spasms make the diagnosis obvious. the time between the high - risk injury and the first sy",
      "type": "text"
    },
    {
      "id": 7,
      "text": "between the high - risk injury and the first symp - toms is a guide to prognosis but often it is not known, espe - cially in agricultural populations who may sustain high - risk injuries which may be minor regularly. the case continued … the woman received metronidazole and antitoxin on day 1. on day 2 she presented again, having had two",
      "type": "text"
    },
    {
      "id": 8,
      "text": "on day 2 she presented again, having had two generalized spasms. over the next 2 days she was nursed in a dark, quiet environment, but her spasms increased in frequency, severity and duration over the next 5 days and she developed dyspha - gia. she was treated with diazepam and antitoxin was admin - istered intrathecally",
      "type": "text"
    },
    {
      "id": 9,
      "text": "oxin was admin - istered intrathecally. a prophylactic tracheotomy was performed because of the risk of laryngeal spasms, the com - monest cause of sudden death in tetanus. her symptoms got no worse after 7 days ; she did not have to be paralysed and ventilated, and her respiration was not severely compromised",
      "type": "text"
    },
    {
      "id": 10,
      "text": "ated, and her respiration was not severely compromised at any point. she made a slow recovery over 3 weeks, and was still experiencing stiffness when seen in clinic 3 months later. 1 1 1 # page 2 summary box tetanus severe tetanus is a terrible disease both to have and to witness. some tetanus stops at trismus, but most will go",
      "type": "text"
    },
    {
      "id": 11,
      "text": "stops at trismus, but most will go on to generalized spasms. as these become more severe, respiratory function is compromised ; and in the most severe cases, there is autonomic dysregulation with rapid swings in blood pressure, heart rate and pulse. there is a wide variation in the mortality from established generalized tetanus between different units, demonstrating that proper medical and",
      "type": "text"
    },
    {
      "id": 12,
      "text": "us between different units, demonstrating that proper medical and nursing care have a significant influence on outcome. wounds require meticulous cleaning and debridement. after the initial antibiotics, antitoxin and diazepam for spasms, it is essential to assess the stage of the patient regularly. tetanus toxin already in the motor nerves will not be affected by antitoxin and",
      "type": "text"
    },
    {
      "id": 13,
      "text": "nerves will not be affected by antitoxin and will continue to track to the spinal cord, therefore patients generally continue to deteriorate for several days after initial pre - sentation and treatment. intrathecal antitoxin should be consid - ered in severe cases. in survivors, the disease then plateaus before a slow recovery. most deaths are either from laryngeal sp",
      "type": "text"
    },
    {
      "id": 14,
      "text": "most deaths are either from laryngeal spasm rapid, respiratory arrest in prolonged spasms, cardiac dysrhythmia or chest infection. increased respiratory rate over 4 0 breath cycles per minute or difficulty swallowing should make the treating physician consider the risk of laryngeal spasm and pre - pare the patient for either elective tracheotomy or paralysis and",
      "type": "text"
    },
    {
      "id": 15,
      "text": "either elective tracheotomy or paralysis and ventilation in the intensive care unit icu. because of the pro - tracted course of tetanus, weaning from ventilators once started is slow and difficult, with all the complications that a prolonged stay in an icu brings. further reading 1. thwaites c, yen lm. tetanus. in : farrar j",
      "type": "text"
    },
    {
      "id": 16,
      "text": ". tetanus. in : farrar j, editor. manson ’ s trop - ical diseases. london : elsevier ;. 2. rodrigo c, fernando d, rajapakse s. pharmacological manage - ment of tetanus : an evidence - based review. crit care ; 1 8 : 2 1 7. 3. thwaites cl, beeching",
      "type": "text"
    },
    {
      "id": 17,
      "text": ". 3. thwaites cl, beeching nj, newton cr. maternal and neonatal tetanus. lancet ; 3 8 5 : 3 6 2 - 7 0. 4. yen lm, thwaites cl. tetanus. lancet ; 3 9 3 : 6 8. 5. pollach g, goddia c, namboya f, luiz",
      "type": "text"
    },
    {
      "id": 18,
      "text": "goddia c, namboya f, luiz t, rothe c. severe tetanus in malawi : where are the female patients? j public health ; 2 4 5 : 4 0 1 - 8. 1 1 2 chapter 4 0 a 6 2 - year - old woman from ethiopia with difficulty eating",
      "type": "text"
    }
  ],
  "images": []
}