{
  "file": "41---A-7-Year-Old-Girl-from-West-Africa-With-Two-Ski_2022_Clinical-Cases-in-.md",
  "n_chunks": 30,
  "text_embedding": "Processed_embeddings/embeddings/text/41---A-7-Year-Old-Girl-from-West-Africa-With-Two-Ski_2022_Clinical-Cases-in-_text.npy",
  "image_embedding": "Processed_embeddings/embeddings/image/41---A-7-Year-Old-Girl-from-West-Africa-With-Two-Ski_2022_Clinical-Cases-in-_images.npy",
  "chunks": [
    {
      "id": 0,
      "text": "# page 1 4 1 a 7 - year - old girl from west africa with two skin ulcers and a contracture of her right wrist moritz vogel clinical presentation history a 7 - year - old girl is presented to a district hospital in the trop - ical region of a west african country. after an insect bite, she developed an itchy papule on the back of her right hand,",
      "type": "text"
    },
    {
      "id": 1,
      "text": "papule on the back of her right hand, which enlarged over a period of 3 months. a traditional healer had prescribed herbal remedies. when the lesion ulcerated a few weeks later, diclofenac and dexamethasone were administered at the local health post. when a second lesion appeared, treatment with oxacillin was initiated with no effect. the",
      "type": "text"
    },
    {
      "id": 2,
      "text": "oxacillin was initiated with no effect. the girl became increasingly unable to use her right hand. there is no history of relevant trauma or systemic symptoms. clinical findings a 7 - year - old, anxious girl in good general condition holding her right wrist in a 4 5 ° flexion and 2 0 ° abduction position. pulse 1 0 8 bpm normal 7 0 - 1 1 0,",
      "type": "text"
    },
    {
      "id": 3,
      "text": "8 bpm normal 7 0 - 1 1 0, blood pressure 1 0 0 7 0 mmhg, temperature 3 7. 9 ° c 1 0 0. 2 ° f. two skin ulcers are present on the back of her right hand 3 3 cm and on the medial side of her right wrist 0. 5 1 cm. the larger ulcer is filled with necrotic",
      "type": "text"
    },
    {
      "id": 4,
      "text": "the larger ulcer is filled with necrotic tissue fig. 4 1. 1 and surrounded by hypo - and hyperpigmenta - tion, lichenification and desquamation. an ill - defined indu - ration surrounds the ulcers 1 2 8 cm with oedema extending from the lower arm to the fingers. a 0. 5 0. 5 cm no",
      "type": "text"
    },
    {
      "id": 5,
      "text": ". a 0. 5 0. 5 cm nodule is noticed above the medial right elbow. questions 1. what is the most likely diagnosis and what is the differ - ential diagnosis? 2. what is the appropriate clinical approach in the given context? discussion a 7 - year - old west african girl presents with two progressive cutaneous ulcers linked by an area of altered skin",
      "type": "text"
    },
    {
      "id": 6,
      "text": "taneous ulcers linked by an area of altered skin. the move - ment in the associated joint is restricted. general symptoms are limited to a mildly elevated temperature. answer to question 1 what is the most likely diagnosis and what is the differential diagnosis? the geographical region of west africa, the young age of the patient, the location of the lesion on the extremities, the absence",
      "type": "text"
    },
    {
      "id": 7,
      "text": "lesion on the extremities, the absence of major trauma and the clinical picture lead to a sus - pected diagnosis diagnosis of buruli ulcer bu. the history of an insect bite is an incidental finding, the mode of trans - mission of the causative organism, mycobacterium ulcerans, remains unknown. pain and low - grade fever as seen",
      "type": "text"
    },
    {
      "id": 8,
      "text": "unknown. pain and low - grade fever as seen in this case may also be explained by bacterial superinfection. a careful history and physical examination will provide guidance in differentiating numerous other infectious bacterial, viral, fungal, parasitic and non - infectious trauma, envenoming, autoimmune, haematological, neoplastic causes of ulcers in tropical coun - tries. in areas",
      "type": "text"
    },
    {
      "id": 9,
      "text": "cers in tropical coun - tries. in areas endemic for bu, the accuracy of clinical diag - nosis in experienced hands is remarkably high. • fig. 4 1. 1 large skin ulcer on the back of the right hand filled with necrotic tissue ; second smaller ulcer on the medial side of the wrist. 1 1 3 # page 2 answer to question",
      "type": "text"
    },
    {
      "id": 10,
      "text": ". 1 1 3 # page 2 answer to question 2 what is the appropriate clinical approach in the given context? adequate wound care, including pain relief, according to who guidelines should be instituted immediately. the desired sterile, moist atmosphere of the wound can be achieved with saline - soaked gauze changed daily. coloniza - tion with other bacteria may be controlled by povidone -",
      "type": "text"
    },
    {
      "id": 11,
      "text": "other bacteria may be controlled by povidone - iodine. antitetanus coverage must be secured. written doc - umentation of pain control and picture documentation of wound progress is helpful in achieving or maintaining a high - quality wound management standard. laboratory confirmation of bu by m. ulcerans using pcr is desirable but limited by the availability of reliable labora - tory capacity and by",
      "type": "text"
    },
    {
      "id": 12,
      "text": "availability of reliable labora - tory capacity and by its cost, which must be balanced with important supportive measures, such as improved nutrition. the indication for surgical debridement depends on the clinical picture, but also on the availability of adequate anaes - thetic and surgical care. bu - specific antimycobacterial therapy should be com - menced as soon as possible. in the absence of",
      "type": "text"
    },
    {
      "id": 13,
      "text": "ced as soon as possible. in the absence of systemic symp - toms, the toxicity of the recommended antibiotic treatment may justify a few days of delay until diagnostic results have been obtained. the case continued … pcr from a wound swab confirmed the presence of m. ulcer - ans. during the 8 weeks of specific treatment and wound care the ulcer on the back of the hand",
      "type": "text"
    },
    {
      "id": 14,
      "text": "care the ulcer on the back of the hand healed almost completely, but the second smaller ulcer increased to 8 1 0 cm in size fig. 4 1. 2. debridement and skin grafting were performed, and the patient made an uneventful recovery. the restriction of movement was corrected by physiotherapy. summary box mycobacterium ulcerans disease buruli ul",
      "type": "text"
    },
    {
      "id": 15,
      "text": "mycobacterium ulcerans disease buruli ulcer m. ulcerans disease is a necrotizing infection mainly of the sub - cutaneous tissue. it is most prevalent among children and ado - lescents living in rural communities of west africa ; but other continents and temperate regions of australia, china and japan are also affected. endemic areas are associated with water bodies such",
      "type": "text"
    },
    {
      "id": 16,
      "text": "affected. endemic areas are associated with water bodies such as rivers and lakes. however, the exact mode of transmission remains poorly understood. m. ulcerans is characterized by its particular sensitivity to heat, its propensity to develop local and distant satellite lesions and its production of a necrotizing, locally immunosuppressive and analgesic macrolide exotoxin called",
      "type": "text"
    },
    {
      "id": 17,
      "text": "and analgesic macrolide exotoxin called mycolactone. clinically, m. ulcerans disease presents with skin lesions ranging from papules, nodules and plaques to the eponymous ulcers. the latter may involve most of a limb surface or trunk and can simultaneously occur at different body sites. all lesions share skin alterations including induration,",
      "type": "text"
    },
    {
      "id": 18,
      "text": "lesions share skin alterations including induration, hypo - and hyperpigmenta - tion, lichenification, desquamation and possibly local oedema. ulcers are characterized by undermined edges surrounding a ‘ cotton wool ’ like necrosis. lesions are classically described as painless, but evidence has emerged questioning this doctrine. the diagnosis",
      "type": "text"
    },
    {
      "id": 19,
      "text": "but evidence has emerged questioning this doctrine. the diagnosis can be confirmed most reliably by pcr from a wound swab ; however, a test for the presence of mycolactone suitable for district - level laboratories is under investigation. culture is difficult because of the slow growth rate of the mycobacteria. the who recommends combination therapy with rifampicin 1 0 mg kg per day po",
      "type": "text"
    },
    {
      "id": 20,
      "text": "fampicin 1 0 mg kg per day po plus either streptomycin 1 5 mg kg per day im or clarithromycin 7. 5 mg kg twice daily po for 8 weeks, which achieve high specific cure rates. local heat application at temperatures > 4 0 ° c for several weeks has also been shown to be curative. special attention must be paid to patients",
      "type": "text"
    },
    {
      "id": 21,
      "text": "curative. special attention must be paid to patients co - infected with hiv, who are at increased risk for complications. careful wound management, pain relief, surgical excision and skin grafting as well as physiotherapy for restricted movements remain indispensable cornerstones of bu treatment. extensive necrosis of subcutaneous tissue at diagnosis may cause a sig - nificant increase in ul",
      "type": "text"
    },
    {
      "id": 22,
      "text": "may cause a sig - nificant increase in ulcer size under treatment. once secondary bacterial infection has been ruled out, this must not be mistaken for treatment failure. local or distant new lesions may become evident during or after treatment. this so called ‘ paradoxical reaction ’ is thought to be caused by a local host immune reconstitution syndrome because of a fall in my",
      "type": "text"
    },
    {
      "id": 23,
      "text": "immune reconstitution syndrome because of a fall in mycolactone levels. the distinction between bacterial secondary infection, recurrence and paradoxical reactions remains challenging and should involve expert advice. further reading 1. junghanss t, johnson c, pluschke g. mycobacterium ulcerans dis - ease. in : farrar j, editor. manson ’ s tropical",
      "type": "text"
    },
    {
      "id": 24,
      "text": "rar j, editor. manson ’ s tropical diseases. 2 3 rd ed. london : elsevier ; [ chapter 4 2 ]. 2. laboratory diagnosis of buruli ulcer. a manual for health care pro - viders. world health organization ;; who htm ntd idm. 1, available from : https : apps. who. int iris bitstream handle 5 3",
      "type": "text"
    },
    {
      "id": 25,
      "text": ". who. int iris bitstream handle 5 3 8 3 eng. pdf? sequence ¼ 1 accessed 0 1. 0 5. 1 9. • fig. 4 1. 2 at the end of specific treatment, the ulcer on the back of the hand had healed almost completely. how - ever, the second, smaller ulcer had increased in size. 1 1 4",
      "type": "text"
    },
    {
      "id": 26,
      "text": "ulcer had increased in size. 1 1 4 chapter 4 1 a 7 - year - old girl from west africa with two skin ulcers and a contracture of her right wrist # page 3 3. treatment of mycobaterium ulcerans disease buruli ulcer : guid - ance for health workers. world health organization ;; who htm ntd idm. 1",
      "type": "text"
    },
    {
      "id": 27,
      "text": ";; who htm ntd idm. 1, available from : https : apps. who. int iris bitstream handle 5 1 2 eng. pdf? sequence ¼ 1 accessed 0 1. 0 5. 1 9. 4. macdonald jm, geyer mj, editors. wound and lymphoedema management. who htm ntd gbui. 1. world",
      "type": "text"
    },
    {
      "id": 28,
      "text": "tm ntd gbui. 1. world health organization ;. http : whqlibdoc. who. int publications 9 eng. pdf accessed 0 1. 0 5. 1 9. 5. yotsu rr, suzuki k, simmonds re, et al. buruli ulcer : a review of the current knowledge. curr trop med rep ; 5 4 :",
      "type": "text"
    },
    {
      "id": 29,
      "text": ". curr trop med rep ; 5 4 : 2 4 7 - 5 6. 1 1 5 chapter 4 1 a 7 - year - old girl from west africa with two skin ulcers and a contracture of her right wrist",
      "type": "text"
    }
  ],
  "images": [
    {
      "path": "Processed/images/41---A-7-Year-Old-Girl-from-West-Africa-With-Two-Ski_2022_Clinical-Cases-in-/41---A-7-Year-Old-Girl-from-West-Africa-With-Two-Ski_2022_Clinical-Cases-in-_p1_img1.jpeg",
      "type": "image"
    },
    {
      "path": "Processed/images/41---A-7-Year-Old-Girl-from-West-Africa-With-Two-Ski_2022_Clinical-Cases-in-/41---A-7-Year-Old-Girl-from-West-Africa-With-Two-Ski_2022_Clinical-Cases-in-_p2_img1.jpeg",
      "type": "image"
    }
  ]
}