{
  "file": "42---A-41-Year-Old-Male-Traveller-Returning-from-Au_2022_Clinical-Cases-in-T.md",
  "n_chunks": 23,
  "text_embedding": "Processed_embeddings/embeddings/text/42---A-41-Year-Old-Male-Traveller-Returning-from-Au_2022_Clinical-Cases-in-T_text.npy",
  "image_embedding": "Processed_embeddings/embeddings/image/42---A-41-Year-Old-Male-Traveller-Returning-from-Au_2022_Clinical-Cases-in-T_images.npy",
  "chunks": [
    {
      "id": 0,
      "text": "# page 1 4 2 a 4 1 - year - old male traveller returning from australia with itchy eruptions on his thighs camilla rothe clinical presentation history a 4 1 - year - old male yoga teacher presents to a travel clinic in europe because of itchy skin eruptions on both upper thighs for the past week. he has just returned from a 1 0 - day trip to northern aus -",
      "type": "text"
    },
    {
      "id": 1,
      "text": "a 1 0 - day trip to northern aus - tralia where he attended a yoga seminar. on his way to aus - tralia he had stopped over on a thai island for a 3 - day beach holiday. just after his arrival in australia he developed three intensely itchy skin eruptions on both upper thighs. the itch is so intense that at times it keeps him awake at night",
      "type": "text"
    },
    {
      "id": 2,
      "text": "intense that at times it keeps him awake at night. there has been no fever, no cough or wheeze and he is otherwise completely well. clinical findings on both upper thighs there are a total of three reddish, ser - piginous tracks, about 2 mm in width fig. 4 2. 1. the ingui - nal lymph nodes are not enlarged. the chest",
      "type": "text"
    },
    {
      "id": 3,
      "text": "lymph nodes are not enlarged. the chest is clear. the rest of the examination is unremarkable. questions 1. what is the clinical syndrome and what is the differential diagnosis? 2. what management would you recommend? discussion a 4 1 - year - old european man presents to a travel clinic with itchy serpiginous skin lesions. he has recently returned from a trip",
      "type": "text"
    },
    {
      "id": 4,
      "text": "lesions. he has recently returned from a trip to asia and australia. answer to question 1 what is the clinical syndrome and what is the differential diagnosis? the clinical syndrome is a creeping eruption. a creeping eruption is defined as a linear or serpiginous, slightly ele - vated, erythematous track that moves forward in an irregular pattern. the most common cause of",
      "type": "text"
    },
    {
      "id": 5,
      "text": "in an irregular pattern. the most common cause of creeping eruptions seen in returned travellers is cutaneous larva migrans clm caused by larvae of animal hookworms. creeping eruptions can also result from infection with lar - vae of strongyloides stercoralis larva currens, i. e. running larva, but this can easily be distinguished from clm.",
      "type": "text"
    },
    {
      "id": 6,
      "text": "but this can easily be distinguished from clm. s. ster - coralis larvae move several centimetres an hour, that is con - siderably faster than larvae in cutaneous larva migrans. the eruptions in larva currens persist only for a few hours, whereby in clm the track may stay for weeks. creeping eruptions can also be caused by",
      "type": "text"
    },
    {
      "id": 7,
      "text": "weeks. creeping eruptions can also be caused by adult nematodes such as gnathostoma species and trematodes fasciola spe - cies. the larvae of parasitic flies have also been shown to cause creeping eruptions migratory myiasis. however, cutaneous larva migrans caused by zoonotic hookworms is by far the commonest cause of creeping er",
      "type": "text"
    },
    {
      "id": 8,
      "text": "is by far the commonest cause of creeping erup - tion seen in travel clinics worldwide. the patient was prob - ably infected while lying on the beach or performing yoga exercises in the sand. • fig. 4 2. 1 three track - like skin eruptions on both upper thighs causing intense itching. 1 1 6 # page 2 answer to question 2 what management would you recommend",
      "type": "text"
    },
    {
      "id": 9,
      "text": "2 answer to question 2 what management would you recommend? the diagnosis of cutaneous larva migrans can be established clinically, supported by the patient ’ s travel history. there are no other investigations required. antiparasitic treatment can be administered topically or systemically see summary box. the case continued … the patient was prescribed a single - dose treatment of iver",
      "type": "text"
    },
    {
      "id": 10,
      "text": "patient was prescribed a single - dose treatment of iver - mectin 2 0 0 μg kg. the itchy eruptions settled within a few days of taking the drug. summary box hookworm - related cutaneous larva migrans clm is a creeping eruption resulting from accidental infestation of the human skin by larvae of dog and cat hookworms ancylostoma caninum",
      "type": "text"
    },
    {
      "id": 11,
      "text": "and cat hookworms ancylostoma caninum, a. braziliense and uncinaria stenoce - phala. it is one of the most common dermatoses in returning travellers from tropical destinations. apart from its relevance in travel medicine, it is endemic in resource - poor communities in the developing world, particularly in central and south america, the caribbean and south and south",
      "type": "text"
    },
    {
      "id": 12,
      "text": "and south america, the caribbean and south and south - east asia. clm occurs in most warm and humid climates and where stray dogs and cats are common, or pets are not treated regularly with anthelmintics. the animals pass hookworm ova with their stools, and the larval stages develop in sand or soil. clm is usually acquired when walking barefoot, or sitting",
      "type": "text"
    },
    {
      "id": 13,
      "text": "m is usually acquired when walking barefoot, or sitting or lying on faecally contaminated ground. animal hookworm larvae enter the epidermis but are unable to cross the basement membrane and enter the human body. confined to the skin, they are unable to complete their lifecycle as they would do in their animal host. there usually is a pruritic papule at the site of lar",
      "type": "text"
    },
    {
      "id": 14,
      "text": "pruritic papule at the site of larval entry. a raised erythematous track starts progressing in an irregular fashion. the onset of symptoms and the speed by which the creeping eruption progresses vary between different hookworm species, but usually itching starts shortly after larval entry, and the elevated track appears 1 to 5 days later. the skin eruptions are most commonly",
      "type": "text"
    },
    {
      "id": 15,
      "text": "days later. the skin eruptions are most commonly found on the feet but may occur in any part of the body that came into contact with infested sand or soil. the itching is intense and may prevent affected people from sleeping. very rarely, animal hookworms may invade the human body leading to pulmonary eosinophilia. diagnosis is made clinically, supported by exposure history",
      "type": "text"
    },
    {
      "id": 16,
      "text": "diagnosis is made clinically, supported by exposure history. skin biopsy is not helpful because the larva is invariably in advance of its track. there are no reliable serological tests available, and blood eosinophilia is present in a minority of cases. the treatment of choice is ivermectin 2 0 0 μg kg for 1 - 2 days..",
      "type": "text"
    },
    {
      "id": 17,
      "text": "μg kg for 1 - 2 days.. albendazole is a good alternative when ivermectin is contraindi - cated or not available. albendazole 4 0 0 mg should be given twice daily bd for 3 days. topical thiabendazole 1 0 - 1 5 % tds for 5 to 1 0 days is also effective but requires more compliance",
      "type": "text"
    },
    {
      "id": 18,
      "text": "1 0 days is also effective but requires more compliance and can be difficult in multiple lesions. without treatment the lesion can persist for several months, and scratching may lead to bacterial superinfection, particularly if hygiene is poor. for prevention at the community level, cats and dogs should be dewormed and banned from beaches and playgrounds. in resource - limited settings this is usually not",
      "type": "text"
    },
    {
      "id": 19,
      "text": ". in resource - limited settings this is usually not feasible. individual protection can be achieved by wearing appropriate footwear when walking on sand or soil in the tropics and using a sunchair on the beach because towels may be covered with sand and therefore do not protect sufficiently. further reading 1. brooker s, bundy dap. soil - transmitted helminths geohel - minths",
      "type": "text"
    },
    {
      "id": 20,
      "text": "- transmitted helminths geohel - minths. in : farrar j, editor. manson ’ s tropcial diseases. 2 3 rd ed. london : elsevier ; [ chapter 5 5 ]. 2. vega - lopez f, ritchie s. dermatological problems. in : farrar j, editor. manson ’ s tropical diseases. 2 3 rd ed",
      "type": "text"
    },
    {
      "id": 21,
      "text": "’ s tropical diseases. 2 3 rd ed. london : elsevier ; [ chapter 6 8 ]. 3. heukelbach j, feldmeier h. epidemiological and clinical character - istics of hookworm - related cutaneous larva migrans. lancet infect dis ; 8 5 : 3 0 2 - 9. 1 1 7 chapter 4 2 a 4 1",
      "type": "text"
    },
    {
      "id": 22,
      "text": ". 1 1 7 chapter 4 2 a 4 1 - year - old male traveller returning from australia with itchy eruptions on his thighs",
      "type": "text"
    }
  ],
  "images": [
    {
      "path": "Processed/images/42---A-41-Year-Old-Male-Traveller-Returning-from-Au_2022_Clinical-Cases-in-T/42---A-41-Year-Old-Male-Traveller-Returning-from-Au_2022_Clinical-Cases-in-T_p1_img1.jpeg",
      "type": "image"
    }
  ]
}