{
  "file": "43---A-35-Year-Old-Malawian-Woman-With-a-Pain_2022_Clinical-Cases-in-Tropica.md",
  "n_chunks": 28,
  "text_embedding": "Processed_embeddings/embeddings/text/43---A-35-Year-Old-Malawian-Woman-With-a-Pain_2022_Clinical-Cases-in-Tropica_text.npy",
  "image_embedding": "Processed_embeddings/embeddings/image/43---A-35-Year-Old-Malawian-Woman-With-a-Pain_2022_Clinical-Cases-in-Tropica_images.npy",
  "chunks": [
    {
      "id": 0,
      "text": "# page 1 4 3 a 3 5 - year - old malawian woman with a painful ocular tumour markus schulze schwering clinical presentation history a 3 5 - year - old woman from malawi presents to the outpa - tient department of a local tertiary hospital. she was referred by an ophthalmic clinical officer from a district hospital for exenteration of the left",
      "type": "text"
    },
    {
      "id": 1,
      "text": "a district hospital for exenteration of the left eye because of an ocular tumour. the first symptoms started 8 months prior when she noticed a whitish lesion growing on the conjunctiva of her left eye. she presented at a health centre and was prescribed non - specified eye drops. yet, over the following months the lesion grew bigger and turned reddish. she went",
      "type": "text"
    },
    {
      "id": 2,
      "text": "lesion grew bigger and turned reddish. she went to a tradi - tional healer who prescribed herbal eye drops, which did not help either. the lesion grew constantly bigger and she finally lost her eyesight in the affected eye. pain also increased which made her present at her local district hospital. the patient is known to be hiv - positive. she has been on antiretroviral",
      "type": "text"
    },
    {
      "id": 3,
      "text": "- positive. she has been on antiretroviral treatment for the past 3 years. the cd 4 count is unknown. clinical findings localized swelling of the left eyeball and orbit, lid closure incomplete fig. 4 3. 1. the visual acuity on the right side is 6 6, whereas the left eye has no light perception. her left preauricular lymph nodes are swollen",
      "type": "text"
    },
    {
      "id": 4,
      "text": "her left preauricular lymph nodes are swollen. she is afebrile and the rest of her physical examination is unremarkable. questions 1. what is the suspected diagnosis? 2. how would you manage the patient? discussion an hiv - positive malawian woman presents with a painful tumour of her left eye. it started as a whitish lesion on her conjunc",
      "type": "text"
    },
    {
      "id": 5,
      "text": "a whitish lesion on her conjunctiva several months ago. the lesion continued to grow and the affected eye eventually turned blind. answer to question 1 what is the suspected diagnosis? the lesion most likely is an advanced ocular surface squa - mous neoplasia ossn. ossn are commonly seen in hiv - positive individuals in sub - saharan africa. they",
      "type": "text"
    },
    {
      "id": 6,
      "text": "- positive individuals in sub - saharan africa. they start as discrete whitish conjunctival lesions fig. 4 3. 2 and may develop into large tumours if left untreated. early stages may be confused with pterygium, with an amelanotic naevus, or a lipoma. malignant lesions such as amelanotic melano",
      "type": "text"
    },
    {
      "id": 7,
      "text": "ant lesions such as amelanotic melano - mas, lymphomas or adenocarcinomas may look similar as well. answer to question 2 how would you manage this patient? the patient should be started on analgesic treatment with nonsteroidal antiinflammatory drugs. she should be coun - selled and booked for surgery. an extended exenteration of • fig",
      "type": "text"
    },
    {
      "id": 8,
      "text": "surgery. an extended exenteration of • fig. 4 3. 1 left eye with marked axial proptosis, nasal upper lid covered with tetracycline eye ointment. 1 1 8 # page 2 the left eyeball and orbit should be done. control of the patient ’ s hiv infection is crucial, and her hiv viral load should be checked. because the patient has",
      "type": "text"
    },
    {
      "id": 9,
      "text": "viral load should be checked. because the patient has lost her eyesight on the left side, the right eye should be carefully examined for possible growth of another ossn that could be removed at an early stage. a fundoscopy should be performed in order to detect any abnormalities, especially an upcoming cytomegalovirus infection. the case continued … the patient was admitted to",
      "type": "text"
    },
    {
      "id": 10,
      "text": ". the case continued … the patient was admitted to the hospital and counselled sev - eral times about the need for surgery. yet she refused surgical intervention and was only willing to accept conservative treatment. the patient ’ s left orbit was covered with antibiotics and bandaged. when pain was sufficiently controlled, the patient was discharged with the offer to come back at any time.",
      "type": "text"
    },
    {
      "id": 11,
      "text": "with the offer to come back at any time. she was asked to report to her antiretroviral therapy art clinic for control of the viral load and possible switch of her antiretroviral therapy. summary box ocular surface squamous neoplasia ossn are commonly seen in hiv - positive individuals in tropical countries. early diagnosis is crucial for successful treatment, and any clinician working",
      "type": "text"
    },
    {
      "id": 12,
      "text": "crucial for successful treatment, and any clinician working in a tropical region with high hiv prevalence should be able to recognize an ossn. the term ossn is used to describe dysplastic lesions of conjunctiva and cornea ranging from conjunctival intraepithelial neoplasia cin to invasive squamous cell carcinoma of the conjunctiva sc",
      "type": "text"
    },
    {
      "id": 13,
      "text": "ous cell carcinoma of the conjunctiva sccc. the use of ultrasound biomicroscopy ubm in ossn may help detect intraocular invasion. prominent nodular tumours > 5 mm thick can also be taken as risk factors for intraocular involvement. hiv infection, ultraviolet radiation uv and human papilloma virus hpv are strongly associated with ossn.",
      "type": "text"
    },
    {
      "id": 14,
      "text": "oma virus hpv are strongly associated with ossn. these factors, together with vitamin a deficiency, weaken the tumour surveillance system and allow dna - damaged cells to proliferate into tumours. a five - to tenfold increase in incidence has been observed in parallel with the hiv epidemic. the current incidence of ossn in sub - saharan africa is estimated to be 2. 2 per 0",
      "type": "text"
    },
    {
      "id": 15,
      "text": "africa is estimated to be 2. 2 per 0 0, and it continues to rise usa : 0. 3 per 0 0. by which mechanism hiv infection favours development of ossn is as yet unknown. co - infection with human papilloma virus hpv has been implicated in the aetiology of ossn, but the virus could only be detected in less than half of",
      "type": "text"
    },
    {
      "id": 16,
      "text": "virus could only be detected in less than half of cases. ossn typically presents as a greyish, elevated, gelatinous mass surrounded by engorged conjunctival vessels. there is no explanation why the disease is mostly unilateral. it often starts to develop at the nasal side of the eye and spreads to involve the whole conjunctiva, lids, local",
      "type": "text"
    },
    {
      "id": 17,
      "text": "the whole conjunctiva, lids, local tissue and lymph nodes. in the developing world, patients often present late with sometimes disfiguring lesions. there is a trend towards treating conjunctival lesions suspected to be ossn based on clinical impression. however, clinical diagnosis by slit lamp - with or without gonio - scopy - is difficult because of the over",
      "type": "text"
    },
    {
      "id": 18,
      "text": "io - scopy - is difficult because of the overlap in clinical features of ossn and non - ossn lesions. toluidine blue 0. 0 5 % vital staining is a good screening tool. negative staining results indicate that ossn is relatively unlikely. it does, however, not replace surgical biopsy with histopathological examination. early, non - invasive",
      "type": "text"
    },
    {
      "id": 19,
      "text": "athological examination. early, non - invasive stages of ossn can be treated with topical chemotherapeutic agents such as topical 5 - flurouracil and mitomycin or subconjunctival interferon - α 2 b. primary treatment is surgical excision. inexpensive use of fluorouracil 1 % eyedrops for 4 weeks substantially reduces the",
      "type": "text"
    },
    {
      "id": 20,
      "text": "1 % eyedrops for 4 weeks substantially reduces the risk of recurrence. it is a low - cost option listed on the who ’ s essential drug list. in more advanced disease, surgery may have to involve enucleation of the eye or exenteration of the orbit. adjuvant treatment can decrease recurrence rate, which after simple excision is high 3 0 %-",
      "type": "text"
    },
    {
      "id": 21,
      "text": "which after simple excision is high 3 0 %- 4 0 %. possibilities for adjunctive treatment include topical chemother - apy, cryotherapy and intraoperative β - irradiation. diagnosis of ossn in an hiv - unknown individual should prompt the clinician to perform an hiv test. because hiv seems to play a role in tumour development, hiv - reactive patients with ossn should",
      "type": "text"
    },
    {
      "id": 22,
      "text": "development, hiv - reactive patients with ossn should receive effective art to achieve virological control. • fig. 4 3. 2 squamous cell carcinoma of the conjunctiva sccc. the lesion is commonly seen in hiv patients in the tropics and should not be missed during routine clinical examination. courtesy nicholas a. v. beare. 1 1 9 chapter 4 3",
      "type": "text"
    },
    {
      "id": 23,
      "text": ". beare. 1 1 9 chapter 4 3 a 3 5 - year - old malawian woman with a painful ocular tumour # page 3 further reading 1. beare nv, bestawrous a. ophthalmology in the tropics and sup - tropics. in : farrar j, editor. manson ’ s tropical diseases. 2 3 rd ed london : elsevier ;",
      "type": "text"
    },
    {
      "id": 24,
      "text": ". 2 3 rd ed london : elsevier ;. 2. tiong t, borooah s, msosa j, et al. clinicopathological review of ocular surface squamous neoplasia in malawi. br j ophthalmol ; 9 7 8 : 9 6 1 - 4. 3. meel r, dhiman r, sen s, et",
      "type": "text"
    },
    {
      "id": 25,
      "text": "r, dhiman r, sen s, et al. ocular surface squamous neoplasia with intraocular extension : clinical and ultrasound biomicro - scopic findings. ocul oncol pathol ; 5 2 : 1 2 2 - 7. 4. gichuhi s, sagoo ms, weiss ha, burton mj. epidemiology of ocular surface squ",
      "type": "text"
    },
    {
      "id": 26,
      "text": "burton mj. epidemiology of ocular surface squamous neoplasia in africa. trop med int health ; 1 8 1 2 : 4 3. 5. gichuhi s, macharia e, kabiru j, et al. topical fluorouracil after surgery for ocular surface squamous neoplasia in kenya : a rando - mised,",
      "type": "text"
    },
    {
      "id": 27,
      "text": "in kenya : a rando - mised, double - blind, placebo - controlled trial. lancet glob health ; 4 6 : e 3 7 8 - 8 5. 1 2 0 chapter 4 3 a 3 5 - year - old malawian woman with a painful ocular tumour",
      "type": "text"
    }
  ],
  "images": [
    {
      "path": "Processed/images/43---A-35-Year-Old-Malawian-Woman-With-a-Pain_2022_Clinical-Cases-in-Tropica/43---A-35-Year-Old-Malawian-Woman-With-a-Pain_2022_Clinical-Cases-in-Tropica_p1_img1.jpeg",
      "type": "image"
    },
    {
      "path": "Processed/images/43---A-35-Year-Old-Malawian-Woman-With-a-Pain_2022_Clinical-Cases-in-Tropica/43---A-35-Year-Old-Malawian-Woman-With-a-Pain_2022_Clinical-Cases-in-Tropica_p2_img1.jpeg",
      "type": "image"
    }
  ]
}