{
  "file": "44---A-7-Year-Old-Girl-from-South-Sudan-With-_2022_Clinical-Cases-in-Tropica.md",
  "n_chunks": 38,
  "text_embedding": "Processed_embeddings/embeddings/text/44---A-7-Year-Old-Girl-from-South-Sudan-With-_2022_Clinical-Cases-in-Tropica_text.npy",
  "image_embedding": "Processed_embeddings/embeddings/image/44---A-7-Year-Old-Girl-from-South-Sudan-With-_2022_Clinical-Cases-in-Tropica_images.npy",
  "chunks": [
    {
      "id": 0,
      "text": "# page 1 4 4 a 7 - year - old girl from south sudan with undulating fever karen roodnat and koert ritmeijer clinical presentation history a 7 - year - old girl is presented at a clinic in south sudan with a 4 - week history of undulating fever. the fever occurs mainly in the afternoon hours accompanied by chills and sometimes convulsions",
      "type": "text"
    },
    {
      "id": 1,
      "text": "afternoon hours accompanied by chills and sometimes convulsions. between the febrile episodes she was initially fine and played normally. however, over time she has devel - oped progressive anorexia, dry cough, chest pain, joint and back pain. she has never been admitted to a hospital, but she has pre - sented at another clinic recently where she received some un",
      "type": "text"
    },
    {
      "id": 2,
      "text": "ented at another clinic recently where she received some unspecified tablets that did not bring any improvement. clinical findings the girl is alert and pale, but not jaundiced. she is severely malnourished z - score < 3. her vital signs are : temperature 3 9. 6 ° c 1 0 3. 3 ° f, pulse 9 6 bpm, blood pressure 1 0 0 6",
      "type": "text"
    },
    {
      "id": 3,
      "text": "9 6 bpm, blood pressure 1 0 0 6 0 mmhg. her chest sounds clear ; normal heart sounds ; soft abdomen with a splenomegaly of 4 cm below the left costal margin. there are multiple enlarged lymph nodes of about 1 cm in diameter in the cervical, axillary, inguinal and epitro - chlear region. there are no",
      "type": "text"
    },
    {
      "id": 4,
      "text": "epitro - chlear region. there are no skin lesions and no peripheral oedema. laboratory results the patient ’ s blood test results are shown in table 4 4. 1. plasmodium falciparum rapid diagnostic test rdt and a blood film for malaria parasites are negative. brucella species serology igg and igm is negative. visceral",
      "type": "text"
    },
    {
      "id": 5,
      "text": "g and igm is negative. visceral leishmaniasis : rk 3 9 - antibody rdt is negative. questions 1. what are your most important differential diagnoses? 2. how would you approach this patient? discussion in south sudan, a young girl presents with a 4 - week history of fever, progressive anorexia, general body pains and a dry cough.",
      "type": "text"
    },
    {
      "id": 6,
      "text": "xia, general body pains and a dry cough. on examination she is pale and severely malnour - ished. she has splenomegaly and generalized lymphadenop - athy. the full blood count fbc shows pancytopenia. serological rapid diagnostic tests for malaria, brucellosis and visceral leishmaniasis are negative. answer to",
      "type": "text"
    },
    {
      "id": 7,
      "text": "al leishmaniasis are negative. answer to question 1 what are your most important differential diagnoses? chronic fever, splenomegaly and wasting in a child from south sudan should raise the suspicion of visceral leishman - iasis or brucellosis. tuberculosis and hiv infection both need to be ruled out, because they can cause chronic fever, anorexia",
      "type": "text"
    },
    {
      "id": 8,
      "text": "because they can cause chronic fever, anorexia, weight loss, splenomegaly and generalized lymphadenopathy. malaria can cause fever, anaemia and splenomegaly, but two different negative tests make this unlikely. in addition, the chronic fever is unusual ; in a child one might expect a more acute course. furthermore, malaria does not",
      "type": "text"
    },
    {
      "id": 9,
      "text": "acute course. furthermore, malaria does not cause any lymphadenopathy. hyperreactive malarial splenomegaly syndrome hms has been described in children. it can cause gross splenomegaly and anaemia in regions hyperen - demic for malaria, but hms does not present with a fever, neither is lymphadenopathy part of the picture.",
      "type": "text"
    },
    {
      "id": 10,
      "text": "lymphadenopathy part of the picture. table 4 4. 1 laboratory results on admission parameter patient reference wbc 1 0 9 l 1. 3 5 4 - 1 0 haemoglobin g dl 6. 8 1 2 - 1 6 platelets 1 0 9 l 0 2 1 # page 2 typhoid fever can present with persistent fever and splenomegaly ; a",
      "type": "text"
    },
    {
      "id": 11,
      "text": "with persistent fever and splenomegaly ; a dry cough is also common. the duration of fever in this case may be slightly too long though, and gen - eralized lymphadenopathy is not a common feature of typhoid. a splenic abscess could cause chronic fever and spleno - megaly, but would not explain the generalized lymphade -",
      "type": "text"
    },
    {
      "id": 12,
      "text": "not explain the generalized lymphade - nopathy and the haematological changes, unless the patient was acutely septic. chronic schistosomiasis caused by schistosoma mansoni infection can cause splenomegaly in the context of portal hypertension, but patients would not be febrile and lymph - adenopathy is not part of the picture either.",
      "type": "text"
    },
    {
      "id": 13,
      "text": "adenopathy is not part of the picture either. malignancies like leukaemia and lymphoma should be ruled out. answer to question 2 how would you approach this patient? the little girl appears very sick and should be admitted to the hospital. the list of differential diagnoses is long and there are many tests that would be requested if the same patient presented in an affluent setting. in",
      "type": "text"
    },
    {
      "id": 14,
      "text": "same patient presented in an affluent setting. in a resource - constrained place like south sudan, a prag - matic clinical approach is necessary. the history should be taken as accurately as possible to narrow down the differen - tial diagnosis. one should try to find out if the patient comes from an area where visceral leishmaniasis vl is endemic. for possible hiv",
      "type": "text"
    },
    {
      "id": 15,
      "text": "ishmaniasis vl is endemic. for possible hiv infection, it would be of great importance to find out if the parents and siblings are alive and well ; and enquiries should be made if there are any close contacts who are suspected to have tb or who have a history of recent tb treatment. the clinician has to cope with the investigations available, which may commonly not be in line with",
      "type": "text"
    },
    {
      "id": 16,
      "text": "available, which may commonly not be in line with the internationally recommended standards. gold standard for diagnosis of vl is the proof of the parasite in tissue specimens. however, this is often not feasible under field conditions and serological tests are used instead. the rapid antigen test for vl rk 3 9 used in this case was negative sensitivity of this test in south sudan is 8 5 -",
      "type": "text"
    },
    {
      "id": 17,
      "text": "of this test in south sudan is 8 5 - 9 0 %. because vl is high on the list of differential diagnoses, a second serological test such as the direct agglutination test dat should be done, and direct proof of the parasite should be attempted. sensitivity is highest for splenic aspirates 9 3 - 9 9 %, fol - lowed by bone marrow 5 3 -",
      "type": "text"
    },
    {
      "id": 18,
      "text": "%, fol - lowed by bone marrow 5 3 - 8 6 % and lymph node aspira - tion 5 3 - 6 5 %, which can be further increased by culture and pcr. splenic aspiration is complicated with life - threatening haemorrhages in about 0. 1 % of procedures and therefore requires strict precautions, technical expertise and postinterventional monitoring. blood cultures, if available",
      "type": "text"
    },
    {
      "id": 19,
      "text": "postinterventional monitoring. blood cultures, if available, would be helpful for diagnosis of typhoid fever, brucellosis and septicaemia. the case continued … the mother of the patient reported that the family came from an area where visceral leishmaniasis was known. it turned out that the uncle of the child had been treated for vl before. the girl",
      "type": "text"
    },
    {
      "id": 20,
      "text": "child had been treated for vl before. the girl ’ s sister had recently been treated for tb. the child ’ s health continued to deteriorate. she had per - sistently high fever and became increasingly pale. the dat came back positive with a high titre 1 : 6. 4 0 0, which supported the suspected diagnosis of vis - ceral leishmani",
      "type": "text"
    },
    {
      "id": 21,
      "text": "suspected diagnosis of vis - ceral leishmaniasis. considering her critical condition, with severe malnutri - tion and progressive anaemia, the patient was started on lipo - somal amphotericin b and a broad - spectrum antibiotic ceftriaxone. the girl also received nutritional support with high - energy high - protein ready - to - use therapeutic",
      "type": "text"
    },
    {
      "id": 22,
      "text": "energy high - protein ready - to - use therapeutic food rutf and vitamin mineral supplementation. after 5 days, the fever settled and the patient started to recover. two weeks later the girl had gained some weight and was again able to walk and play. summary box visceral leishmaniasis kala - azar vl is a vector - borne systemic parasitic infection caused by leish",
      "type": "text"
    },
    {
      "id": 23,
      "text": "- borne systemic parasitic infection caused by leishmania protozoans, most commonly l. donovani and l. infantum. large epidemics have been described in east africa and the indian subcontinent. as a result of efforts to eliminate the disease on the indian subcontinent, the incidence of vl has decreased substantially in the past decade. ninety per cent of all cases occur in",
      "type": "text"
    },
    {
      "id": 24,
      "text": "decade. ninety per cent of all cases occur in only five countries : india, sudan, south sudan, ethiopia and brazil. transmission can be anthroponotic or zoonotic, differing by region and parasite strain. humans most commonly acquire vl through the bite of an infected female sandfly, but other modes of transmission have been described. • fig. 4 4. 1 a child",
      "type": "text"
    },
    {
      "id": 25,
      "text": ". • fig. 4 4. 1 a child is receiving liposomal amphotericin b on a paediatric ward in south sudan. 1 2 2 chapter 4 4 a 7 - year - old girl from south sudan with undulating fever # page 3 leishmania promastigotes invade cells of the human reticu - loendothelial system where",
      "type": "text"
    },
    {
      "id": 26,
      "text": "reticu - loendothelial system where they metamorphose into amastigotes and multiply. the incubation period varies greatly, from 1 0 days to several years, but usually takes between 2 and 8 months. the clinical presentation depends on the infecting species, as well as on the host ’ s genetic background and immune status. most infections remain asymptom",
      "type": "text"
    },
    {
      "id": 27,
      "text": "and immune status. most infections remain asymptomatic. clinical vl presents with symptoms and signs of a chronic systemic infection fever, fatigue, anorexia, weight loss and of parasite invasion of the mononuclear phagocyte system enlarged lymph nodes, splenomegaly, hepatomegaly resulting in severe immunosuppression. in india, hyperpigmentation has led",
      "type": "text"
    },
    {
      "id": 28,
      "text": "suppression. in india, hyperpigmentation has led to the name ‘ kala - azar ’ hindi for ‘ black sickness ’. vl is typically fatal if not treated, and potentially fatal complications include bacterial superinfections and congestive heart failure because of severe anaemia and haemorrhage. in low - resource settings, diagnostic options for vl are often limited. on f",
      "type": "text"
    },
    {
      "id": 29,
      "text": "diagnostic options for vl are often limited. on fbc all three cell lines can be depleted. demonstration of leishmania amastigotes in samples from bone marrow, spleen and lymph node is the classic confirmatory test for vl. under field conditions, direct proof of the parasite is often not feasible, and several serological tests have been developed instead. sensitivity and",
      "type": "text"
    },
    {
      "id": 30,
      "text": "serological tests have been developed instead. sensitivity and specificity of these tests generally vary and they should always be used in combination with a standardized case definition as suggested by the who. the rk 3 9 immuno - chromatographic test ict and the direct agglutination test dat were found to have the highest sensitivity and specificity. the rk 3 9 icts",
      "type": "text"
    },
    {
      "id": 31,
      "text": "specificity. the rk 3 9 icts are easy to perform, rapid 1 0 - 2 0 minutes, cheap and give easily reproducible results. the semiquantitative dat has a longer turnaround time of about 2 4 hours, and requires a laboratory with well - trained technicians. treatment of vl is complex : efficacy of the individual drugs varies geographically and depends on parasite suscepti",
      "type": "text"
    },
    {
      "id": 32,
      "text": "drugs varies geographically and depends on parasite susceptibility and the immune status of the patient. parenteral drugs currently used are pentavalent antimonials, paromomycin and liposomal amphotericin b fig. 4 4. 1. the oral drug in use is miltefosine. combinations of antileishmanial drugs seem to help shorten",
      "type": "text"
    },
    {
      "id": 33,
      "text": "antileishmanial drugs seem to help shorten therapy courses, reduce side effects, improve treatment out - comes, delay resistance development and reduce treatment costs. in hiv patients, vl is even more difficult to treat because it does not respond well to the classic antileishmanial drugs and has a higher tendency to relapse. further reading 1. boelaert m, sundar",
      "type": "text"
    },
    {
      "id": 34,
      "text": "reading 1. boelaert m, sundar s. leishmaniasis. in : farrar j, editor. manson ’ s tropical diseases. 2 3 rd ed. london : elsevier ; [ chapter 4 7 ]. 2. who. control of the leishmaniases. who technical report series 9 4 9. geneva : world health organization ;. 3. bur",
      "type": "text"
    },
    {
      "id": 35,
      "text": "geneva : world health organization ;. 3. burza s, croft sl, boelaert m. leishmaniasis. lancet ; 3 9 2 1 : 9 5 1 - 7 0. 4. chappuis f, sundar s, hailu a, et al. visceral leishmaniasis : what are the needs for diagnosis, treatment and control",
      "type": "text"
    },
    {
      "id": 36,
      "text": "what are the needs for diagnosis, treatment and control? nat rev micro - biol ; 5 1 1 : 8 7 3 - 8 2. 5. alves f, bilbe g, blesson s, et al. recent development of visceral leishmaniasis treatments : successes, pitfalls, and perspectives. clin microbiol rev ; 3 1 4 : e",
      "type": "text"
    },
    {
      "id": 37,
      "text": "microbiol rev ; 3 1 4 : e 8 - 1 8. 1 2 3 chapter 4 4 a 7 - year - old girl from south sudan with undulating fever",
      "type": "text"
    }
  ],
  "images": [
    {
      "path": "Processed/images/44---A-7-Year-Old-Girl-from-South-Sudan-With-_2022_Clinical-Cases-in-Tropica/44---A-7-Year-Old-Girl-from-South-Sudan-With-_2022_Clinical-Cases-in-Tropica_p2_img1.jpeg",
      "type": "image"
    }
  ]
}