{
  "file": "45---A-2-Month-Old-Girl-from-Laos-With-Dyspnoea-_2022_Clinical-Cases-in-Trop.md",
  "n_chunks": 28,
  "text_embedding": "Processed_embeddings/embeddings/text/45---A-2-Month-Old-Girl-from-Laos-With-Dyspnoea-_2022_Clinical-Cases-in-Trop_text.npy",
  "image_embedding": "Processed_embeddings/embeddings/image/45---A-2-Month-Old-Girl-from-Laos-With-Dyspnoea-_2022_Clinical-Cases-in-Trop_images.npy",
  "chunks": [
    {
      "id": 0,
      "text": "# page 1 4 5 a 2 - month - old girl from laos with dyspnoea, cyanosis and irritability mayfong mayxay, douangdao soukaloun and paul n. newton clinical presentation history you are working in the paediatric intensive care unit picu of a tertiary hospital in vientiane, laos. a 2 - month - old",
      "type": "text"
    },
    {
      "id": 1,
      "text": "ane, laos. a 2 - month - old baby girl is presented with 3 days of irritability, dyspnoea and grunting. her mother is a 2 4 - year - old rice farmer who describes that the baby suddenly became unwell but was nei - ther feverish nor coughing. the infant was born at term and had been very well until 3 days previously",
      "type": "text"
    },
    {
      "id": 2,
      "text": "term and had been very well until 3 days previously. clinical findings irritable infant, crying and grunting, with a temperature of 3 7. 0 ° c 9 8. 6 ° f, pulse 1 4 0 bpm normal range 1 0 0 - 1 6 0, respiratory rate 4 0 breath cycles per minute normal range 3 0 - 6 0. the blood pressure is not taken.",
      "type": "text"
    },
    {
      "id": 3,
      "text": "6 0. the blood pressure is not taken. the child is dyspnoeic and has central cyanosis, hepatomegaly and oedematous extremities. the rest of the physical examination appears normal, with a clear chest and no heart murmurs. questions 1. what are your most important differential diagnoses? 2. what additional information do you need",
      "type": "text"
    },
    {
      "id": 4,
      "text": "ses? 2. what additional information do you need to obtain from the mother and what would be your immediate management? discussion a young lao mother presents with her 2 - month - old baby girl, who has been acutely unwell for the past 3 days. the child has been breastfeeding poorly and was noted to have been grunting, which is a non - specific sign of severe",
      "type": "text"
    },
    {
      "id": 5,
      "text": ", which is a non - specific sign of severe systemic illness in infants. on examination, the child is irritable, cya - nosed and shows signs of heart failure. answer to question 1 what are your most important differential diagnoses? the most important differential diagnoses to consider are congenital heart disease, respiratory diseases e. g. broncho - pneumonia, bronchiol",
      "type": "text"
    },
    {
      "id": 6,
      "text": "g. broncho - pneumonia, bronchiolitis and laryngitis, meningitis and infantile beriberi thiamine or vitamin b 1 deficiency. however, the absence of cough, wheeze and fever, along with a normal chest examination, suggest that respiratory dis - eases are unlikely. the fact that the cyanosis has started well after birth along with",
      "type": "text"
    },
    {
      "id": 7,
      "text": "cyanosis has started well after birth along with the sudden onset of symptoms and the absence of a heart murmur suggests that congenital heart dis - ease is unlikely. absence of fever or bulging fontanels makes meningitis unlikely. the combination of dyspnoea, poor breastfeeding, abnormal cry, grunting and swollen extremi - ties in a suitable endemic setting south -",
      "type": "text"
    },
    {
      "id": 8,
      "text": "mi - ties in a suitable endemic setting south - east asia suggest infantile beriberi as the most likely diagnosis. answer to question 2 what additional information do you need to obtain from the mother and what would be your immediate management? the most important information to be obtained from the mother is whether the child has been exclusively breastfed, whether the mother had practiced food avoidance during pregnancy",
      "type": "text"
    },
    {
      "id": 9,
      "text": ", whether the mother had practiced food avoidance during pregnancy and or post - partum, and whether the mother her - self has had any symptoms and signs suggestive of beriberi, such as paresthesias and difficulty rising from a squatting position. prolonged food avoidance post - partum is common in lowland lao culture. it is based upon the traditional belief that certain food",
      "type": "text"
    },
    {
      "id": 10,
      "text": "it is based upon the traditional belief that certain food items may harm the newborn. most low - land mothers eat milled glutinous rice but avoid eating fruits and vegetables, which results in low diet diversity for some months before and after delivery. 1 2 4 # page 2 thiamine deficiency may be one result of such dietary restriction, and affected mothers secrete insufficient levels of thi",
      "type": "text"
    },
    {
      "id": 11,
      "text": "and affected mothers secrete insufficient levels of thiamine in their breastmilk. the cardiac form of thiamine deficiency usually manifests during the second or third month of life. infants present with dyspnoea, cyanosis, vomiting and irritability. children with infantile beriberi respond rapidly i. e. within 3 0 - 6 0 min to intraven",
      "type": "text"
    },
    {
      "id": 12,
      "text": "within 3 0 - 6 0 min to intravenous or intramuscular thiamine 5 0 mg, which should urgently be administered. the child should be closely monitored. the case continued … the mother reported that her child had been exclusively breastfed and that she had practiced food avoidance since delivery : she had avoided eating beef, pork, vegetables and fruits. the mother said that she",
      "type": "text"
    },
    {
      "id": 13,
      "text": ", vegetables and fruits. the mother said that she herself had anorexia, weak - ness, a husky voice, and paresthesias affecting her limbs - symptoms of thiamine deficiency. intravenous thiamine 5 0 mg was given immediately to the child after admission and she quickly and dramatically responded. six hours later the baby was able to breastfeed normally and was discharged",
      "type": "text"
    },
    {
      "id": 14,
      "text": "was able to breastfeed normally and was discharged the following day. blood sam - ples were taken from the child and the mother. analysis showed that both were thiamine - deficient. the mother was given oral thiamine supplementation and advised to return to a well - balanced diet including thiamine - rich foods. summary box infantile beriberi infantile beriber",
      "type": "text"
    },
    {
      "id": 15,
      "text": "antile beriberi infantile beriberi, or clinical thiamine vitamin b 1 deficiency in infants, is a largely forgotten, fatal but inexpensively treated dis - ease. it mainly occurs in south and south - east asia, where 5 0 to 1 0 0 years ago it was recognized as a major public health problem. it remains relatively common in laos, probably because",
      "type": "text"
    },
    {
      "id": 16,
      "text": ". it remains relatively common in laos, probably because of pro - longed maternal food avoidance during pregnancy and post - partum. there is also evidence that it is still of importance in cambodia, india and myanmar, and cases have been reported from refugee populations in thailand. infantile beriberi occurs in exclusively breastfed babies of approximately 2 to 3 months of age, whose mothers",
      "type": "text"
    },
    {
      "id": 17,
      "text": "approximately 2 to 3 months of age, whose mothers have thia - mine deficiency resulting from inadequate thiamine intake. it commonly manifests mainly as the “ wet ” form of beriberi, characterized by heart failure with hepatomegaly and marked peripheral oedema. the disease typically presents as shock, often preceded by a hoarse cry, grunting, poor breastfeeding",
      "type": "text"
    },
    {
      "id": 18,
      "text": "a hoarse cry, grunting, poor breastfeeding, irritability, dyspnoea and cyanosis. clinically unapparent thiamine deficiency was also found to be common among sick infants admitted to the hospitals in laos. a thiamine - deficient diet is largely made up of milled, sticky rice that has had most of its thiamine removed as a result of the",
      "type": "text"
    },
    {
      "id": 19,
      "text": "of its thiamine removed as a result of the milling process. in the late nineteenth century, the advent of mechanical rice milling, which removes the main dietary source of thiamine in the rice husk, is thought to be the precipitant for beriberi becoming a major public health problem in asia, responsible for considerable mortality. however, there has been very little recent epidemiological",
      "type": "text"
    },
    {
      "id": 20,
      "text": "however, there has been very little recent epidemiological research, despite evidence that it remains focally important. the pathophysiology of infantile beriberi remains unclear, but the cardinal problem is usually myocardial dysfunction. thiamine deficiency may also present with a variety of other clinical syn - dromes, including encephalopathy, hypoglycemia and lactic aci",
      "type": "text"
    },
    {
      "id": 21,
      "text": "opathy, hypoglycemia and lactic acidosis. infantile beriberi is usually diagnosed clinically because of the need to act before biochemical results are available and the lack of laboratories in endemic areas that can perform thiamine bio - chemical assays. treatment of infantile beriberi with thiamine is simple, inexpensive and highly effective. it should be",
      "type": "text"
    },
    {
      "id": 22,
      "text": "simple, inexpensive and highly effective. it should be administered parenterally to rapidly increase tissue thiamine levels. thiamine supplementation should also be given to the mothers of infants with beriberi. education about thiamine - rich foods e. g. pulses, groundnuts, whole wheat, fruits and vegetables and on the danger of food avoidance should be provided before discharge. prevention",
      "type": "text"
    },
    {
      "id": 23,
      "text": "of food avoidance should be provided before discharge. prevention is crucial : better understanding of post - partum diets, and on how to change the practice of food avoidance is very important and thiamine supplementation for mothers is urgently needed. further reading 1. abrams s, brabin bj, coulter jbs. nutrition - associated disease. in : farrar j, editor. manson ’",
      "type": "text"
    },
    {
      "id": 24,
      "text": ": farrar j, editor. manson ’ s tropical diseases. 2 3 rd ed. london : elsevier ; [ chapter 7 7 ]. 2. barennes h, simmala c, odermatt p, et al. postpartum traditions and nutrition practices among urban lao women and their infants in vientiane. lao pdr eur j clin nutr ;",
      "type": "text"
    },
    {
      "id": 25,
      "text": "lao pdr eur j clin nutr ; 6 3 3 : 3 2 3 - 3 1. 3. barennes h, sengkhamyong k, rene jp, et al. beriberi thiamine deficiency and high infant mortality in northern laos. plos negl trop dis ; 9 3 : e 5 8 1. 4. bhat ji, ahmed qi,",
      "type": "text"
    },
    {
      "id": 26,
      "text": ". 4. bhat ji, ahmed qi, ahangar aa, et al. wernicke ’ s encephalopathy in exclusive breastfed infants. world j pediatr ; 1 3 5 : 4 8 5 - 8. 5. whitfield kc, bourassa mw, adamolekun b, et al. thiamine defi - ciency disorders : diagnosis",
      "type": "text"
    },
    {
      "id": 27,
      "text": "thiamine defi - ciency disorders : diagnosis, prevalence, and a roadmap for global control programs. ann ny acad sci ;: 3 - 4 3. 1 2 5 chapter 4 5 a 2 - month - old girl from laos with dyspnoea, cyanosis and irritability",
      "type": "text"
    }
  ],
  "images": []
}