{
  "file": "46---A-45-Year-Old-Man-from-Sri-Lanka-With-Fever-_2022_Clinical-Cases-in-Tro.md",
  "n_chunks": 37,
  "text_embedding": "Processed_embeddings/embeddings/text/46---A-45-Year-Old-Man-from-Sri-Lanka-With-Fever-_2022_Clinical-Cases-in-Tro_text.npy",
  "image_embedding": "Processed_embeddings/embeddings/image/46---A-45-Year-Old-Man-from-Sri-Lanka-With-Fever-_2022_Clinical-Cases-in-Tro_images.npy",
  "chunks": [
    {
      "id": 0,
      "text": "# page 1 4 6 a 4 5 - year - old man from sri lanka with fever and right hypochondrial pain ranjan premaratna clinical presentation history a 4 5 - year - old sri lankan man presents to a local hospital with fever, chills, headache, body aches and severe right hypochondrial pain for the past week. he has also developed a dry cough during",
      "type": "text"
    },
    {
      "id": 1,
      "text": "week. he has also developed a dry cough during the past few days. he has vomited twice during his illness and has lost his appetite. his abdominal pain is constant and dull. it radiates to the right shoulder and is made worse when coughing and resting on the right side. the patient had been well before the current illness. he admits to consuming locally brewed alcohol ‘",
      "type": "text"
    },
    {
      "id": 2,
      "text": ". he admits to consuming locally brewed alcohol ‘ toddy ’, made of coconut flowers daily for the past 1 0 to 1 5 years. examination the patient looks generally ill, mildly dehydrated and is in pain. temperature is 3 8. 3 ° c 1 0 0. 8 ° f, blood pressure 1 0 0 8 0 mmhg, pulse 1 0 2 bpm, respiratory",
      "type": "text"
    },
    {
      "id": 3,
      "text": "mmhg, pulse 1 0 2 bpm, respiratory rate 2 4 breath cycles per minute. there is no jaundice, no pallor and no lymphadenopathy. the abdominal examination reveals a tender hepatomegaly ; however, the tenderness is most prom - inent over the 6 th to 9 th intercostal spaces in the right mid - axillary line",
      "type": "text"
    },
    {
      "id": 4,
      "text": "stal spaces in the right mid - axillary line. the spleen is not enlarged. on auscultation, there are few inspiratory crackles over the right lung base. the cardiovascular system and the nervous system are clin - ically normal. investigations his laboratory results are shown in table 4 6. 1. a chest radio - graph showed elevated right hemidiaphragm and",
      "type": "text"
    },
    {
      "id": 5,
      "text": "- graph showed elevated right hemidiaphragm and patchy shadows in the right lower zone. questions 1. what is the likely diagnosis? 2. how would you manage this patient? discussion a 4 5 - year - old sri lankan man presents with fever, headache, body aches and constant right - sided abdominal pain for a week. he also has a dry cough. his past medical history",
      "type": "text"
    },
    {
      "id": 6,
      "text": "also has a dry cough. his past medical history is unremarkable, but he consumes local alcohol. he is febrile with tender hepatomegaly and intercostal tenderness on the right. there is no jaundice. his blood results show very mildly elevated transami - nases, an elevated alkaline phosphatase ap and raised inflammatory markers. answer to question",
      "type": "text"
    },
    {
      "id": 7,
      "text": "ase ap and raised inflammatory markers. answer to question 1 what is the likely diagnosis? tender hepatomegaly, intercostal tenderness and an elevated right hemidiaphragm in the context of fever point towards an infectious focus in the liver. table 4 6. 1 laboratory results at presentation parameter patient reference wbc 1 0 9 l 1 4. 7 4 - 1 0 ha",
      "type": "text"
    },
    {
      "id": 8,
      "text": "l 1 4. 7 4 - 1 0 haemoglobin g dl 1 2. 3 1 2 - 1 6 platelets 1 0 9 l 5 0 - 3 5 0 ast u l 3 3 alt u l 3 8 3 - 2 5 alp u l 0 - 1 3 0 serum bilirubin total μmol l 1 0. 3 2 5. 7 -",
      "type": "text"
    },
    {
      "id": 9,
      "text": "l 1 0. 3 2 5. 7 - 3 0. 8 serum bilirubin direct μmol l 1. 5 1. 7 - 5. 1 blood urea nitrogen mmol l 7 2. 5 - 6. 4 serum creatinine μmol l 1 - 1 0 6 c - reactive protein mg l 4 8 < # page 2 his transam",
      "type": "text"
    },
    {
      "id": 10,
      "text": "l 4 8 < # page 2 his transaminases are only slightly elevated ; ast is higher than alt, which could be explained merely by his regular alcohol consumption. in infectious hepatitis one would expect higher transaminase levels and clinical jaundice. the most likely diagnosis in this man is a liver abscess, which could be amoebic or pyogenic. given",
      "type": "text"
    },
    {
      "id": 11,
      "text": "be amoebic or pyogenic. given the asian set - ting, hyermucoviscous serotypes of klebisella pneumoniae have to be considered which have been increasingly detected in south and south east asia since around and also seem to be spreading to countries outside asia. given the epidemiological setting, the relatively young age of the patient and the absence of com",
      "type": "text"
    },
    {
      "id": 12,
      "text": "young age of the patient and the absence of comorbidities such as diabetes or biliary disease, an amoebic liver abscess is more likely. also, the alcoholic drink the patient con - sumes is locally known to be linked with amoebiasis. the precise mechanisms are still under discussion ; it is assumed that the parasites contaminate the clay containers used to collect",
      "type": "text"
    },
    {
      "id": 13,
      "text": "the parasites contaminate the clay containers used to collect toddy, but additional factors may play a role as well. another tropical infectious disease to consider in a febrile patient from asia with any kind of organ abscess is melioidosis. melioidosis, caused by the environmental bacterium burkholderia pseudomallei, can also present with pulmonary infiltrates and",
      "type": "text"
    },
    {
      "id": 14,
      "text": "i, can also present with pulmonary infiltrates and cavities similar to tb, as septic arthritis, with skin manifestations and with cerebral involvement. cases of melioidosis have been increasingly reported from sri lanka. the majority of cases occur in the immunocompromised, especially with type 2 diabetes mellitus, but also alcoholism, chronic lung disease, chronic renal disease, steroid",
      "type": "text"
    },
    {
      "id": 15,
      "text": "chronic lung disease, chronic renal disease, steroid use, immunosuppressive therapy and cancer. melioidosis is also endemic in other parts of asia, such as india, thailand, lao pr, vietnam and in northern australia, sporadic cases are seen all over the tropics. answer to question 2 how would you manage this patient? an ultrasound of the liver should be done.",
      "type": "text"
    },
    {
      "id": 16,
      "text": "? an ultrasound of the liver should be done. entamoeba histo - lytica serology is highly sensitive and useful as a screening test ; however, it may lack specificity in individuals from highly endemic tropical regions like the indian subcontinent. recently, multiplex pcr testing on aspirated fluid has been identified as a rapid and robust diagnosis of amoebic liver abscess",
      "type": "text"
    },
    {
      "id": 17,
      "text": "and robust diagnosis of amoebic liver abscess in patients with cystic focal liver lesions. stool microscopy for e. histolytica trophozoites may be attempted but is less than 5 0 % sensitive. the case continued … the ultrasound scan of his abdomen revealed a solitary hypoechoic lesion with an irregular wall measuring 7 6 cm in the right liver",
      "type": "text"
    },
    {
      "id": 18,
      "text": "irregular wall measuring 7 6 cm in the right liver lobe. there was a small pleural effusion on the right. because of its large size, the lesion was aspirated under ultrasound guidance, yielding brownish pus highly suspi - cious of an amoebic liver abscess. the patient was treated with metronidazole for ten days and made a rapid and",
      "type": "text"
    },
    {
      "id": 19,
      "text": "azole for ten days and made a rapid and uneventful recovery. summary box amoebic liver abscess amoebic liver abscess ala is the most common extraintestinal form of invasive amoebiasis caused by entamoeba histolytica. the infection occurs worldwide but is most common in tropical areas with overcrowding and poor sanitation. rates of ala are 3",
      "type": "text"
    },
    {
      "id": 20,
      "text": "ding and poor sanitation. rates of ala are 3 to 2 0 times higher in men between 1 8 and 5 0 years of age than in other populations ; the reasons for this are poorly understood but hormonal factors are being discussed, as well as alcohol consumption. humans acquire the infection by ingestion of faecally contaminated food or water. trophozoites of e. histol",
      "type": "text"
    },
    {
      "id": 21,
      "text": ". trophozoites of e. histolytica may penetrate the intestinal wall and haematogenously spread to the liver. clinical manifestations include fever with chills, right hypochondrial pain, anorexia and weight loss, but most patients with ala do not have a history of recent dysentery. a dry cough and fine crepitations over the right lung",
      "type": "text"
    },
    {
      "id": 22,
      "text": "cough and fine crepitations over the right lung bases are common. jaundice is unusual. localized intercostal tenderness helps in the clinical diagnosis. ala may rupture into the peritoneal cavity or through the skin or diaphragm. haematogenous spread may cause metastatic abscesses in distant organs such as the brain. leukocytosis,",
      "type": "text"
    },
    {
      "id": 23,
      "text": "such as the brain. leukocytosis, raised inflammatory parameters and an ele - vated alkaline phosphatase are the most common non - specific laboratory findings. diagnosis is usually made by a combination of imaging studies and serology. abdominal ultrasound scan is the most suitable imaging technique in resource - limited settings, but ct and mri scans are also highly sensitive. none of the",
      "type": "text"
    },
    {
      "id": 24,
      "text": "mri scans are also highly sensitive. none of the imaging techniques is specific for ala. plain radiography of the thorax may reveal elevation of the right hemidiaphragm. serology is highly sensitive but may lack specificity in indi - viduals from endemic countries. although aspiration of a sus - pected ala is not a routine investigation, aspirated fluid",
      "type": "text"
    },
    {
      "id": 25,
      "text": "ala is not a routine investigation, aspirated fluid can be tested with multiplex pcr testing for the rapid and robust diag - nosis of amoebiasis in patients with cystic focal liver lesions. the table 4 6. 2 treatment of amoebic liver abscesses. after anesi, j. a., agent medication dose duration tissue agents metronidazole",
      "type": "text"
    },
    {
      "id": 26,
      "text": "medication dose duration tissue agents metronidazole 5 0 0 - 7 5 0 mg iv po tds 7 - 1 0 days tinidazole 2 g po od 3 - 5 days ornidazole 0. 5 g iv bd 3 - 6 days nitazoxanide 5 0 0 mg po bd 3 days luminal agents paromomycin 8 - 1 0 mg kg",
      "type": "text"
    },
    {
      "id": 27,
      "text": "paromomycin 8 - 1 0 mg kg po tds 7 days diloxanide furoate 5 0 0 mg tds 1 0 days iodoquinole diiodohydroxyquin 6 5 0 mg po tds after meals 2 0 days po ¼ orally, iv ¼ intravenously, bd ¼ twice daily, tds ¼ three times a day.",
      "type": "text"
    },
    {
      "id": 28,
      "text": "daily, tds ¼ three times a day. 1 2 7 chapter 4 6 a 4 5 - year - old man from sri lanka with fever and right hypochondrial pain # page 3 aspirated fluid is thick, odourless and brownish in colour ; it is bacteriologically sterile and amoebic trophozoites are not usually detectable in the aspirate",
      "type": "text"
    },
    {
      "id": 29,
      "text": "ites are not usually detectable in the aspirate. the term ‘ abscess ’ is a misnomer, as the ‘ pus ’ is in fact necrotic liver. most patients rapidly respond to antibiotic treatment with metronidazole or tinidazole. metronidazole 5 0 0 to 7 5 0 mg tds po or iv should",
      "type": "text"
    },
    {
      "id": 30,
      "text": "to 7 5 0 mg tds po or iv should be given for 7 to 1 0 days, tinidazole 2 g per day po for 3 to 5 days. this should be followed by a luminal amoebicide, such as paromomycin, diloxanide furoate, or iodoquinol table 4 6. 2. the role of therapeutic percu",
      "type": "text"
    },
    {
      "id": 31,
      "text": "4 6. 2. the role of therapeutic percutaneous aspiration or drainage is still controversial. it may be useful in large abscesses, especially when located in the left liver lobe with high risk for rupturing into the pericardium, and in ala that do not respond to nitroimidazole therapy within 7 2 hours when pyogenic infection is a concern.",
      "type": "text"
    },
    {
      "id": 32,
      "text": "hours when pyogenic infection is a concern. lesions may take a long time to decrease in size, therefore short - term, follow - up imaging has to be interpreted with caution. further reading 1. kelly p. intestinal protozoa. in : farrar j, editor. manson ’ s tropical diseases. 2 3 rd ed. london : elsevier ; [ chapter",
      "type": "text"
    },
    {
      "id": 33,
      "text": "rd ed. london : elsevier ; [ chapter 4 9 ]. 2. anesi ja, gluckman g. amebic liver abscess. clin liver dis ; 6 2 : 4 1 - 3. 3. siu lk, yeh km, lin jc, fung cp, chang fy. klebsiella pneumo - niae liver abscess : a new",
      "type": "text"
    },
    {
      "id": 34,
      "text": "o - niae liver abscess : a new invasive syndrome. lancet infect dis ; 1 2 : 8 8 1 - 7. 4. weitzel t, cabrera j, rosas r, et al. enteric multiplex pcr panels : a new diagnostic tool for amoebic liver abscess? new microbes new infect ; 1 8 : 5 0 - 3",
      "type": "text"
    },
    {
      "id": 35,
      "text": "infect ; 1 8 : 5 0 - 3. https : doi. org 1 0. j. nmni.. 0 5. 0 0 2. 5. kumanan t, sujanitha v, balakumar s, et al. amoebic liver abscess and indigenous alcoholic beverages in the tropics. j trop med ;: 7 5 1. https :",
      "type": "text"
    },
    {
      "id": 36,
      "text": "trop med ;: 7 5 1. https : doi. org 1 0. 7 5 1. 1 2 8 chapter 4 6 a 4 5 - year - old man from sri lanka with fever and right hypochondrial pain",
      "type": "text"
    }
  ],
  "images": []
}