{
  "file": "47---A-32-Year-Old-Man-from-Malawi-With-a-Pain_2022_Clinical-Cases-in-Tropic.md",
  "n_chunks": 31,
  "text_embedding": "Processed_embeddings/embeddings/text/47---A-32-Year-Old-Man-from-Malawi-With-a-Pain_2022_Clinical-Cases-in-Tropic_text.npy",
  "image_embedding": "Processed_embeddings/embeddings/image/47---A-32-Year-Old-Man-from-Malawi-With-a-Pain_2022_Clinical-Cases-in-Tropic_images.npy",
  "chunks": [
    {
      "id": 0,
      "text": "# page 1 4 7 a 3 2 - year - old man from malawi with a painfully swollen neck joep j. van oosterhout clinical presentation history a 3 2 - year - old malawian man presents to the outpatient department of a local tertiary hospital with a 6 - week history of productive cough and chest pain associated with weight loss, fevers and night sweats",
      "type": "text"
    },
    {
      "id": 1,
      "text": "associated with weight loss, fevers and night sweats. he has also noticed that his neck has swollen and is painful. there are no other symp - toms. he has never been admitted to a hospital but has been tested hiv positive and was started on antiretroviral therapy art and co - trimoxazole prophylaxis 2 months earlier at a nearby health centre.",
      "type": "text"
    },
    {
      "id": 2,
      "text": "is 2 months earlier at a nearby health centre. his health passport fig. 4 7. 1 reveals that a recent cd 4 count was 9 5 cells μl and that the patient had been treated for acid - fast bacilli afb sputum smear - negative pulmonary tuberculosis 1 2 years ago. clinical findings he looks moderately ill, is pale, is sweating and has a temper -",
      "type": "text"
    },
    {
      "id": 3,
      "text": "is pale, is sweating and has a temper - ature of 3 9. 2 ° c 1 0 2. 5 6 ° f, pulse 1 1 2 bpm, respiratory rate 2 8 breath cycles per minute and normal blood pressure. there are large, matted lymph glands palpable in his neck. the rest of the examination is unremarkable. investigations full blood count :",
      "type": "text"
    },
    {
      "id": 4,
      "text": "examination is unremarkable. investigations full blood count : wbc 1 4. l reference range : 4 - 1 0, haemoglobin 6. 3 g dl 1 3 - 1 5, mcv 6 6 fl 8 0 - 9 8, platelets 0 9 l 1 5 0 - 3 5 0. three sputum samples are negative for afb. fine - needle aspiration f",
      "type": "text"
    },
    {
      "id": 5,
      "text": "negative for afb. fine - needle aspiration fna of a neck gland yields purulent material. microscopy for afb is 2 + positive. there is no growth on blood culture. initial treatment the patient is admitted to the hospital and started on tb repeat treatment for tuberculous lymphadenitis with strepto - mycin, isoniazid, rifampicin",
      "type": "text"
    },
    {
      "id": 6,
      "text": ", isoniazid, rifampicin, pyrazinamide and ethambutol, while continuing the same art. against expectation, he does not improve after 3 weeks. he still has fevers, night sweats, lack of appetite and the glands in the neck have fur - ther swollen and are now clearly fluctuant fig. 4 7. 2. • fig.",
      "type": "text"
    },
    {
      "id": 7,
      "text": "fig. 4 7. 2. • fig. 4 7. 1 the patient ’ s “ health passport ”. the health passport is a booklet all patients in malawi hold which documents their medical history. • fig. 4 7. 2 increasing and fluctuant lymphadenitis in the neck. 1 2 9 # page 2 questions 1. what could be the reasons",
      "type": "text"
    },
    {
      "id": 8,
      "text": "page 2 questions 1. what could be the reasons for the lack of clinical improvement? 2. which investigations are indicated? discussion a 3 2 - year - old malawian man who is known to be hiv pos - itive is admitted with a diagnosis of tuberculous lymphade - nitis and immune reconstitution inflammatory syndrome iris of the unmasking type see summary box.",
      "type": "text"
    },
    {
      "id": 9,
      "text": "iris of the unmasking type see summary box. the tb diagnosis is based on microscopic findings. he unexpect - edly deteriorates on antituberculous treatment. answer to question 1 what could be the reasons for the lack of clinical improvement? although the diagnosis of tb lymphadenitis is very likely when afb are identified in a lymph gland sample, aty",
      "type": "text"
    },
    {
      "id": 10,
      "text": "are identified in a lymph gland sample, atypical mycobacteria should also be considered now that the initial response to tb treatment is unsatisfactory, especially given the deep immune suppression the patient had at the start of art. other reasons for a poor response to tb treatment are non - adherence, malabsorption and drug resistance. given the frank fluctuation that is present, a bacterial",
      "type": "text"
    },
    {
      "id": 11,
      "text": "the frank fluctuation that is present, a bacterial lymph - adenitis is probable, whereas a lymphoma seems much less likely. answer to question 2 which investigations are indicated? hiv viral load and a cd 4 count should be done to deter - mine the response to art. a repeat fna should be per - formed to check for afb. a gram stain and bacterial culture should help",
      "type": "text"
    },
    {
      "id": 12,
      "text": "afb. a gram stain and bacterial culture should help rule out bacterial superinfection. ideally, the aspirate should be examined by pcr xpert mtb rif and also be cultured to rule out infection with resistant myco - bacterium tuberculosis or atypical mycobacteria culture. the case continued … the patient denied missing any tablets, had no diarrhoea or other gastrointestinal symptoms, and",
      "type": "text"
    },
    {
      "id": 13,
      "text": "diarrhoea or other gastrointestinal symptoms, and had not left malawi, where multi - drug resistance for tb is uncommon. iris of the paradoxical type was also considered to explain the lack of improvement see box, therefore corticosteroids were initiated. further investigations were done, with the following results : cd cells μl ; hiv - 1 rna < 4 0 0 copies",
      "type": "text"
    },
    {
      "id": 14,
      "text": "; hiv - 1 rna < 4 0 0 copies ml. repeat fbc results were : wbc 7. l, haemoglobin 6. 7 g dl, mcv 8 4 fl, platelets 0 9 l. because of the increasingly fluctuant swelling in the neck, a second fna was done, now showing frank yellowish pus. on microscopic examination, numerous coc",
      "type": "text"
    },
    {
      "id": 15,
      "text": "ish pus. on microscopic examination, numerous coccoid bacteria and polymorphonuclear lymphocytes were observed. unfor - tunately results from a bacterial culture were never received. the diagnosis at this point was superimposed bacterial lymphadenitis, possibly iatrogenic because of the earlier aspi - ration, with staphylococcus aureus being",
      "type": "text"
    },
    {
      "id": 16,
      "text": ", with staphylococcus aureus being the most likely microorganism. the patient recovered well after incision and drainage, antibiotic treatment and a short course of cor - ticosteroids while he continued on tb treatment and art. in the first full blood count, severe microcytic anaemia was present. anaemia is extremely common in patients with advanced hiv immuno",
      "type": "text"
    },
    {
      "id": 17,
      "text": "mia is extremely common in patients with advanced hiv immunosuppression and tb co - infection ; however, the marked microcytosis is unusual. there was no good explanation for this finding because there was no source of blood loss in the history, and the mcv had nor - malized in the second full blood count, which was against β - thalassaemia as a cause of",
      "type": "text"
    },
    {
      "id": 18,
      "text": "� - thalassaemia as a cause of microcytic anaemia. the first full blood count also showed a leukocytosis when tb lymphad - enitis was diagnosed. this finding is paradoxical because later, when the florid purulent bacterial infection was pre - sent, it had resolved. multiple dynamic factors were appar - ently influencing the",
      "type": "text"
    },
    {
      "id": 19,
      "text": "multiple dynamic factors were appar - ently influencing the white blood cell count in this patient, including hiv, tb, bacterial infection, immune reconstitution, corticosteroids, antiretroviral and antituber - culous drugs and co - trimoxazole. summary box immune reconstitution inflammatory syndrome hiv - associated immune reconstitution inflammatory syndrome iris is a deterioration of the",
      "type": "text"
    },
    {
      "id": 20,
      "text": "constitution inflammatory syndrome iris is a deterioration of the clinical situation caused by increased inflammation because of improving immune compe - tence resulting from successful art. the clinical manifestations are wide - ranging and depend on the underlying condition, which is mostly an opportunistic infec - tion, but can also be a tumour, an autoimmune disease or another condition. in sub - saharan africa,",
      "type": "text"
    },
    {
      "id": 21,
      "text": "or another condition. in sub - saharan africa, tuberculosis and cryptococcal meningitis are the two most important iris presentations. iris is very common, occurring in between 1 0 and 2 5 % of patients who start art. there are no validated tests for iris. the diagnosis is therefore clinical. a widely accepted definition does not exist, although stan - dardization has been",
      "type": "text"
    },
    {
      "id": 22,
      "text": "exist, although stan - dardization has been attempted. definitions include measures of successful art, exclusion of other causes of the clinical deteri - oration, such as toxicity, and a relationship in time between the symptoms and the start of art. iris is classified into two types : in “ unmasking iris ”, a con - dition is present but remains subclinical",
      "type": "text"
    },
    {
      "id": 23,
      "text": "a con - dition is present but remains subclinical and undiagnosed because of severe immunosuppression before the start of art, and becomes clinically apparent within 6 months after art initi - ation. in “ paradoxical iris ”, a condition has been diagnosed and is being treated successfully, but clinical worsening occurs because of the increased inflammation after immune recovery, e. g",
      "type": "text"
    },
    {
      "id": 24,
      "text": "the increased inflammation after immune recovery, e. g. after starting art. risk factors for hiv - associated para - doxical iris include a low pre - art cd 4 count and haemoglobin level, a high pre - art viral load, large pre - art weight loss, large and rapid increase of the cd 4 count, rapid reduction of the viral load on art and a",
      "type": "text"
    },
    {
      "id": 25,
      "text": "rapid reduction of the viral load on art and a short period between the start of treatment for an opportunistic infection and initiation of art. prednisone initi - ated alongside art in selected patients with cd 4 counts < 1 0 0 cells μl seems to reduce the risk of paradoxical iris and is not associated with significant adverse effects. paradoxical iris may also",
      "type": "text"
    },
    {
      "id": 26,
      "text": "significant adverse effects. paradoxical iris may also occur in other conditions, e. g. in tb alone without hiv co - infection when tb treatment itself induces immune reconstitution. patients have to be prepared for the iris phenomenon when starting treatment. 1 3 0 chapter 4 7 a 3 2 - year - old man from malawi with a painfully swollen neck # page 3 further reading",
      "type": "text"
    },
    {
      "id": 27,
      "text": "a painfully swollen neck # page 3 further reading 1. thwaites g. tuberculosis. in : farrar j, editor. manson ’ s tropical diseases. 2 3 rd ed. london : elsevier ; [ chapter 4 0 ]. 2. haddow lj, moosa my, easterbrook pj. validation of a published case definition for tuberculosis - associated immune reconstitution inflammatory",
      "type": "text"
    },
    {
      "id": 28,
      "text": "case definition for tuberculosis - associated immune reconstitution inflammatory syndrome. aids ; 2 4 1 : 1 0 3 - 8. 3. yu g, zhong f, ye b, et al. diagnostic accuracy of the xpert mtb rif assay for lymph node tuberculosis : as systematic review and meta analysis. bio med res int ;: 2 4 0. 4. walker nf",
      "type": "text"
    },
    {
      "id": 29,
      "text": ";: 2 4 0. 4. walker nf, stek c, wasserman s, et al. the tuberculosis - associated immune reconstitution inflammatory syndrome : recent advances in clinical and pathogenesis research. curr opin hiv aids ; 1 3 6 : 5 1 2 - 2 1. 5. meintjes g, stek c, blumenthal l, et al",
      "type": "text"
    },
    {
      "id": 30,
      "text": "stek c, blumenthal l, et al. prednisone for the preven - tion of paradoxical tuberculosis - associated iris. n engl j med ; 3 7 9 2 0 : 2 5. 1 3 1 chapter 4 7 a 3 2 - year - old man from malawi with a painfully swollen neck",
      "type": "text"
    }
  ],
  "images": [
    {
      "path": "Processed/images/47---A-32-Year-Old-Man-from-Malawi-With-a-Pain_2022_Clinical-Cases-in-Tropic/47---A-32-Year-Old-Man-from-Malawi-With-a-Pain_2022_Clinical-Cases-in-Tropic_p1_img1.jpeg",
      "type": "image"
    },
    {
      "path": "Processed/images/47---A-32-Year-Old-Man-from-Malawi-With-a-Pain_2022_Clinical-Cases-in-Tropic/47---A-32-Year-Old-Man-from-Malawi-With-a-Pain_2022_Clinical-Cases-in-Tropic_p1_img2.jpeg",
      "type": "image"
    }
  ]
}