{
  "file": "48---A-31-Year-Old-Woman-from-Tanzania-With-Acu_2022_Clinical-Cases-in-Tropi.md",
  "n_chunks": 35,
  "text_embedding": "Processed_embeddings/embeddings/text/48---A-31-Year-Old-Woman-from-Tanzania-With-Acu_2022_Clinical-Cases-in-Tropi_text.npy",
  "image_embedding": "Processed_embeddings/embeddings/image/48---A-31-Year-Old-Woman-from-Tanzania-With-Acu_2022_Clinical-Cases-in-Tropi_images.npy",
  "chunks": [
    {
      "id": 0,
      "text": "# page 1 4 8 a 3 1 - year - old woman from tanzania with acute flaccid paraplegia william p. howlett clinical presentation history a 3 1 - year - old woman is referred to a hospital in northern tanzania with a loss of power and feeling in her legs. she describes being perfectly well up until 2 days earlier when she felt acute back pain which radiated",
      "type": "text"
    },
    {
      "id": 1,
      "text": "earlier when she felt acute back pain which radiated band - like to the level of her umbilicus. the pain was severe, continuous, burning and unrelieved by analgesics or position. within 1 2 hours the pain had lessened but she developed numbness in her feet and legs ascending to the level of her waist, loss of power in her legs and loss of",
      "type": "text"
    },
    {
      "id": 2,
      "text": ", loss of power in her legs and loss of control of her bladder. there is a history of a febrile illness 3 weeks previously, treated as malaria. there is no past or family history of similar illness and no history of trauma. she is married with 3 children, the last born is 1 2 months old. she does not smoke or take alcohol, and her hiv status",
      "type": "text"
    },
    {
      "id": 3,
      "text": "not smoke or take alcohol, and her hiv status during her last pregnancy was negative. clinical findings clinically, she is well nourished with normal vital signs. gen - eral examination is unremarkable ; there is no spinal tender - ness, deformity or gibbus. on neurological examination she is fully orientated and higher mental functions appear nor - mal. cranial nerves including fundoscopy",
      "type": "text"
    },
    {
      "id": 4,
      "text": "- mal. cranial nerves including fundoscopy and upper limbs are normal. she is unable to move her legs and examination of the lower limbs reveals a flaccid paraparesis with a sensory level at t 1 0. on inspection feet are in a slightly plantar - flexed position fig. 4 8. 1. tone is reduced bilaterally, power is reduced mrc",
      "type": "text"
    },
    {
      "id": 5,
      "text": "is reduced bilaterally, power is reduced mrc grade 1 5 in all muscle groups. reflexes are absent bilaterally, and plantar reflexes are extensor. sen - sation is reduced to light touch to the level of the umbilicus. joint position sense is impaired in the feet and ankles, and vibration sense is absent to the anterior iliac crest bilater",
      "type": "text"
    },
    {
      "id": 6,
      "text": "absent to the anterior iliac crest bilaterally. questions 1. what is the clinical syndrome and where is the lesion? 2. what investigations will you plan to do? discussion a 3 1 - year - old woman from northern tanzania presents with an acute - onset inability to walk. she had a febrile illness 3 weeks prior, but has otherwise been well. answer",
      "type": "text"
    },
    {
      "id": 7,
      "text": "weeks prior, but has otherwise been well. answer to question 1 what is the clinical syndrome and where is the lesion? the clinical syndromic diagnosis is acute flaccid paraparesis. the main neuroanatomical differential diagnoses of flaccid paraparesis are lesions of peripheral nerves, including their roots polyneuropathies or polyradiculoneuropathies",
      "type": "text"
    },
    {
      "id": 8,
      "text": "pathies or polyradiculoneuropathies, and acute lesions of the spinal cord myelopathies. the sensory impairment up to the umbilicus t 1 0 level and extensor plantar reflexes localise the site of the lesion to the spinal cord. the flaccidity and loss of reflexes can be explained by the early flaccid phase of acute",
      "type": "text"
    },
    {
      "id": 9,
      "text": "explained by the early flaccid phase of acute spinal cord injury when spasticity appears days or weeks later table 4 8. 1. answer to question 2 what investigations will you plan to do? if available, the following investigations should be performed : full blood count, esr, blood glucose, renal and liver function tests, hiv serology, vdrl test and schisto",
      "type": "text"
    },
    {
      "id": 10,
      "text": "serology, vdrl test and schistosomiasis • fig. 4 8. 1 a patient with an acute - onset flaccid paraplegia. note the plantar flexion of her feet. 1 3 2 # page 2 serology. the latter has to be interpreted with caution because it stays positive after past infection. urine and stool analysis for ova of schi",
      "type": "text"
    },
    {
      "id": 11,
      "text": "infection. urine and stool analysis for ova of schistosoma species should be done. lumbar puncture should be performed with measure - ment of opening pressure and testing cell differentiation, csf protein, glucose, gram and ziehl - neelsen stain, xpert mtb rif for m. tuberculosis and vdrl. imaging should include x - rays of the chest and spine",
      "type": "text"
    },
    {
      "id": 12,
      "text": "should include x - rays of the chest and spine. neuroimaging e. g. spi - nal ct mri is recommended mainly to exclude a compres - sive spinal cord lesion but is usually not readily available in sub - saharan africa. the case continued … the patient ’ s full blood count, renal and liver function tests were normal. results of further blood tests are shown",
      "type": "text"
    },
    {
      "id": 13,
      "text": "were normal. results of further blood tests are shown in the table 4 8. 2. a spinal tap was done. the csf opening pressure was normal and looked clear. further csf results are shown in the table 4 8. 3. the x - rays of her chest and thoracolumbar spine were normal. the main differential diagnosis of acute non - compressive flacci",
      "type": "text"
    },
    {
      "id": 14,
      "text": "differential diagnosis of acute non - compressive flaccid paraparesis that localizes in the spinal cord is acute spinal cord inflammation acute transverse myelitis, and vascular spinal cord ischaemia “ spinal stroke ”. the csf findings of increased lymphocytes and elevated protein level are suggestive of inflammation in the spinal cord. hence, the clinicolabor",
      "type": "text"
    },
    {
      "id": 15,
      "text": "spinal cord. hence, the clinicolaboratory diagnosis is that of acute transverse myelitis. the management is based on principles of establishing and treating the cause and preventing complications. treat - ment in this patient includes steroids and acyclovir directed against the main causes of acute transverse myelitis, e. g. auto - immune inflammation and viral infections see summary box. counselling",
      "type": "text"
    },
    {
      "id": 16,
      "text": "immune inflammation and viral infections see summary box. counselling of patient and family is very important, and family members guardians should from the beginning on be actively involved in physiotherapy and mobilization of the patient. general measures include strict 2 hourly table 4 8. 1 flaccid versus spastic paraparesis clinical presentation neuroanatomical diagnosis examples of common aetiologies in tropical countries flacci",
      "type": "text"
    },
    {
      "id": 17,
      "text": "common aetiologies in tropical countries flaccid paraparesis with bladder involvement and or sensory level acute spinal cord lesion inflammation of the spinal cord ¼ myelitis, ischaemia of the spinal cord ¼ spinal infarction acute cauda equina lesion metastatic malignancy, schistosomiasis without bladder dysfunction, without sensory level polyradiculon",
      "type": "text"
    },
    {
      "id": 18,
      "text": "bladder dysfunction, without sensory level polyradiculoneuropathy guillain - barr e - syndrome, tuberculous arachnoiditis, cmv in hiv polyneuropathy diabetes, hiv - related, nutritional spastic paraparesis chronic spinal cord lesion compression of spinal cord because of pott ´ s disease, chronic viral infections such as htlv - 1 and hiv table 4",
      "type": "text"
    },
    {
      "id": 19,
      "text": "such as htlv - 1 and hiv table 4 8. 2 laboratory results on admission parameter unit patient normal range esr mm h random blood glucose mmol l 5. 6 3. 9 - 1 1. 1 hiv - serology and p 2 4 antigen negative negative vdrl negative negative schistosomiasis - serology negative negative urine for ova of s.",
      "type": "text"
    },
    {
      "id": 20,
      "text": "serology negative negative urine for ova of s. haematobium negative negative stool for ova of s. mansoni negative negative table 4 8. 3 csf results parameter unit patient normal range csf white cell count cells μl 1 1 9 0 % lymphocytes 0 - 5 csf protein g l 1. 1 1 < 0. 4 5 csf",
      "type": "text"
    },
    {
      "id": 21,
      "text": ". 1 1 < 0. 4 5 csf glucose mmol l 3. 9 2. 8 - 3. 8 ∗ gram stain negative negative ziehl - neelsen stain negative negative xpert mtb rif negative negative vdrl in the csf negative negative ∗{ 1 2 } to { 2 3 } of paired serum glucose sample 1 3 3 chapter 4 8 a",
      "type": "text"
    },
    {
      "id": 22,
      "text": "serum glucose sample 1 3 3 chapter 4 8 a 3 1 - year - old woman from tanzania with acute flaccid paraplegia # page 3 turning, frequent passive movements, urinary catheterization if non - functioning bladder, and adequate analgesia according to the who analgesic ladder. the patient was treated with corticosteroids and acyclovir. she partially",
      "type": "text"
    },
    {
      "id": 23,
      "text": "ticosteroids and acyclovir. she partially improved and was discharged after 3 weeks. the power in her legs had slightly improved mrc 2 - 3 5 and she had a urinary catheter in situ. she will be reviewed in the outpatient department. summary box acute transverse myelitis acute transverse myelitis atm is an inflammation of the spinal cord characterized by an acute",
      "type": "text"
    },
    {
      "id": 24,
      "text": "inflammation of the spinal cord characterized by an acute hours or sub - acute days onset, presenting typically with back pain, flaccid paraplegia, a sensory level on the trunk and urinary incontinence. the incidence of atm in tropical countries is reported to be < 1 0 0 but is likely to be much higher particularly in africa. women are more frequently affected, typically",
      "type": "text"
    },
    {
      "id": 25,
      "text": "in africa. women are more frequently affected, typically in their second and fourth decades. evidence of inflammation within the spinal cord is shown by increased lym - phocytes and elevated protein in the csf. it can be associated with infections and autoimmune disorders. symptoms that sug - gest infection include fever, rash, adenopathy, concurrent sys - temic infection and symptoms of",
      "type": "text"
    },
    {
      "id": 26,
      "text": "concurrent sys - temic infection and symptoms of herpes zoster radiculopathy. if the aetiology remains unknown as is frequently the case, the atm is termed idiopathic table 4 8. 4. idiopathic atm is considered to be an autoimmune phenomenon. “ idiopathic ” atm can be the first attack of an autoimmune demyelinating disease such as",
      "type": "text"
    },
    {
      "id": 27,
      "text": "of an autoimmune demyelinating disease such as neuromyelitis optica nmo and rarely multiple sclerosis. how - ever, multiple sclerosis is very rare in tropical latitudes. treatment of idiopathic atm in adults is largely empirical with high doses of iv corticosteroids followed by oral prednisolone for 2 to 3 weeks. empirical acyclovir is also recommended",
      "type": "text"
    },
    {
      "id": 28,
      "text": "weeks. empirical acyclovir is also recommended if vzv or hsv myelitis cannot be excluded. the majority 7 0 % to 8 0 % of patients with atm remain disabled with flaccid paraparesis paraplegia and incontinence. further reading 1. heckmann je, bhigjee ai. tropical neurology. in : farrar j, editor. manson",
      "type": "text"
    },
    {
      "id": 29,
      "text": ". in : farrar j, editor. manson ’ s tropical diseases. 2 3 rd ed. london : elsevier ; [ chapter 7 1 ]. 2. borchers at, gershwin me. transverse myelitis. autoimmun rev ; 1 1 3 : 2 3 1 - 4 8. 3. howlett wp. paraplegia, in : neurology in",
      "type": "text"
    },
    {
      "id": 30,
      "text": "wp. paraplegia, in : neurology in africa. kilimanjaro christian medical centre and university of bergen ;. avail - able from : www. uib. no cih en resources neurology - in - africa. 4. musubire ak, meya db, bohjanen pr, et al. a systematic review of non - traumatic spinal cord injuries in sub - saharan",
      "type": "text"
    },
    {
      "id": 31,
      "text": "non - traumatic spinal cord injuries in sub - saharan africa and a proposed diagnostic algorithm for resource - limited settings. front neurol ; 8 : 6 1 8. https : doi. org 1 0. fneur.. 8. table 4 8. 4 pathophysiology of acute transverse myelitis pathophysiology treatment idiopathic, majority of the cases presumably an autoimmune phenomenon might be a",
      "type": "text"
    },
    {
      "id": 32,
      "text": "of the cases presumably an autoimmune phenomenon might be a manifestation of a chronic autoimmune demyelinating cns disease such as nmo and multiple sclerosis corticosteroids against inflammation associated with infection direct invasion of the spinal cord by microorganisms causative treatment e. g. acyclovir for vzv myelitis autoimmune phenomenon as a result of infection elsewhere “ parainfectious ”",
      "type": "text"
    },
    {
      "id": 33,
      "text": "result of infection elsewhere “ parainfectious ” might be associated with vaccination against the microorganism corticosteroids against inflammation associated with a systemic autoimmune disorder autoimmune phenomenon often the autoimmune disorder e. g. lupus or secondary vasculitis in the patient is already known corticosteroids against inflammation 1 3 4 chapter 4 8 a 3 1 - year - old woman from tanzania with",
      "type": "text"
    },
    {
      "id": 34,
      "text": "3 1 - year - old woman from tanzania with acute flaccid paraplegia",
      "type": "text"
    }
  ],
  "images": [
    {
      "path": "Processed/images/48---A-31-Year-Old-Woman-from-Tanzania-With-Acu_2022_Clinical-Cases-in-Tropi/48---A-31-Year-Old-Woman-from-Tanzania-With-Acu_2022_Clinical-Cases-in-Tropi_p1_img1.jpeg",
      "type": "image"
    }
  ]
}