{
  "file": "49---A-33-Year-Old-Male-Traveller-to-India-With-Di_2022_Clinical-Cases-in-Tr.md",
  "n_chunks": 31,
  "text_embedding": "Processed_embeddings/embeddings/text/49---A-33-Year-Old-Male-Traveller-to-India-With-Di_2022_Clinical-Cases-in-Tr_text.npy",
  "image_embedding": "Processed_embeddings/embeddings/image/49---A-33-Year-Old-Male-Traveller-to-India-With-Di_2022_Clinical-Cases-in-Tr_images.npy",
  "chunks": [
    {
      "id": 0,
      "text": "# page 1 4 9 a 3 3 - year - old male traveller to india with diarrhoea and flatulence for two weeks gagandeep kang and sudhir babji clinical presentation history a 3 3 - year - old man from finland who had been backpacking in india for the previous month presents to a private doctor in chinglepet, tamil nadu, with complaints of passage of",
      "type": "text"
    },
    {
      "id": 1,
      "text": "pet, tamil nadu, with complaints of passage of loose stools four or five episodes per day for the past 2 weeks. he reports weight loss, anorexia, malaise, flatulence and abdominal cramping when passing stool. for the past 3 days he has had bloating and distension after intake of milk products with an urge to pass stool. he has mild",
      "type": "text"
    },
    {
      "id": 2,
      "text": "with an urge to pass stool. he has mild nausea, but no fever. stools were watery earlier but he went to a local pharmacy and was given ciprofloxacin, which he took for 5 days ending 2 days previously, and stools are now three or four per day, mushy, greasy and foul - smelling. clinical findings a 3 3 -",
      "type": "text"
    },
    {
      "id": 3,
      "text": "foul - smelling. clinical findings a 3 3 - year - old man, 1 8 0 cm, 7 2 kg reports a 4 kg weight loss, mild non - specific abdominal tenderness. no signs of dehydration. the rest of the examination is normal. laboratory results stool for reducing substances : positive. stool examination for enteric parasites : giardia trophozoites are seen in",
      "type": "text"
    },
    {
      "id": 4,
      "text": ": giardia trophozoites are seen in the fresh specimen. giardia cysts are detected on formol - ether con - centrated specimens fig. 4 9. 1. questions 1. what clinical features can be used to establish an aetiolo - gical diagnosis of infectious diarrhoea in the tropics? 2. what complications can result from an acute enteric infection",
      "type": "text"
    },
    {
      "id": 5,
      "text": "what complications can result from an acute enteric infection? discussion a 3 3 - year - old finnish traveller to india presents with passage of loose stools, four or five episodes a day for the past 2 weeks. the stools have become greasy and foul - smelling, and he has bloating and distension after consumption of milk or milk products. • fig. 4 9.",
      "type": "text"
    },
    {
      "id": 6,
      "text": "or milk products. • fig. 4 9. 1 fresh preparation showing trophozoites a and formol - ether concentration showing cysts b of giardia species. 1 3 5 # page 2 the presence of giardia trophozoites and cysts in the stool sample is confirmatory of giardiasis. the presence of reducing substances in the stool indicates a carbohydrate",
      "type": "text"
    },
    {
      "id": 7,
      "text": "of reducing substances in the stool indicates a carbohydrate malabsorption, most likely of post - infectious origin. answer to question 1 what clinical features can be used to establish an aetiological diagnosis of infectious diarrhoea in the tropics? in the absence of a laboratory, clinical features sometimes provide a clue to the cause of infectious diarrhoea table 4 9. 1. diarrhoea",
      "type": "text"
    },
    {
      "id": 8,
      "text": "ea table 4 9. 1. diarrhoea caused by small intestinal infection is typically high volume, watery and often associated with malabsorption and dehydration. colonic involvement is more often associated with frequent small - volume stools, the presence of blood and a sensation of urgency. chronic diarrhoea or recurrent episodes of acute diarrhoea should prompt hiv testing. answer to",
      "type": "text"
    },
    {
      "id": 9,
      "text": "diarrhoea should prompt hiv testing. answer to question 2 what complications can result from an acute enteric infection? common complications of acute enteric infections are shown in table 4 9. 2. table 4 9. 1 clinical clues to pathology and possible aetiological agents of diarrhoeal disease clinical observation pathophysiology possible aetiology few, bulky or large watery",
      "type": "text"
    },
    {
      "id": 10,
      "text": "tiology few, bulky or large watery stools small bowel, secretory enterotoxigenic escherichia coli etec, enteropathogenic e. coli epec, salmonella, vibrio parahaemolyticus, giardia, possibly shigella large volume, watery diarrhoea small bowel, enterotoxin mediated vibrio",
      "type": "text"
    },
    {
      "id": 11,
      "text": "bowel, enterotoxin mediated vibrio cholerae, etec, cryptosporidium many, small volume stools large bowel shigella, salmonella, campylobacter, yersinia enterocolitica, clostridium perfringens, entamoeba histolytica tenesmus, faecal urgency, dysen",
      "type": "text"
    },
    {
      "id": 12,
      "text": "esmus, faecal urgency, dysentery colitis e. histolytica, enteroinvasive e. coli eiec, enterohaemorrhagic e. coli ehec, shigella, campylobacter, y. enterocolitica, clostridioides difficile associated with vomiting gastroenteritis or toxin mediated nor",
      "type": "text"
    },
    {
      "id": 13,
      "text": "vomiting gastroenteritis or toxin mediated noroviruses, rotavirus in children, bacillus cereus, staphylococcus aureus food poisoning associated with fever mucosal invasion or in children e. histolytica, eiec, ehec, shigella, salmonella, c. difficile, campylobacter, viral agents",
      "type": "text"
    },
    {
      "id": 14,
      "text": "ile, campylobacter, viral agents persistent diarrhoea > 2 weeks secondary malabsorption, invasion giardia, cryptosporidium, e. histolytica, aeromonas. in immunosuppression : cystoisospora belli, cryptosporidium, microsporidium table 4 9. 2 common complications of acute enteric infections complication patho",
      "type": "text"
    },
    {
      "id": 15,
      "text": "common complications of acute enteric infections complication pathogen carbohydrate intolerance or malabsorption giardia lamblia intestinalis, rotavirus and other forms of viral gastroenteritis, fat malabsorption giardia lamblia intestinalis haemolytic uraemic syndrome enterohaemorrhagic escherichia coli ehec, shigella dysenteriae guil",
      "type": "text"
    },
    {
      "id": 16,
      "text": ", shigella dysenteriae guillain - barr e syndrome campylobacter jejuni reactive arthritis campylobacter, salmonella, shigella, yersinia spp. erythema nodosum campylobacter, salmonella, shigella, yersinia spp enteritis necroticans clostridium perfr",
      "type": "text"
    },
    {
      "id": 17,
      "text": "itis necroticans clostridium perfringens type c liver abscess and other forms of extraintestinal amoebiasis entamoeba histolytica chronic fatigue syndrome giardia lamblia intestinalis, particularly described from scandinavia 1 3 6 chapter 4 9 a 3 3 - year - old male traveller to india with diarrhoea and flatulence for",
      "type": "text"
    },
    {
      "id": 18,
      "text": "india with diarrhoea and flatulence for two weeks # page 3 the case continued … the patient was given tinidazole 2 g as a single oral dose. he was advised to restrict milk and high sugar products for a period of 2 weeks. he was counselled on food and water safety when travelling and was asked to return after 3 days. on review, he",
      "type": "text"
    },
    {
      "id": 19,
      "text": "to return after 3 days. on review, he stated that his stool consistency had returned to normal and the frequency had decreased, he had no nausea and his anorexia had decreased. he had eaten a local dessert the previous day without realizing that it was made of reduced milk and had experienced some bloating and dis - comfort, but was otherwise feeling much better. summary box gi",
      "type": "text"
    },
    {
      "id": 20,
      "text": "but was otherwise feeling much better. summary box giardiasis giardiasis is caused by giardia intestinalis also called g. lamblia, a flagellate protozoan. the parasite is present throughout the world, with several species found in animals. not all infections result in symptoms, particularly in tropical countries where local populations with constant exposure rarely develop disease. symptomatic",
      "type": "text"
    },
    {
      "id": 21,
      "text": "with constant exposure rarely develop disease. symptomatic giardiasis is common in travellers to regions of south and south - east asia, africa, the middle east and latin america, particularly where clean water supplies and standards of food hygiene are low. giardia trophozoites are found in the small intestine of humans, and these non - invasive parasites appear to cause diarrhoea",
      "type": "text"
    },
    {
      "id": 22,
      "text": "non - invasive parasites appear to cause diarrhoea by blocking the absorptive surfaces of the gut and possibly by inducing fluid secretion. the trophozoites produce an environmentally resistant form, the cyst, which is passed in stool and enters the soil, water, food, or other surfaces after bowel movements. the most common method of infection is by drinking contaminated water.",
      "type": "text"
    },
    {
      "id": 23,
      "text": "common method of infection is by drinking contaminated water. however, people may also become infected through hand - to - mouth transmission. this involves eating contaminated food or touching contaminated surfaces and unknowingly swallowing the parasite. the signs and symptoms of giardiasis usually occur within 7 to 1 4 days of exposure. symp - toms include diarrhoea, pale greasy stools, stomach",
      "type": "text"
    },
    {
      "id": 24,
      "text": "diarrhoea, pale greasy stools, stomach cramps, gas, nausea, vomiting, bloating, weight loss and weakness. the symptoms usually last for 1 to 2 weeks, but may last longer. giardiasis can cause malabsorption of vitamin a, vitamin b 1 2, iron, fat and carbohydrates in up to 2 0 - 4 0 % of patients",
      "type": "text"
    },
    {
      "id": 25,
      "text": "up to 2 0 - 4 0 % of patients. malabsorption can sometimes be prolonged and take several weeks to disap - pear. chronic and multiple infections in young children have been shown to cause long - term effects on growth leading to stunting. the most common treatment is administration of drugs of the nitroimidazole group, with tinidazole being the drug of",
      "type": "text"
    },
    {
      "id": 26,
      "text": ", with tinidazole being the drug of choice followed by metronidazole. tinidazole is effective as a single dose of 2 g, and metronidazole 5 0 0 mg is given tds for 5 to 7 days. non - responsiveness to nitroimidazole treatment is increasingly seen, in particular in travellers to south asia where rates",
      "type": "text"
    },
    {
      "id": 27,
      "text": ", in particular in travellers to south asia where rates can reach up to 5 0 %. other drugs used are e. g. quinacrine, nitazoxanide and furazolidone. further reading 1. kelly p. intestinal protozoa. in : farrar j, editor. manson ’ s tropical diseases. 2 3 rd ed. london : elsevier ;",
      "type": "text"
    },
    {
      "id": 28,
      "text": "2 3 rd ed. london : elsevier ; [ chapter 4 9 ]. 2. ross ag, olds gr, cripps aw, et al. enteropathogens and chronic illness in returning travelers. n engl j med ; 3 6 8 1 9 : 2 5. 3. kaiser l, surawicz cm. infectious causes of chronic diarrhoea. best pract",
      "type": "text"
    },
    {
      "id": 29,
      "text": "causes of chronic diarrhoea. best pract res clin gastroenterol ; 2 6 5 : 5 6 3 - 7 1. 4. wright sg. protozoan infections of the gastrointestinal tract. infect dis clin north am ; 2 6 2 : 3 2 3 - 3 9. 5. watkins rr, eckmann l. treatment of giardiasis :",
      "type": "text"
    },
    {
      "id": 30,
      "text": "eckmann l. treatment of giardiasis : current status and future directions. curr infect dis rep ; 1 6 2 : 3 9 6. 1 3 7 chapter 4 9 a 3 3 - year - old male traveller to india with diarrhoea and flatulence for two weeks",
      "type": "text"
    }
  ],
  "images": [
    {
      "path": "Processed/images/49---A-33-Year-Old-Male-Traveller-to-India-With-Di_2022_Clinical-Cases-in-Tr/49---A-33-Year-Old-Male-Traveller-to-India-With-Di_2022_Clinical-Cases-in-Tr_p1_img1.jpeg",
      "type": "image"
    },
    {
      "path": "Processed/images/49---A-33-Year-Old-Male-Traveller-to-India-With-Di_2022_Clinical-Cases-in-Tr/49---A-33-Year-Old-Male-Traveller-to-India-With-Di_2022_Clinical-Cases-in-Tr_p1_img2.jpeg",
      "type": "image"
    }
  ]
}