{
  "file": "5---A-4-Year-Old-Boy-from-Laos-With-a-Lesion-o_2022_Clinical-Cases-in-Tropic.md",
  "n_chunks": 19,
  "text_embedding": "Processed_embeddings/embeddings/text/5---A-4-Year-Old-Boy-from-Laos-With-a-Lesion-o_2022_Clinical-Cases-in-Tropic_text.npy",
  "image_embedding": "Processed_embeddings/embeddings/image/5---A-4-Year-Old-Boy-from-Laos-With-a-Lesion-o_2022_Clinical-Cases-in-Tropic_images.npy",
  "chunks": [
    {
      "id": 0,
      "text": "# page 1 5 a 4 - year - old boy from laos with a lesion of the lip and cheek m. leila srour case presentation history you are sent a picture of a 4 - year - old boy taken by a visitor at a remote district hospital in laos fig. 5. 1. you receive a limited history and physical examination : three days ago, the family noticed a",
      "type": "text"
    },
    {
      "id": 1,
      "text": "examination : three days ago, the family noticed a dark sore on the child ’ s cheek. the child ’ s breath smells bad, he is not eating and he appears list - less. the lesion progressed quickly from a sore to eat through the child ’ s cheek. the child, who is unimmunized, had a fever and rash about 2 months ago",
      "type": "text"
    },
    {
      "id": 2,
      "text": ", had a fever and rash about 2 months ago and recovered. the family is very poor. the local doctors do not recognize this disease. clinical findings the 4 - year - old child appears small and quiet. he is stunted and thin. his mouth has a gangrenous lesion that has destroyed part of his upper and lower lips and cheek, expos - ing his teeth",
      "type": "text"
    },
    {
      "id": 3,
      "text": "lips and cheek, expos - ing his teeth. questions 1. what is your differential diagnosis? 2. what should you recommend to help this child? discussion this chronically malnourished child, living in a remote vil - lage of a poor developing country, has a rapidly advancing gangrenous lesion of the face. answer to question 1 what is your differential diagnosis? a few",
      "type": "text"
    },
    {
      "id": 4,
      "text": "question 1 what is your differential diagnosis? a few days earlier, when the child had a sore on the face and bad breath, you may have suspected a tooth abscess and cel - lulitis. the rapid destruction of tissue is typical of noma, an opportunistic infection that affects poor children whose immune systems are compromised by malnutrition and often other infections, commonly measles or malaria",
      "type": "text"
    },
    {
      "id": 5,
      "text": "malnutrition and often other infections, commonly measles or malaria. other ulcerating facial lesions such as oral cancer, syphilis and yaws are unlikely in a young child. cutaneous leishmaniasis is unlikely to develop at such a rapid pace and be so destructive. mucocutaneous leishmaniasis may lead to severe tissue destruction but it is non - endemic in",
      "type": "text"
    },
    {
      "id": 6,
      "text": "severe tissue destruction but it is non - endemic in laos. there are no diag - nostic laboratory tests because the diagnosis is made clinically. • fig. 5. 1 a 4 - year - old lao boy with a necrotizing lesion on the right cheek. 1 3 # page 2 answer to question 2 what should you recommend to help this child? you recommend",
      "type": "text"
    },
    {
      "id": 7,
      "text": "should you recommend to help this child? you recommend treating the child with penicillin and met - ronidazole to cover the suspected aerobic and anaerobic oro - pharyngeal bacteria. you emphasize the need for nutritional support, which can be challenging with a mouth lesion. local foods, including eggs, milk, soy products and peanuts, can be lique",
      "type": "text"
    },
    {
      "id": 8,
      "text": "milk, soy products and peanuts, can be liquefied and fed orally or enterally. other diseases such as malaria, intestinal parasites, tuberculosis and vitamin deficiencies should be looked for and treated. necrotic tissue can be removed. physiotherapy will be needed to prevent contractures with healing. reconstructive surgery should not be attempted for at least 1 year and be done only by",
      "type": "text"
    },
    {
      "id": 9,
      "text": "for at least 1 year and be done only by an experienced surgical team. improved nutrition before sur - gery may improve the outcome. survivors of noma suffer from disfigurement and func - tional problems with speech and eating. they may present as young adults seeking help. their history reveals the illness as a child of younger than 1 0 years of age. the case continued... the",
      "type": "text"
    },
    {
      "id": 10,
      "text": "0 years of age. the case continued... the child was treated successfully with antibiotics and nutri - tional support. his face healed with contractures, resulting in disfigurement and salivary incontinence. at age 9 years, he was referred for surgery by a visiting international surgical team. after two surgeries, his appearance was improved, and the salivary incontinence corrected fig",
      "type": "text"
    },
    {
      "id": 11,
      "text": ", and the salivary incontinence corrected fig. 5. 2. summary box noma noma is an opportunistic infection, primarily affecting children aged 1 to 7 years, whose immunity is compromised by malnu - trition and vitamin deficiencies. risk factors include extreme poverty, malnutrition, poor oral hygiene, viral infections especially measles and hiv, poor sanitation and living in close",
      "type": "text"
    },
    {
      "id": 12,
      "text": "measles and hiv, poor sanitation and living in close proximity to livestock. the true aetiology of noma is unknown. the patho - genesis appears to be a complex combination of factors, including poverty, poor oral hygiene facilitating necrotizing ulcerative gingivitis, malnutrition and infectious diseases such as malaria and measles leading to impaired immunity. noma is a neglected",
      "type": "text"
    },
    {
      "id": 13,
      "text": "leading to impaired immunity. noma is a neglected and forgotten disease, because it pri - marily affects the poorest children living in remote areas of developing countries. health workers throughout the world often do not recognize this disease, so it remains underreported and unknown. case fatality rate if untreated is 7 0 % to 9 0 %. treatment with antibiotics and nutritional support can prevent disease pro",
      "type": "text"
    },
    {
      "id": 14,
      "text": "treatment with antibiotics and nutritional support can prevent disease pro - gression and save the child ’ s life. survivors suffer with disfigure - ment, functional impairment and psychosocial isolation. noma is an indicator of extreme poverty and inadequate public health systems. the elimination of extreme poverty, provision of prenatal care, promotion of exclusive breastfeeding, immunizations, food security and improved nutrition",
      "type": "text"
    },
    {
      "id": 15,
      "text": ", immunizations, food security and improved nutrition for the poorest children can lead to the eradication of this preventable childhood disease. further reading 1. srour l, wong v, wyllie s. noma, actinomycosis and nocardia. in : farrar j, editor. manson ’ s tropical diseases. 2 3 rd ed. london :",
      "type": "text"
    },
    {
      "id": 16,
      "text": "tropical diseases. 2 3 rd ed. london : elsevier ; [ chapter 2 9 ]. 2. srour l, marck k, baratti - mayer d. noma : overview of a neglected disease and human rights violation. am j trop med hyg ; 9 6 2 : 2 6 8 - 7 4. 3. who regional office for africa. information brochure for early detection",
      "type": "text"
    },
    {
      "id": 17,
      "text": "regional office for africa. information brochure for early detection and management of noma.; http : www. who. int iris handle 5 7 9. 4. bolivar i, whiteson k, stadelmann b, et al. bacterial diversity in oral samples of children in niger with acute noma, acute necrotiz - ing gingivitis, and healthy controls. plo",
      "type": "text"
    },
    {
      "id": 18,
      "text": "gingivitis, and healthy controls. plos negl trop dis ; 6 3 : e. • fig. 5. 2 at age 9 after two surgeries correcting facial contractures and salivary incontinence. 1 4 chapter 5 a 4 - year - old boy from laos with a lesion of the lip and cheek",
      "type": "text"
    }
  ],
  "images": [
    {
      "path": "Processed/images/5---A-4-Year-Old-Boy-from-Laos-With-a-Lesion-o_2022_Clinical-Cases-in-Tropic/5---A-4-Year-Old-Boy-from-Laos-With-a-Lesion-o_2022_Clinical-Cases-in-Tropic_p1_img1.jpeg",
      "type": "image"
    },
    {
      "path": "Processed/images/5---A-4-Year-Old-Boy-from-Laos-With-a-Lesion-o_2022_Clinical-Cases-in-Tropic/5---A-4-Year-Old-Boy-from-Laos-With-a-Lesion-o_2022_Clinical-Cases-in-Tropic_p2_img1.jpeg",
      "type": "image"
    }
  ]
}