{
  "file": "50---A-24-Year-Old-Man-of-Turkish-Origin-With-Jau_2022_Clinical-Cases-in-Tro.md",
  "n_chunks": 33,
  "text_embedding": "Processed_embeddings/embeddings/text/50---A-24-Year-Old-Man-of-Turkish-Origin-With-Jau_2022_Clinical-Cases-in-Tro_text.npy",
  "image_embedding": "Processed_embeddings/embeddings/image/50---A-24-Year-Old-Man-of-Turkish-Origin-With-Jau_2022_Clinical-Cases-in-Tro_images.npy",
  "chunks": [
    {
      "id": 0,
      "text": "# page 1 5 0 a 2 4 - year - old man of turkish origin with jaundice and cystic liver lesions marija stojkovic clinical presentation history a 2 4 - year - old man of turkish origin presents at a hospital in germany because of right upper quadrant pain, nausea and vomiting. the patient is a german resident but visits his family in rural eastern",
      "type": "text"
    },
    {
      "id": 1,
      "text": "a german resident but visits his family in rural eastern turkey anatolia every year for about 6 weeks. three years earlier the patient had presented with right upper quadrant pain. then, an ultrasound and a ct scan of theliverhadrevealedtwocalcifiedcysticlesions, oneintheright liver lobe, another smaller cyst in the left liver lobe figs.",
      "type": "text"
    },
    {
      "id": 2,
      "text": "smaller cyst in the left liver lobe figs. 5 0. 1 a and b and 5 0. 2. serology was positive for echinococcus granu - losus and a diagnosis of cystic echinococcosis ce was made. since both cyst walls were already calcified, anthelmintic treatment was not considered an option as the bioavailability of al",
      "type": "text"
    },
    {
      "id": 3,
      "text": "not considered an option as the bioavailability of albendazole in cysts with calcified cyst walls is rather poor. being free of symptoms, the patient refused surgical treat - ment. the cysts were monitored regularly by ultrasound for signs of spontaneous involution. clinical findings a 2 4 - year - old man in fair general condition with scleral jaun - dice.",
      "type": "text"
    },
    {
      "id": 4,
      "text": "condition with scleral jaun - dice. blood pressure 1 1 0 7 0 mmhg, pulse 6 4 bpm, temper - ature 3 6 ° c 9 6. 8 ° f. there is right upper quadrant and epigastric tenderness, but no guarding. laboratory findings the full blood count is normal. additional results are shown in table 5 0. 1. •",
      "type": "text"
    },
    {
      "id": 5,
      "text": "are shown in table 5 0. 1. • fig. 5 0. 1 ultrasound scan of the liver at diagnosis 3 years before current presentation reveals two cystic lesions. one lesion is located in the right liver lobe 7 6 cm. cyst content shows a solid cyst matrix containing multiple smaller cysts a. the cyst wall is partially calcified who classification ce 3 b",
      "type": "text"
    },
    {
      "id": 6,
      "text": "wall is partially calcified who classification ce 3 b. b second cystic lesion in the left liver lobe 5 4 cm. the cyst wall is up to 4 mm thick with partial calcification. cyst content is liquid ; there is a double line sign, a feature of who ce 1, and hydatid sand. copyright w. hosch, department of radiology,",
      "type": "text"
    },
    {
      "id": 7,
      "text": "copyright w. hosch, department of radiology, heidelberg university hospital. 1 3 8 vàng da # page 2 questions 1. what is the suspected diagnosis and how would you approach this patient? 2. which differential diagnoses should be considered in a patient with cystic liver lesions? discussion a young man of turkish origin presents with right upper quadrant pain and jaundice.",
      "type": "text"
    },
    {
      "id": 8,
      "text": "right upper quadrant pain and jaundice. he was diagnosed with ce 3 years earlier and has not been on any specific treatment. answer to question 1 what is the suspected diagnosis and how would you approach this patient? his presentation should raise suspicion of a cystobiliary fistula with biliary obstruction, which is the most common acute complication in cystic echinococco",
      "type": "text"
    },
    {
      "id": 9,
      "text": "common acute complication in cystic echinococcosis and may be complicated by bacterial cholangitis. in case of biliary obstruction, the first step is to restore the biliary flow by endoscopic retrograde cholangiography erc. erc is both a diagnostic and therapeutic tool in cases of biliary obstruction ; cyst content can be extracted from the hepatic or common",
      "type": "text"
    },
    {
      "id": 10,
      "text": "can be extracted from the hepatic or common bile duct. in case of bacterial cholangitis, the patient should receive antibiotic treatment to cover for gram - negative bacteria and anaerobes. once biliary flow is restored and cholangitis has settled, the cyst can be surgically removed in a second step. answer to question 2 which differential diagnoses should be considered",
      "type": "text"
    },
    {
      "id": 11,
      "text": "to question 2 which differential diagnoses should be considered in a patient with cystic liver lesions? the main differential diagnoses in this patient with cystic liver lesions and liquid cyst content are a congenital simple hepatic cyst and pseudocysts necrotic cavity in alveolar echinococcosis e. multilocularis. depending on the presence",
      "type": "text"
    },
    {
      "id": 12,
      "text": "multilocularis. depending on the presence of systemic symptoms and signs and liquid versus solid cyst content, infectious causes like abscesses bacterial, amoebic or tuberculoma must be considered. in addition, benign and malignant liver tumours or metastases are relevant differentials. the case continued … on erc, biliary obstruction because of a cystob",
      "type": "text"
    },
    {
      "id": 13,
      "text": ", biliary obstruction because of a cystobiliary fistula was found. ce cyst content was removed from the common bile duct and the bile flow was restored. the patient ’ s cho - langitis was treated with ciprofloxacin and metronidazole. once the inflammation settled, the patient was referred for surgery and partial cystectomy",
      "type": "text"
    },
    {
      "id": 14,
      "text": "was referred for surgery and partial cystectomy was performed on both cysts. the patient has been followed up for 9 years after surgery and has had no recurrence. he is considered cured and fur - ther follow - up visits are not needed. this case illustrates several learning points. in countries with low ce - endemicity provenance from a hyperendemic region is",
      "type": "text"
    },
    {
      "id": 15,
      "text": "provenance from a hyperendemic region is the single most important risk factor for ce in cystic liver lesions. ce is generally a benign disease with the exception of complicated cysts ; in this case a cyst with biliary fistula. ce cysts are currently classified by the who into six stages : ce 1 and 2 active, ce 3 a and 3 b",
      "type": "text"
    },
    {
      "id": 16,
      "text": "and 2 active, ce 3 a and 3 b transitional and ce 4 and 5 inactive. a very important question is which cysts can be left untreated and only observed ‘ watch and wait ’. there is fairly solid evidence that inactive ce 4 and ce 5 cysts can be left untreated if they are not in critical sites. in this patient the cyst walls of",
      "type": "text"
    },
    {
      "id": 17,
      "text": "sites. in this patient the cyst walls of both cysts ce 1, ce 3 b were calcified figs. 5 0. 1 and 5 0. 2. previously, calcification was described only as a feature of ce 5 cysts ; this was later extended to ce 4 cysts and has now been shown to occur in all cyst stages. retrospectively this case",
      "type": "text"
    },
    {
      "id": 18,
      "text": "all cyst stages. retrospectively this case illustrates that surgical treatment was rightly offered to the patient at initial diagnosis. • fig. 5 0. 2 computed tomography of the same patient. both cyst walls show calcification. copyright w. hosch, department of radiology, hei - delberg university hospital. table 5 0. 1 laboratory results on presentation parameter patient",
      "type": "text"
    },
    {
      "id": 19,
      "text": "0. 1 laboratory results on presentation parameter patient reference ast u l 1 4 5 < 3 5 alt u l 4 5 4 < 3 5 ggt u l 3 9 4 < 5 5 alp u l 8 - 1 2 6 total bilirubin μmol l 1 2 0 < 1 9. 0 esr mm h 1 7 2 0 crp mg l 4",
      "type": "text"
    },
    {
      "id": 20,
      "text": "h 1 7 2 0 crp mg l 4 9 < chapter 5 0 a 2 4 - year - old man of turkish origin with jaundice and cystic liver lesions # page 3 cystobiliary fistulas are some of the major reasons for complications in ce of the liver as are cystobronchial fistu - las in pulmonary ce. fistulating",
      "type": "text"
    },
    {
      "id": 21,
      "text": "- las in pulmonary ce. fistulating cysts should be surgically treated before complications arise. the key question is how to identify fistulas early to prevent complications. previously, endoscopic retrograde cholangiography erc has been advocated as the method of choice. however, it has become evident that intracystic pressure may be too high for the con - tra",
      "type": "text"
    },
    {
      "id": 22,
      "text": "pressure may be too high for the con - trast medium to enter. if available, mri with magnetic res - onance cholangiography mrc is an alternative option, with very good detection rates. summary box cystic echinococcosis ce is an infection with the larval form of the dog tapeworm echinococcus granulosus. it occurs worldwide with high ende",
      "type": "text"
    },
    {
      "id": 23,
      "text": "granulosus. it occurs worldwide with high ende - micity in the mediterranean basin, the near and middle east, north and east africa, central asia and latin america. humans become infected by ingestion of eggs of e. granulosus. symptoms may occur months to years after infection because of mass effects of the growing cyst or because of complications. liver 7 0 % and",
      "type": "text"
    },
    {
      "id": 24,
      "text": "or because of complications. liver 7 0 % and lung 1 5 - 3 0 % are the most commonly affected organs. cyst complications include fistulas leading to biliary or bronchial obstruction, bacterial superinfection, cyst rupture leading to anaphylaxis, embolism of cyst content and compres - sion syndromes. diagnosis of ce is based",
      "type": "text"
    },
    {
      "id": 25,
      "text": "sion syndromes. diagnosis of ce is based on imaging, mainly on ultrasound, which is crucial for the diagnosis and classification of disease activity. mri or ct should be used when cysts are inaccessible by ultrasound. serology is hampered by a lack of sensitivity and specificity. in unclear cases, diagnostic cyst puncture and aspiration may be performed by experienced exam",
      "type": "text"
    },
    {
      "id": 26,
      "text": "cture and aspiration may be performed by experienced examiners. if ce is suspected, however, albendazole needs to be given peri - interventionally. generally, four treatment modalities are available : anthelmintic treatment, percutaneous sterilization techniques, surgery and a ‘ watch and wait ’ approach. management of ce patients in general depends not",
      "type": "text"
    },
    {
      "id": 27,
      "text": "approach. management of ce patients in general depends not only on the individual case but also on local resources and expertise. long - term follow - up is important to detect recurrence of disease. further reading 1. stojkovic m, gottstein b, junghanss t. echinococcosis. in : farrar j, hotez p, junghanss t,",
      "type": "text"
    },
    {
      "id": 28,
      "text": ", hotez p, junghanss t, kang g, lalloo d, white n, editors. manson ’ s tropical diseases. 2 3 rd ed. london : elsevier ; [ chapter 5 6 ]. 2. hosch w, stojkovic m, j € anisch t, et al. the role of calcification for staging cystic echinococco",
      "type": "text"
    },
    {
      "id": 29,
      "text": "of calcification for staging cystic echinococcosis ce. eur radiol ; 1 7 : 4 5. 3. stojkovic m, zwahlen m, teggi a, et al. treatment response of cys - tic echinococcosis to benzimidazoles : a systematic review. plos negl trop dis ; 3 9 : e 5",
      "type": "text"
    },
    {
      "id": 30,
      "text": "negl trop dis ; 3 9 : e 5 2 4. 4. who informal working group. international classification of ultrasound images in cystic echinococcosis for application in clinical and field epidemiological settings. acta trop ; 8 5 2 : 2 5 3 - 6 1. 5. stojkovic m, rosenberger kd, steudle f, et al. watch",
      "type": "text"
    },
    {
      "id": 31,
      "text": ", steudle f, et al. watch and wait management of inactive cystic echinococcosis - does the path to inactivity matter - aalysis of a prospective patient cohort. plos negl trop dis ; 1 0 1 2 : e 2 4 3. 1 4 0 chapter 5 0 a 2 4 - year - old man of turkish origin with jaundice and",
      "type": "text"
    },
    {
      "id": 32,
      "text": "old man of turkish origin with jaundice and cystic liver lesions",
      "type": "text"
    }
  ],
  "images": [
    {
      "path": "Processed/images/50---A-24-Year-Old-Man-of-Turkish-Origin-With-Jau_2022_Clinical-Cases-in-Tro/50---A-24-Year-Old-Man-of-Turkish-Origin-With-Jau_2022_Clinical-Cases-in-Tro_p1_img1.jpeg",
      "type": "image"
    },
    {
      "path": "Processed/images/50---A-24-Year-Old-Man-of-Turkish-Origin-With-Jau_2022_Clinical-Cases-in-Tro/50---A-24-Year-Old-Man-of-Turkish-Origin-With-Jau_2022_Clinical-Cases-in-Tro_p1_img2.jpeg",
      "type": "image"
    },
    {
      "path": "Processed/images/50---A-24-Year-Old-Man-of-Turkish-Origin-With-Jau_2022_Clinical-Cases-in-Tro/50---A-24-Year-Old-Man-of-Turkish-Origin-With-Jau_2022_Clinical-Cases-in-Tro_p2_img1.jpeg",
      "type": "image"
    }
  ]
}