{
  "file": "51---A-34-Year-Old-HIV-Positive-Woman-from-Malawi-W_2022_Clinical-Cases-in-T.md",
  "n_chunks": 40,
  "text_embedding": "Processed_embeddings/embeddings/text/51---A-34-Year-Old-HIV-Positive-Woman-from-Malawi-W_2022_Clinical-Cases-in-T_text.npy",
  "image_embedding": "Processed_embeddings/embeddings/image/51---A-34-Year-Old-HIV-Positive-Woman-from-Malawi-W_2022_Clinical-Cases-in-T_images.npy",
  "chunks": [
    {
      "id": 0,
      "text": "# page 1 5 1 a 3 4 - year - old hiv - positive woman from malawi with slowly progressive half - sided weakness juri katchanov clinical presentation history a 3 4 - year - old malawian woman presents to a neurology out - patient clinic in malawi with slowly progressive weakness of the left arm and leg. her problems started approximately 3 months earlier when she first noticed a",
      "type": "text"
    },
    {
      "id": 1,
      "text": "started approximately 3 months earlier when she first noticed a limp in her left leg. the weakness progressed, and over the following weeks she also realized that her left arm was becoming affected. the patient is a poor historian and often has difficulty describing the onset and timing of sequential events, but from her story it appears likely that the problems started insidiously and have been slowly progressing",
      "type": "text"
    },
    {
      "id": 2,
      "text": "problems started insidiously and have been slowly progressing since. she denies any head trauma, headache, recent episodes of fever, nausea, visual impairment or loss of weight. the review of systems is unremarkable. the patient was diagnosed with smear - positive pulmo - nary tuberculosis 5 months earlier. at that time, she was also found to be hiv - reactive with a baseline",
      "type": "text"
    },
    {
      "id": 3,
      "text": "also found to be hiv - reactive with a baseline cd 4 count of 5 4 μl. she was started on antituberculous therapy, vitamin b 6, antiretroviral therapy and co - trimoxazole prophylaxis, all of which she is currently taking. the patient works as a street vendor selling mobile phone vouchers. despite her left - sided",
      "type": "text"
    },
    {
      "id": 4,
      "text": "selling mobile phone vouchers. despite her left - sided weakness she is still able to work sitting on a plastic chair and managing her vouchers and money with her right hand. she is divorced and does not have any children. she lives in an urban high - density area. clinical findings she is afebrile and her vital signs and general examination are normal apart from slightly pale conjunctiv",
      "type": "text"
    },
    {
      "id": 5,
      "text": "are normal apart from slightly pale conjunctivae. on fundo - scopy her fundi are normal without any signs of papilloe - dema or retinitis. the neurological examination reveals a spastic hemipar - esis on the left with hyperreflexia. the power in the left leg is 2 5 active movement with gravity eliminated and in her left arm 3 5 active movement",
      "type": "text"
    },
    {
      "id": 6,
      "text": "eliminated and in her left arm 3 5 active movement against gravity. there is a pronator drift on the left fig. 5 1. 1 indicating proximal weakness. sensation of pain is reduced in her left leg and hand. the examination of her cranial nerves is normal. laboratory results full blood count : wbc 3. l reference range : 4 - 1 0, haemoglo",
      "type": "text"
    },
    {
      "id": 7,
      "text": "range : 4 - 1 0, haemoglobin 9. 9 g dl 1 2 - 1 4, platelets 0 9 l 1 5 0 - 3 5 0. questions 1. what is your differential diagnosis? 2. what is your diagnostic approach in a resource - limited setting? discussion a 3 4 - year - old hiv - positive woman from malawi presents with a 3 -",
      "type": "text"
    },
    {
      "id": 8,
      "text": "- positive woman from malawi presents with a 3 - month history of progressive left - sided weakness of insidious onset. she was diagnosed with pulmonary • fig. 5 1. 1 pronator drift on the left side as a sign of left upper limb weak - ness. the patient was asked to stretch out both arms and close her eyes. 1 4 1 # page 2 tuberculosis tb and hiv",
      "type": "text"
    },
    {
      "id": 9,
      "text": "1 4 1 # page 2 tuberculosis tb and hiv 5 months before her presenta - tion. she is on antiretroviral therapy art, co - trimoxazole prophylaxis and on antituberculous medication. on exami - nation, there is a spastic hemiparesis on the left side with sen - sory involvement. answer to question 1 what",
      "type": "text"
    },
    {
      "id": 10,
      "text": "sen - sory involvement. answer to question 1 what is your differential diagnosis? the combination of spastic hemiparesis with hyperreflexia and sensory impairment affecting one half of the body local - izes the lesion to her brain. the onset appears subactute and the progression is slow. this makes ischaemic and haemor - rhagic lesions ‘ strokes ’",
      "type": "text"
    },
    {
      "id": 11,
      "text": "- rhagic lesions ‘ strokes ’ unlikely causes because they present hyper - acutely and usually do not progress. most likely the patient has one or several focal brain lesions. the differential diagnosis of focal brain lesions fbls in hiv - infected individuals in tropical countries is broad. patients may suffer from hiv - related brain diseases such as cerebral toxoplasmosis,",
      "type": "text"
    },
    {
      "id": 12,
      "text": "brain diseases such as cerebral toxoplasmosis, progressive multifocal leukoence - phalopathy, cns lymphoma, cryptococcoma and cmv encephalitis. mycobacterium tuberculosis infection of the brain parenchyma can present as tuberculoma or tuberculous abscess. furthermore, hiv - positive individuals may suffer from conditions primarily unrelated to their hiv infection such as",
      "type": "text"
    },
    {
      "id": 13,
      "text": "from conditions primarily unrelated to their hiv infection such as a brain tumour, brain metastases or a cerebral abscess. endemic ‘ tropical ’ diseases such as neurocysticercosis, neuroschistosomiasis or, in latin america, chagas ’ disease, can also present with focal brain lesions and should be considered according to the local epidemiological pattern.",
      "type": "text"
    },
    {
      "id": 14,
      "text": "be considered according to the local epidemiological pattern. in this particular case, the patient developed a focal brain lesion 2 months after starting art. central nervous system disorders are common after art initiation. it is thought that the recovering immune system may ‘ unmask ’ or ‘ paradoxi - cally deteriorate ’ pre - existing cns infections. this phenom - enon",
      "type": "text"
    },
    {
      "id": 15,
      "text": "- existing cns infections. this phenom - enon is called immune reconstitution inflammatory syndrome iris and, depending on the type, is termed ‘ unmasking ’ or ‘ paradoxical ’ iris. tuberculoma, progressive multifocal leukoencephalopa - thy pml and cryptococcoma have been well documented in the context of iris. toxoplasmo",
      "type": "text"
    },
    {
      "id": 16,
      "text": "documented in the context of iris. toxoplasmosis has been described after art initiation, even in patients on co - trimoxazole prophylaxis. of note, our patient was diagnosed with tb at the time of art initiation and cns tuberculosis can deteriorate after art introduction as well as after commencement of tb treatment. answer to question 2 what is your diagnostic approach in",
      "type": "text"
    },
    {
      "id": 17,
      "text": "answer to question 2 what is your diagnostic approach in a resource - limited setting? the diagnostic work - up of fbls in a resource - limited setting primarily depends on the availability of investiga - tions. it often remains mainly clinical, guided by epidemio - logical evidence and by the degree of immunosuppression in hiv - positive patients. clinicians may often find them - selves restricted to",
      "type": "text"
    },
    {
      "id": 18,
      "text": ". clinicians may often find them - selves restricted to the pragmatic approach of ‘ treating the treatable ’. if the patient is hiv - positive, a cd 4 count should be per - formed. some fbls are very unlikely if the cd 4 count is above 2 0 0 μl, e. g. cryptococcoma or cerebral toxoplasmosis. cerebral",
      "type": "text"
    },
    {
      "id": 19,
      "text": "coccoma or cerebral toxoplasmosis. cerebral tb can occur at any cd 4 count. pml mostly man - ifests in patients with advanced immunosuppression but has also been described in patients with higher cd 4 counts. serum antitoxoplasma igg and cryptococcal antigen crag are helpful, but may not be routinely available. negative antitoxoplasma",
      "type": "text"
    },
    {
      "id": 20,
      "text": "be routinely available. negative antitoxoplasma serology makes toxoplasmosis a very unlikely diagnosis, whereas a positive serological result documents past contact with the pathogen but fails to prove its relevance for the current illness. sensitivity of csf examination in fbl is low, and both cryptococcoma and tuberculoma may present with a normal csf. however, if",
      "type": "text"
    },
    {
      "id": 21,
      "text": "present with a normal csf. however, if xpert mtb rif or ziehl - neelsen stain, crag, india ink or fungal cultures are available, these tests should be done and might help establish the diagnosis. chest radiography and abdominal ultrasound are useful because they may reveal tuberculous lesions, metastases or a primary neoplasm. cerebral imaging plays an",
      "type": "text"
    },
    {
      "id": 22,
      "text": "a primary neoplasm. cerebral imaging plays an important role in diagnosing fbls ; however, availability is extremely limited in resource - constrained settings. ct may at times produce non - specific results confirming the clinical diagnosis of an fbl but failing to assist the clinician in narrowing down the spectrum of differential diagnoses. mri is more informa - tive ; however, it",
      "type": "text"
    },
    {
      "id": 23,
      "text": "is more informa - tive ; however, it is practically unavailable as a routine inves - tigation in tropical low - and middle - income settings. cystic lesions on ct are indicative of neurocysticercosis. cerebral oedema with mass effect and contrast enhancement would favour cerebral abscess, tuberculoma, toxoplasmosis and cns lymphoma, whereas pml",
      "type": "text"
    },
    {
      "id": 24,
      "text": "oplasmosis and cns lymphoma, whereas pml classically shows no mass effect and no enhancement. meningeal enhancement is typical for tuberculosis. the case continued … routine csf examination was normal, india ink stain and fungal cultures were negative. the patient was started on empirical antitoxoplasmosis treatment with high - dose co - tri - moxazole. art and",
      "type": "text"
    },
    {
      "id": 25,
      "text": "- tri - moxazole. art and antituberculous treatment were contin - ued. prednisolone 1 mg kg bodyweight was added to cover for presumed iris. the patient was put on a waiting list for a cerebral mri scan, which was available thanks to a local research project. on 4 - week follow - up her clinical status was unchanged",
      "type": "text"
    },
    {
      "id": 26,
      "text": "- week follow - up her clinical status was unchanged. at 8 weeks there was further deterioration of power in her left hand. an mri of her head was done which showed multi - focal t 2 hyperintense lesions exclusively affecting the white matter and more prominent in the right hemisphere frontal and temporal lobes. furthermore, there was a small area of demyelination in the left",
      "type": "text"
    },
    {
      "id": 27,
      "text": "a small area of demyelination in the left cerebellar peduncle. these radiological findings were deemed strongly suggestive of pml. 1 4 2 chapter 5 1 a 3 4 - year - old hiv - positive woman from malawi with slowly progressive half - sided weakness # page 3 a presumed diagnosis of pml was made. the patient was referred to a local rehabilitation",
      "type": "text"
    },
    {
      "id": 28,
      "text": "made. the patient was referred to a local rehabilitation centre for walking aids. the local palliative care team was involved. summary box progressive multifocal leukoencephalopathy pml is caused by a reactivation of the human jc polyomavirus. jc stands for ‘ john cunningham ’, the first patient from whom the virus was isolated. jc polyomavirus",
      "type": "text"
    },
    {
      "id": 29,
      "text": "virus was isolated. jc polyomavirus is neurotropic, affecting oligodendrocytes. pml always occurs as a result of virus reactivation because of immunosuppression. primary infection usually takes place during childhood and the virus remains quiescent in the kidneys, bone marrow and lymphoid tissue. upon reactivation, a pro - ductive infection of brain",
      "type": "text"
    },
    {
      "id": 30,
      "text": "activation, a pro - ductive infection of brain oligodendrocytes results in demyelin - ation. the presenting symptoms include muscle weakness, sensory deficits, hemianopia, cognitive dysfunction, aphasia, and coordination and gait difficulties. on imaging, multiple lesions are located in the subcortical white matter and cerebellar peduncles.",
      "type": "text"
    },
    {
      "id": 31,
      "text": "white matter and cerebellar peduncles. the lesions look hypo - dense on ct fig. 5 1. 2 a, and hyperintense on t 2 - weighted mri fig. 5 1. 2 b. there is no mass effect or contrast enhancement. besides its importance as an opportunistic infection in advanced hiv infection, pml in recent years has increasingly been described",
      "type": "text"
    },
    {
      "id": 32,
      "text": ", pml in recent years has increasingly been described in other contexts of immunosuppression e. g. in transplant patients or patients treated with immune - modulatory drugs. the only treatment showing benefit in pml patients with hiv is art. prognosis before introduction of art was poor, and only 1 0 % of pml patients survived for 1 year. however, in the art",
      "type": "text"
    },
    {
      "id": 33,
      "text": "survived for 1 year. however, in the art era the 1 - year survival rate has increased dramatically to 5 0 %. pml occurring within the first months of art is often described as pml - immune reconstitution inflammatory syn - drome pml - iris. of note, pml - iris possibly accounts for nearly 2 5 % of all pml cases in hiv - positive patients.",
      "type": "text"
    },
    {
      "id": 34,
      "text": "all pml cases in hiv - positive patients. steroids might have a beneficial effect in the management of pml - iris. however, in a setting with high prevalence of hiv - associated opportunistic infections and tuberculosis, it is probably advisable to apply steroids only if other common cns infections are excluded or covered for. further reading 1. heckmann je, bhigjee ai.",
      "type": "text"
    },
    {
      "id": 35,
      "text": ". heckmann je, bhigjee ai. tropical neurology. in : farrar j, editor. manson ’ s tropical diseases. 2 3 rd ed. london : elsevier ; [ chapter 7 1 ]. 2. asselman v, thienemann f, pepper dj, et al. central nervous sys - tem disorders after starting antiretroviral therapy in south africa.",
      "type": "text"
    },
    {
      "id": 36,
      "text": "after starting antiretroviral therapy in south africa. aids ; 2 4 1 8 : 6. 3. grebenciucova e, berger jr. progressive multifocal leukoencepha - lopathy. neurol clin ; 3 6 4 : 7 3 9 - 5 0. 4. modi m, mochan a, modi g. management of hiv - associated focal brain",
      "type": "text"
    },
    {
      "id": 37,
      "text": "modi g. management of hiv - associated focal brain lesions in developing countries. qjm ; 9 7 7 : 4 1 3 - 2 1. • fig. 5 1. 2 a cranial ct scan showing a hypodense lesion in the subcortical white matter in the left occipital lobe. b cranial mri showing bilateral t 2 hyperintense to grey matter le",
      "type": "text"
    },
    {
      "id": 38,
      "text": "showing bilateral t 2 hyperintense to grey matter lesions in the subcortical white matter involving the so - called u - fibres resulting in a “ scalloped appearance ”. courtesy dr eberhard siebert, uni - versity medical center charitè, berlin, germany 1 4 3 chapter 5 1 a 3 4 - year - old hiv - positive woman from malawi with",
      "type": "text"
    },
    {
      "id": 39,
      "text": "year - old hiv - positive woman from malawi with slowly progressive half - sided weakness",
      "type": "text"
    }
  ],
  "images": [
    {
      "path": "Processed/images/51---A-34-Year-Old-HIV-Positive-Woman-from-Malawi-W_2022_Clinical-Cases-in-T/51---A-34-Year-Old-HIV-Positive-Woman-from-Malawi-W_2022_Clinical-Cases-in-T_p1_img1.jpeg",
      "type": "image"
    },
    {
      "path": "Processed/images/51---A-34-Year-Old-HIV-Positive-Woman-from-Malawi-W_2022_Clinical-Cases-in-T/51---A-34-Year-Old-HIV-Positive-Woman-from-Malawi-W_2022_Clinical-Cases-in-T_p3_img1.jpeg",
      "type": "image"
    },
    {
      "path": "Processed/images/51---A-34-Year-Old-HIV-Positive-Woman-from-Malawi-W_2022_Clinical-Cases-in-T/51---A-34-Year-Old-HIV-Positive-Woman-from-Malawi-W_2022_Clinical-Cases-in-T_p3_img2.jpeg",
      "type": "image"
    }
  ]
}