{
  "file": "52---A-56-Year-Old-Man-from-Peru-With-Prolonged-_2022_Clinical-Cases-in-Trop.md",
  "n_chunks": 31,
  "text_embedding": "Processed_embeddings/embeddings/text/52---A-56-Year-Old-Man-from-Peru-With-Prolonged-_2022_Clinical-Cases-in-Trop_text.npy",
  "image_embedding": "Processed_embeddings/embeddings/image/52---A-56-Year-Old-Man-from-Peru-With-Prolonged-_2022_Clinical-Cases-in-Trop_images.npy",
  "chunks": [
    {
      "id": 0,
      "text": "# page 1 5 2 a 5 6 - year - old man from peru with prolonged fever and severe anaemia ciro maguiña, carlos seas and frederique jacquerioz clinical presentation history a 5 6 - year - old male peruvian is admitted to a hospital in the capital, lima, with a 2 - week history of fever, jaundice and confusion. daily",
      "type": "text"
    },
    {
      "id": 1,
      "text": "of fever, jaundice and confusion. daily fever started 3 months after leaving a rural area in the highlands of northern peru altitude of m, where the patient spent 3 weeks on vacation. in the second week of illness the patient noticed dark urine and jaundice, and few days before admission his wife noticed confusion and som - nolence. while in the rural area, the patient",
      "type": "text"
    },
    {
      "id": 2,
      "text": "ence. while in the rural area, the patient and his wife were bitten at night by tiny mosquitoes ; no personal protection was used. otherwise there has been no animal contact. the past medical history is unremarkable. clinical findings his blood pressure is 9 0 / 6 0 mmhg, pulse 1 1 0 bpm and reg - ular, temperature 3 9. 2 ° c 1 0",
      "type": "text"
    },
    {
      "id": 3,
      "text": ", temperature 3 9. 2 ° c 1 0 2. 6 ° f, respiratory rate 2 2 breaths per minute. the patient appears confused and disor - ientated without any focal neurological findings or menin - geal signs gcs 1 4 1 5. skin and conjunctivae are markedly pale and there is scleral jaundice. cardiovascular",
      "type": "text"
    },
    {
      "id": 4,
      "text": "there is scleral jaundice. cardiovascular and pulmonary examination are normal. the liver is slightly enlarged but there is no splenomegaly. laboratory results creatinine, electrolytes and alkaline phosphatase are normal. his additional routine laboratory results are shown in table 5 2. 1. coomb ’ s test is negative. the csf results are normal",
      "type": "text"
    },
    {
      "id": 5,
      "text": "test is negative. the csf results are normal. further investigations a ct scan of the brain is normal. abdominal ultrasound reveals hepatomegaly, but no focal lesions. questions 1. what are your differential diagnoses? 2. how would you approach this patient? discussion a peruvian man presents with a history of prolonged fever, altered neurological status and evidence of haemolysis",
      "type": "text"
    },
    {
      "id": 6,
      "text": "altered neurological status and evidence of haemolysis after a stay in a rural area in the highlands of peru. answer to question 1 what are your differential diagnoses? the most important differential diagnoses in this patient are malaria and bartonellosis. plasmodium vivax is the only species of plasmodium prev - alent in the highland regions of peru.",
      "type": "text"
    },
    {
      "id": 7,
      "text": "- alent in the highland regions of peru. interestingly, the patient presents with several features of severe and compli - cated malaria, including severe anaemia, jaundice and impaired consciousness. however, p. vivax is not table 5 2. 1 blood results on admission parameter patient reference range wbc 1 0 9 l 1 4. 9 4 - 1 0",
      "type": "text"
    },
    {
      "id": 8,
      "text": "9 l 1 4. 9 4 - 1 0 neutrophils 1 0 9 l 1 3. 1 1. 8 - 7. 2 lymphocytes 1 0 9 l 0. 9 1. 5 - 4 band forms % 4 0 - 5 haemoglobin g dl 6 1 3 - 1 5 reticulocytes % 8 0. 5 - 1.",
      "type": "text"
    },
    {
      "id": 9,
      "text": "ytes % 8 0. 5 - 1. 5 platelets 1 0 9 l 5 0 - 3 5 0 ldh u l < 2 5 0 total bilirubin μmol l 2 3 9 < 1 9 direct bilirubin μmol l 1 0 3 < # page 2 commonly associated with severe malaria. bartonellosis is another important diagnosis to",
      "type": "text"
    },
    {
      "id": 10,
      "text": ". bartonellosis is another important diagnosis to consider given the recent travel history in the highlands of peru, where sandflies, the vectors of bartonellosis, are present. the patient also reported being bitten by tiny mosquitoes. less common infections to include in the differential diagnosis are rickett - sial diseases both endemic and epidemic typhus are present in peru,",
      "type": "text"
    },
    {
      "id": 11,
      "text": "and epidemic typhus are present in peru, leptospirosis, typhoid fever, brucellosis and several viral diseases, including viral hepatitis and yellow fever. however, none of them produces significant haemolysis and some are not endemic in the highlands yellow fever for instance. non - infectious causes of haemolysis should also be considered. answer to question 2",
      "type": "text"
    },
    {
      "id": 12,
      "text": "ysis should also be considered. answer to question 2 how would you approach this patient? the first step is to rule out malaria by performing a thick and thin smear or by using rapid diagnostic tests. based on the exposure history and the high suspicion of bartonellosis, a thin film should be performed to calculate the differential leukocyte count and to look for the presence of barton",
      "type": "text"
    },
    {
      "id": 13,
      "text": "te count and to look for the presence of bartonella bacilliformis in red blood cells. the case continued … the patient progressed to shock. he was transferred to the intensive care unit icu and required treatment with vaso - pressors. blood films were negative for malaria. however, the thin film revealed massive red blood cell infestation by pleo - morphic cocco",
      "type": "text"
    },
    {
      "id": 14,
      "text": "infestation by pleo - morphic cocco - bacillary structures compatible with b. bacil - liformis fig. 5 2. 1. blood cultures were negative, including cultures in special media for bartonella. the patient was started on a combination of intravenous ciprofloxacin and ceftriaxone for 1 0 days. altered mental status resolved",
      "type": "text"
    },
    {
      "id": 15,
      "text": "one for 1 0 days. altered mental status resolved after 3 days of antimicrobial treatment and fever subsided after 5 days. by day 4 the bacteria had disappeared from the blood smears. no further complications were observed during a 3 - month follow - up period. summary box bartonellosis - oroya fever and verruga peruana bartonellosis, caused by b",
      "type": "text"
    },
    {
      "id": 16,
      "text": "peruana bartonellosis, caused by b. bacilliformis, is a vector - borne dis - ease mainly found in the andean valleys of peru at an altitude between 5 0 0 and metres, although transmission may occur at higher altitudes and in jungle areas as well. colombia and ecuador have also reported sporadic cases. the disease is transmitted by female sandflies,",
      "type": "text"
    },
    {
      "id": 17,
      "text": ". the disease is transmitted by female sandflies, mostly lutzomyia verrucarum or l. peruensis, which characteristically bite indoors at nighttime. human beings are the only known reservoir. non - vectorial b. bacilliformis transmission from mother to child or through blood transfusions has been described but remains scarce. most infections are asymptom",
      "type": "text"
    },
    {
      "id": 18,
      "text": "but remains scarce. most infections are asymptomatic or oligosymptomatic. however, a minority of patients progress to severe disease ‘ oroya fever ’ after a mean incubation period of 3 to 8 weeks longer incubation periods up to 9 months have been observed. oroya fever is characterized by high fever, malaise, myalgias and severe ha",
      "type": "text"
    },
    {
      "id": 19,
      "text": ", malaise, myalgias and severe haemolytic anaemia with jaundice. complications during this acute phase include heart failure, as well as pericardial and pleural effusions. cns involvement, characterized by impaired consciousness, agitation and coma, occurs in approximately 2 0 % of patients and is associated with higher case fatality rates. secondary immuno",
      "type": "text"
    },
    {
      "id": 20,
      "text": "associated with higher case fatality rates. secondary immunosuppression may occur during this phase and patients may present with opportunistic infections similar to those seen in advanced hiv - infection, e. g. salmonellosis, toxoplas - mosis or pneumocystis jirovecii pneumonia. after acute oroya fever, within 1 to 2 months a chronic angioprolifer",
      "type": "text"
    },
    {
      "id": 21,
      "text": "within 1 to 2 months a chronic angioproliferative cutaneous stage ‘ verruga peruana ’ may occur in approximately 5 % of treated patients and in an unknown percentage of untreated individuals. occasionally, verruga per - uana is seen without noticeable acute - phase manifestations. it is mostly seen in children in endemic areas. skin lesions are usually small",
      "type": "text"
    },
    {
      "id": 22,
      "text": "in endemic areas. skin lesions are usually small 1 - 4 mm, red - violaceous, painless papules located on the face or the extremities, and can be single or multiple fig. 5 2. 2. nodular lesions can also be observed. the lesions resemble bacillary angiomatosis caused by b. quintana and b. hensel",
      "type": "text"
    },
    {
      "id": 23,
      "text": "by b. quintana and b. henselae. in the acute phase, diagnosis is made by proof of cocco - bacilli inside red blood cells. b. bacilliformis is a fastidious bacterium, and culture requires a specific medium incubated at 2 5 to 2 8 ° c for up to 2 weeks. recommended treatment of the acute phase includes ci",
      "type": "text"
    },
    {
      "id": 24,
      "text": "weeks. recommended treatment of the acute phase includes cipro - floxacin alone or combined with ceftriaxone in severe cases. these antimicrobials also cover for salmonella species, the commonest opportunistic infection observed in these patients. increased antibiotic resistance of both b. bacilliformis and • fig. 5 2. 1 thin smear showing massive infestation",
      "type": "text"
    },
    {
      "id": 25,
      "text": "5 2. 1 thin smear showing massive infestation of red blood cells with cocco - bacillary structures wright stain. • fig. 5 2. 2 multiple erythematous - violaceous papules of different sizes characteristic of the chronic phase verruga peruana. 1 4 5 chapter 5 2 a 5 6 - year - old man from peru with prolonged fever and severe an",
      "type": "text"
    },
    {
      "id": 26,
      "text": "old man from peru with prolonged fever and severe anaemia # page 3 concomitant opportunistic pathogens has been observed and should be sought in the absence of a clinical response. oral azithromycin is the drug of choice for verruga peruana. alterna - tively, ciprofloxacin can be used. note : oroya fever is",
      "type": "text"
    },
    {
      "id": 27,
      "text": "can be used. note : oroya fever is also named carrion ’ s disease after a famous peruvian medical student, daniel carrion, who in inoculated himself with fluid obtained of a wart from a patient with verruga peruana and developed acute bartonellosis oroya fever. he unfortunately died from the disease. however, his experiment demonstrated clearly that verru",
      "type": "text"
    },
    {
      "id": 28,
      "text": ". however, his experiment demonstrated clearly that verruga peruana and oroya fever were different clinical forms of the same infection. further reading 1. angelakis e, raoult d. bartonellosis, cat - scratch disease, trench fever, human ehrlichiosis. in : farrar j, editor. manson ’ s tropical diseases. 2 3 rd ed",
      "type": "text"
    },
    {
      "id": 29,
      "text": "’ s tropical diseases. 2 3 rd ed. london : elsevier ; [ chapter 3 0 ]. 2. gomes c, ruiz j. carrion ’ s disease : the sound of silence. clin microbiol rev ; 3 1 1. e 6 - 1 7. 3. maguina c, garcia pj, gotuzzo e, et al. barton",
      "type": "text"
    },
    {
      "id": 30,
      "text": ", gotuzzo e, et al. bartonellosis carrion ’ s disease in the modern era. clin infect dis ; 3 3 6 : 7 7 2 - 9. 1 4 6 chapter 5 2 a 5 6 - year - old man from peru with prolonged fever and severe anaemia",
      "type": "text"
    }
  ],
  "images": [
    {
      "path": "Processed/images/52---A-56-Year-Old-Man-from-Peru-With-Prolonged-_2022_Clinical-Cases-in-Trop/52---A-56-Year-Old-Man-from-Peru-With-Prolonged-_2022_Clinical-Cases-in-Trop_p2_img1.jpeg",
      "type": "image"
    },
    {
      "path": "Processed/images/52---A-56-Year-Old-Man-from-Peru-With-Prolonged-_2022_Clinical-Cases-in-Trop/52---A-56-Year-Old-Man-from-Peru-With-Prolonged-_2022_Clinical-Cases-in-Trop_p2_img2.jpeg",
      "type": "image"
    }
  ]
}