{
  "file": "53---A-24-Year-Old-Woman-from-Uganda-With-Fe_2022_Clinical-Cases-in-Tropical.md",
  "n_chunks": 28,
  "text_embedding": "Processed_embeddings/embeddings/text/53---A-24-Year-Old-Woman-from-Uganda-With-Fe_2022_Clinical-Cases-in-Tropical_text.npy",
  "image_embedding": "Processed_embeddings/embeddings/image/53---A-24-Year-Old-Woman-from-Uganda-With-Fe_2022_Clinical-Cases-in-Tropical_images.npy",
  "chunks": [
    {
      "id": 0,
      "text": "# page 1 5 3 a 2 4 - year - old woman from uganda with fever and shock benjamin jeffs clinical presentation history a 2 4 - year - old woman presents to a small hospital in rural uganda because of a 5 - day history of a febrile illness. apart from fever, the illness started with a sore throat and aching all over. she also developed some abdominal pain",
      "type": "text"
    },
    {
      "id": 1,
      "text": "aching all over. she also developed some abdominal pain and diar - rhoea. the patient has become increasingly unwell over the course of the past days. she is very weak and needs help to stand. her husband died of a severe febrile illness 6 days before she became ill. he had worked in a local gold mine and had previously been in good health. he had",
      "type": "text"
    },
    {
      "id": 2,
      "text": "and had previously been in good health. he had fallen ill about a week before his death. his wife had looked after him during his final illness and he had died at home. clinical findings the patient looks very unwell. her blood pressure is 8 5 / 6 5 mmhg, pulse rate 1 0 5 bpm, temperature 3 8 ° c 1 0 0. 4 ° f.",
      "type": "text"
    },
    {
      "id": 3,
      "text": "° c 1 0 0. 4 ° f. she has bilateral conjunctivitis. there is no rash and no lymphadenopathy. the heart sounds are normal and her chest is clear. her abdominal examination is normal. questions 1. what are your differential diagnoses? 2. how would you approach the patient and what tests would you do? discussion a young ugandan",
      "type": "text"
    },
    {
      "id": 4,
      "text": "what tests would you do? discussion a young ugandan woman presents to a rural hospital with a severe febrile illness. she is hypotensive and has bilateral con - junctivitis. her husband has recently died after a short febrile illness. answer to question 1 what are your differential diagnoses? the presentation is non - specific and a wide range of acute infectious diseases",
      "type": "text"
    },
    {
      "id": 5,
      "text": "- specific and a wide range of acute infectious diseases are possible. both malaria and typhoid fever present with non - specific symptoms and a septic picture, but neither would cause con - junctivitis. other causes of bacterial sepsis, including inva - sive meningococcal disease have to be considered. a severe viral infection with an adenovirus or influenza would be possible",
      "type": "text"
    },
    {
      "id": 6,
      "text": "with an adenovirus or influenza would be possible but the patient appears slightly too unwell for this. measles commonly presents with pronounced con - junctivitis, but at this stage one would see a rash. zika virus was discovered in uganda and presents with conjunctivitis, but usually is a mild viral illness and does not cause shock. the fact that the patient �",
      "type": "text"
    },
    {
      "id": 7,
      "text": "not cause shock. the fact that the patient ’ s husband has recently died of a similar severe febrile illness should raise the suspicion of a viral haemorrhagic fever vhf. marburg virus disease mvd has been associated with mines. answer to question 2 how would you approach the patient and what tests would you do? the patient should be treated with extreme caution because of",
      "type": "text"
    },
    {
      "id": 8,
      "text": "the patient should be treated with extreme caution because of the possibility of a viral haemorrhagic fever. nosocomial spread of these diseases can cause hospital outbreaks with a high case fatality rate. the patient should ideally be isolated in a side room. blood tests should be kept to a minimum to reduce the risk to laboratory staff. protective clothing, such as gloves and a surgical",
      "type": "text"
    },
    {
      "id": 9,
      "text": ". protective clothing, such as gloves and a surgical gown, are recommended during proce - dures. the risk of transmission of vhf viruses from a malaria slide is very low once the blood spot is dry ; therefore it would be reasonable to do a malaria slide or a rapid diag - nostic test. however, the prevalence of plasmodium falci - parum paras",
      "type": "text"
    },
    {
      "id": 10,
      "text": "of plasmodium falci - parum parasitaemia in uganda is high and a positive slide would not rule out vhf. 1 4 7 # page 2 to protect laboratory staff all biochemical and haemato - logical tests should be done using near - patient testing if possible. the public health authorities should be alerted to the pos - sibility of a case of",
      "type": "text"
    },
    {
      "id": 11,
      "text": "to the pos - sibility of a case of viral haemorrhagic fever. ideally testing for this should be organized, but samples are likely to need spe - cial shipping arrangements to be taken to a specialized laboratory. the case continued … a presumed diagnosis of marburg virus disease was made. the malaria slide showed a low level of parasitaemia with p. falci -",
      "type": "text"
    },
    {
      "id": 12,
      "text": "parasitaemia with p. falci - parum. a sample for marburg and ebola pcr was sent in a sealed plastic container. the patient was isolated in a side room and all patient contact was carried out while wearing gloves. she was treated with iv artesunate and then arte - mether lumefantrine. she was given empirical iv ceftri",
      "type": "text"
    },
    {
      "id": 13,
      "text": ". she was given empirical iv ceftriaxone to cover for possible sepsis and was resuscitated with iv fluids. over the next few days the patient remained very unwell, then she started to improve. once she had recovered, she was kept in isolation for an additional 2 days and was then allowed to return home. the day after her discharge a positive marburg virus pcr",
      "type": "text"
    },
    {
      "id": 14,
      "text": "day after her discharge a positive marburg virus pcr result came back. had this been known while she was in the hospital, stricter infection con - trol procedures, including double gloves, a mask, goggles and a disposable waterproof surgical gown, would have been appropriate. her family members, close friends and medical staff were interviewed ; anyone who had had physical contact with her, or her",
      "type": "text"
    },
    {
      "id": 15,
      "text": "who had had physical contact with her, or her body fluids, was told to monitor their temperature for 2 1 days from the time of contact which is the maximum incubation period for mhf. anyone who developed a fever or became unwell during this period was isolated. summary box filoviral diseases marburg virus disease mvd and ebola virus disease evd are both caused by fil",
      "type": "text"
    },
    {
      "id": 16,
      "text": "ebola virus disease evd are both caused by filoviruses. they are clinically virtually indistin - guishable and cause severe illnesses with a high case fatality rate. symptoms are non - specific, and patients may present with fever, sore throat, general body ache, retrosternal chest pain and abdominal symptoms. conjunctivitis is common. the most fre -",
      "type": "text"
    },
    {
      "id": 17,
      "text": "ctivitis is common. the most fre - quent cause of death is shock. less than half of those who die develop haemorrhages because of disseminated intravascular coagulation. because symptoms are non - specific and testing is difficult in most of africa, filoviral haemorrhagic fevers fhf are normally recognized only if a cluster of cases occurs. in particular",
      "type": "text"
    },
    {
      "id": 18,
      "text": "only if a cluster of cases occurs. in particular, an outbreak in an endemic area in which health workers die should raise the suspicion towards fhf. evd and mvd have both been detected over wide areas of sub - saharan africa. both are zoonoses of bats. many cases of mhf have been linked to entering or working in caves or mines, whereas cases of eh",
      "type": "text"
    },
    {
      "id": 19,
      "text": "working in caves or mines, whereas cases of ehf are associated with butchering and eating apes or monkeys. filoviruses can spread between people through direct physi - cal contact or contact with infected body fluids. large nosocomial outbreaks involving the death of large numbers of medical staff have been recorded. therefore strict infection control measures should be followed while caring for anyone with",
      "type": "text"
    },
    {
      "id": 20,
      "text": "control measures should be followed while caring for anyone with a suspected viral haemorrhagic fever. vaccines against mvd are under develop - ment but have not yet been tested on humans. the preferred method of testing for mvd is with pcr, antigen detection tests are less sensitive and specific. the treatment of mvd is supportive. treatments which have shown promise in evd, such as",
      "type": "text"
    },
    {
      "id": 21,
      "text": "which have shown promise in evd, such as antibody therapies e. g. zmapp or the antiviral drug favipiravir, have not been clinically tested in humans with mvd. further reading 1. blumberg l, enria d, bausch dg. viral haemorrhagic fevers. in : farrar j, editor. manson ’ s tropical",
      "type": "text"
    },
    {
      "id": 22,
      "text": "rar j, editor. manson ’ s tropical diseases. 2 3 rd ed. london : elsevier ; [ chapter 1 6 ]. 2. emanuel j, marzi a, feldmann h. filoviruses : ecology, molecular biology, and evolution. adv virus res ; 1 0 0 : 1 8 9 - 2 2 1 [ chap - ter 9 ]. 3. bauer mp",
      "type": "text"
    },
    {
      "id": 23,
      "text": "[ chap - ter 9 ]. 3. bauer mp, timen a, vossen actm, et al. marburg haemorrhagic fever in returning travellers : an overview aimed at clinicians. clin microbiol infect ; 2 1 : e 2 8 - e 3 1. 4. world health organization. clinical management of patients with viral haemorrhagic fever, a pocket",
      "type": "text"
    },
    {
      "id": 24,
      "text": "patients with viral haemorrhagic fever, a pocket guide for front - line health workers, isbn 8 nlm classification : wc 5 3 4. http : apps. who. int medicinedocs documents s 1 en s 1 en. pdf. cote d'ivoire gabon republic of the congo democratic republic of the congo angola zimbabwe kenya uganda sudan • fig. 5 3",
      "type": "text"
    },
    {
      "id": 25,
      "text": "angola zimbabwe kenya uganda sudan • fig. 5 3. 1 endemic areas for filoviruses. only filoviruses known to cause haemorrhagic fever are shown. countries where ebola and marburg haemorrhagic fevers have been seen are indicated in green and blue, respectively, with countries in red indicating documentation of both dis - eases. incidence and risk of disease may vary",
      "type": "text"
    },
    {
      "id": 26,
      "text": "eases. incidence and risk of disease may vary significantly within each country. filoviruses are likely to occur outside these countries but have not yet been recognised. reproduced from farrar, j., hotez, p., junghanss, t., et al.,. manson ’ s tropical diseases. farrar, j., ed. london : elsevier. fig. 1",
      "type": "text"
    },
    {
      "id": 27,
      "text": "ed. london : elsevier. fig. 1 6. 1. 1 4 8 chapter 5 3 a 2 4 - year - old woman from uganda with fever and shock",
      "type": "text"
    }
  ],
  "images": []
}