{
  "file": "54---A-52-Year-Old-Male-Safari-Tourist-Returning-fro_2022_Clinical-Cases-in-.md",
  "n_chunks": 28,
  "text_embedding": "Processed_embeddings/embeddings/text/54---A-52-Year-Old-Male-Safari-Tourist-Returning-fro_2022_Clinical-Cases-in-_text.npy",
  "image_embedding": "Processed_embeddings/embeddings/image/54---A-52-Year-Old-Male-Safari-Tourist-Returning-fro_2022_Clinical-Cases-in-_images.npy",
  "chunks": [
    {
      "id": 0,
      "text": "# page 1 5 4 a 5 2 - year - old male safari tourist returning from south africa with fever and a skin lesion camilla rothe clinical presentation history a 5 2 - year - old man presents to a tropical medicine clinic in germany with a fever for the past 2 days. he is also com - plaining of night sweats and a frontal headache. there are no joint pains",
      "type": "text"
    },
    {
      "id": 1,
      "text": "and a frontal headache. there are no joint pains and he has not noticed a rash. ten days ago, he returned from a 2 - week holiday trip to south africa. he visited cape town and travelled the gar - den route and through kwazulu - natal. he went on safari in kruger park and several other game reserves. he did not take any antimalarial chemo",
      "type": "text"
    },
    {
      "id": 2,
      "text": "he did not take any antimalarial chemoprophylaxis. his past medical history is unremarkable. clinical findings fair general condition. tympanic temperature 3 7. 5 ° c 9 9. 5 ° f after taking 1 g of paracetamol, pulse 8 0 bpm, blood pressure 1 3 0 7 0 mmhg. no jaundice ; neck supp",
      "type": "text"
    },
    {
      "id": 3,
      "text": "mmhg. no jaundice ; neck supple. enlarged lymph nodes in the left groin. you notice a small sticking plaster on the leftupperthigh ofthepatient. hetellsyouthathehasnotedaskinlesionthathe meant to show to a friend, who happens to be a surgeon, for advice. youaskthepatienttotake offthepla",
      "type": "text"
    },
    {
      "id": 4,
      "text": "advice. youaskthepatienttotake offtheplasterseefig. 5 4. 1. questions 1. what is the diagnosis? 2. how would you manage this patient? discussion a 5 2 - year - old german man presents with a short history of fever after a trip to south africa. on examination there is a small necrotic skin lesion on his upper thigh with",
      "type": "text"
    },
    {
      "id": 5,
      "text": "crotic skin lesion on his upper thigh with adjoining lymphangiitis and lymphadenitis. answer to question 1 what is the diagnosis? the skin lesion is a typical eschar. given the travel history, the clinical diagnosis is most likely african tick - bite fever. this rickettsial disease is a common cause of fever in safari tourists returning from southern",
      "type": "text"
    },
    {
      "id": 6,
      "text": "common cause of fever in safari tourists returning from southern africa. answer to question 2 how would you manage this patient? the patient has travelled to kwazulu - natal, which is a malaria - endemic region, and he has not taken any antimalar - ial chemoprophylaxis. in any febrile traveller returning from a malaria - endemic region, malaria has to",
      "type": "text"
    },
    {
      "id": 7,
      "text": "from a malaria - endemic region, malaria has to be ruled out, even if other diagnoses seem obvious. the diagnosis of african tick - bite fever is primarily clinical. • fig. 5 4. 1 small necrotic skin lesion about 0. 7 cm in diameter with surrounding inflammation and lymphangiitis on the left upper thigh of the patient. 1 4 9 # page",
      "type": "text"
    },
    {
      "id": 8,
      "text": "thigh of the patient. 1 4 9 # page 2 a pcr from the eschar scab may confirm the diagnosis. for confirmative serology, paired samples would have to be taken and may be more of academic value in this case. afri - can tick - bite fever is usually a mild, self - limiting disease. doxycycline can be given to speed up",
      "type": "text"
    },
    {
      "id": 9,
      "text": "doxycycline can be given to speed up recovery. the case continued … the malaria rapid diagnostic test, as well as thick and thin film for malaria, came back negative. the patient was pre - scribed doxycycline at 1 0 0 mg bid po for 1 week. the fever settled within the next few days and the lymphadenopathy subsided. the esch",
      "type": "text"
    },
    {
      "id": 10,
      "text": "lymphadenopathy subsided. the eschar eventually healed after about 2 weeks. summary box african tick - bite fever african tick - bite fever atbf is the second most common specific cause of fever after malaria in travellers returning from sub - saharan africa. it belongs to the spotted fever group of rickettsioses, a large group of infections, which are mainly transmitted by",
      "type": "text"
    },
    {
      "id": 11,
      "text": "large group of infections, which are mainly transmitted by ticks. an overview of rickettsial infections and their vectors is given in table 5 4. 1. atbf is caused by rickettsia africae and transmitted by cattle ticks of the genus amblyomma, which act both as reservoir and as vector. other reservoir hosts are wild and domestic animals, such as cattle",
      "type": "text"
    },
    {
      "id": 12,
      "text": "hosts are wild and domestic animals, such as cattle, buffalos, rhinos, and hippos. atbf is endemic in most of rural sub - saharan africa and in the west indies. atbf commonly occurs in game hunters, safari tourists, cross - country runners and campers in veld areas or grasslands. atbf is one of the most common causes of febrile presentations in",
      "type": "text"
    },
    {
      "id": 13,
      "text": "the most common causes of febrile presentations in international travellers to sub - saharan africa, and it is the most common rickettsial infection encountered in travel medicine. in contrast, fairly little is known about incidence and risk factors of atbf in local indigenous populations. the incubation period following the bite of an infected tick is about 6 to 1 0 days. patients develop fever and",
      "type": "text"
    },
    {
      "id": 14,
      "text": "6 to 1 0 days. patients develop fever and flu - like symptoms such as myalgias and headache. there may be a characteristic inoculation eschar at the site of the bite with local lymphade - nopathy. it may however take some time for the pathognomonic eschar to demarcate and early lesions may be non - specific erythe",
      "type": "text"
    },
    {
      "id": 15,
      "text": "early lesions may be non - specific erythematous papules, resembling mosquito bites. multiple inoculation eschars are not uncommon, because amblyomma ticks are known to aggressively attack their hosts. despite the fact that african tick - bite fever belongs to the group of ‘ spotted fevers ’, a rash is seen in less than half of cases",
      "type": "text"
    },
    {
      "id": 16,
      "text": "a rash is seen in less than half of cases. atbf is usually a mild illness and no deaths have been reported so far. however, neurological involvement has been described in atbf, including encephalopathy and peripheral neuropathy. also, retinitis and panuveitis have been described. diagnosis of atbf is usually made clinically, but in febrile individuals living",
      "type": "text"
    },
    {
      "id": 17,
      "text": "clinically, but in febrile individuals living in or returning from tropical areas malaria should still be ruled out. pcr from the eschar scab or even a skin swab is a non - invasive and sensitive way to confirm the diagnosis of acute infection. serodiagnosis remains the gold standard for spotted - fever group rickettsial infections using seroconversion and fourfold antibody titre",
      "type": "text"
    },
    {
      "id": 18,
      "text": "infections using seroconversion and fourfold antibody titre increases. its use in clinical decision - making is however limited because of poor sensitivity during acute infection antibodies are often not detectable within the first 1 0 - 1 4 days, the indirect nature of diagnostic evidence and cross - reaction with other rickettsiae. the immunofluorescence assay ifa is currently considered the gold",
      "type": "text"
    },
    {
      "id": 19,
      "text": "orescence assay ifa is currently considered the gold standard serological test. treatment may not be necessary in mild cases. doxycycline 1 0 0 mg bid po may be given for 3 to 7 days. in pregnant women and in children younger than 8 years of age, macrolides are an alternative. preventive measures include appropriate clothing, which should be impregnated with py",
      "type": "text"
    },
    {
      "id": 20,
      "text": "clothing, which should be impregnated with pyrethroids, and topical insect repellents applied to the skin. whether tetracyclines can be used as chemoprophylaxis against atbf is still a matter of dispute. table 5 4. 1 overview of rickettsial infections and their vectors tick - borne mite - borne louse - borne flea -",
      "type": "text"
    },
    {
      "id": 21,
      "text": "borne mite - borne louse - borne flea - borne synonyms spotted fevers scrub typhus, tsutsugamushi fever, japanese river fever epidemic typhus murine typhus, endemic typhus, shop typhus classification spotted fever sf group scrub typhus group typhus group typhus group pathogens many, e. g. r",
      "type": "text"
    },
    {
      "id": 22,
      "text": "group pathogens many, e. g. r. africae african tick bite fever r. conorii mediterranean sf r. rickettsii rocky mountain sf r. australis queensland tick typhus orientia tsutsugamushi o. sp. nov. chuto uae r. prowazekii r. typhi vector ticks trombiculid mites chigger m",
      "type": "text"
    },
    {
      "id": 23,
      "text": "vector ticks trombiculid mites chigger mites, jungle mites pediculus humanus corporis human body lice xenopsylla cheopis rat flea reservoir mammals rodents marsupials.... mites transovarian rodents humans rodents 1 5 0 chapter 5 4 a 5 2 - year - old male safari tourist returning from south africa with fever and a",
      "type": "text"
    },
    {
      "id": 24,
      "text": "safari tourist returning from south africa with fever and a skin lesion # page 3 further reading 1. paris dh, day npj. tropical rickettsial infections. in : farrar j, editor. manson ’ s tropical diseases. 2 3 rd ed. london : elsevier ; [ chapter 2 2 ]. 2. elden c, parole p. update on tick -",
      "type": "text"
    },
    {
      "id": 25,
      "text": "den c, parole p. update on tick - borne bacterial diseases in trav - elers. curr inf dis rep ; 2 0 1 7 : 1 - 9. 3. jensenii m, fournier pe, raoult d. rickettsioses and the interna - tional traveler. clin infect dis ; 3 9 1 0 : 9. 4.",
      "type": "text"
    },
    {
      "id": 26,
      "text": "; 3 9 1 0 : 9. 4. parole p, paddock cd, sokolowski c, et al. update on tick - borne rickettsioses around the world : a geographic approach. clin micro - biol rev ; 2 6 4 : 6 5 7 - 7 0 2. 5. paris dh, dumper jd. state of the art of",
      "type": "text"
    },
    {
      "id": 27,
      "text": ", dumper jd. state of the art of diagnosis of rickettsial diseases. curr opin infect dis ; 2 9 : 4 3 3 - 9. 1 5 1 chapter 5 4 a 5 2 - year - old male safari tourist returning from south africa with fever and a skin lesion",
      "type": "text"
    }
  ],
  "images": [
    {
      "path": "Processed/images/54---A-52-Year-Old-Male-Safari-Tourist-Returning-fro_2022_Clinical-Cases-in-/54---A-52-Year-Old-Male-Safari-Tourist-Returning-fro_2022_Clinical-Cases-in-_p1_img1.jpeg",
      "type": "image"
    }
  ]
}