{
  "file": "55---A-40-Year-Old-Male-Farmer-from-Peru-With-Ch_2022_Clinical-Cases-in-Trop.md",
  "n_chunks": 38,
  "text_embedding": "Processed_embeddings/embeddings/text/55---A-40-Year-Old-Male-Farmer-from-Peru-With-Ch_2022_Clinical-Cases-in-Trop_text.npy",
  "image_embedding": "Processed_embeddings/embeddings/image/55---A-40-Year-Old-Male-Farmer-from-Peru-With-Ch_2022_Clinical-Cases-in-Trop_images.npy",
  "chunks": [
    {
      "id": 0,
      "text": "# page 1 5 5 a 4 0 - year - old male farmer from peru with chronic cough and weight loss frederique jacquerioz and carlos seas clinical presentation history a 4 0 - year - old farmer from the peruvian amazon is referred to a hospital in the capital, lima, with a 4 - month history of chronic productive cough and chest pain. the patient reports dyspno",
      "type": "text"
    },
    {
      "id": 1,
      "text": "and chest pain. the patient reports dyspnoea on exertion and weight loss of about 2 0 kg. he denies diarrhoea, fever or night sweats. three and half months earlier, the patient was hospital - ized at a regional hospital in the peruvian amazon for similar complaints. during the hospitalization, three sputum smears for acid - fast bacilli afb were reported",
      "type": "text"
    },
    {
      "id": 2,
      "text": "ars for acid - fast bacilli afb were reported negative. no tuber - culin skin test was performed. the chest radiograph was described as abnormal but no report is available and the patient does not have the film. a diagnosis of pulmonary tuberculosis tb was made based on clinical presentation and abnormal chest radiographic findings. the patient received first line tb therapy consisting of isoniazid",
      "type": "text"
    },
    {
      "id": 3,
      "text": "first line tb therapy consisting of isoniazid, rifam - picin, pyrazinamide and ethambutol. in the following months, despite adherence to treatment, he showed no clinical improvement and reported persis - tence of productive cough with streaking of blood in the sputum. he was then referred to lima with a suspected diagnosis of multi - drug resistant",
      "type": "text"
    },
    {
      "id": 4,
      "text": "lima with a suspected diagnosis of multi - drug resistant tb mdr tb for further work - up. the patient had been found to be htlv - 1 - positive 1 0 years previously. a recent hiv elisa test was negative. the patient denies recent travels. clinical findings a 4 0 - year - old man appears fatigued and cachectic. temper - ature 3 7. 2",
      "type": "text"
    },
    {
      "id": 5,
      "text": "chectic. temper - ature 3 7. 2 ° c 9 8. 9 6 ° f, blood pressure 1 2 0 7 5 mmhg, pulse 7 0 bpm regular, respiratory rate 1 5 breaths per minute. on inspection, few cervical and retroauricular lymph nodes are palpable, which are small, mobile, soft and non - tender. lungs : crack",
      "type": "text"
    },
    {
      "id": 6,
      "text": ", soft and non - tender. lungs : crackles and rhonchi bilaterally. no hepatosplenomegaly. the rest of the physical examina - tion is normal. laboratory results platelets : 1 0 9 l reference range : 1 5 0 - 4 5 0 ; the rest of the full blood count is within normal limits. questions 1. what are your differential",
      "type": "text"
    },
    {
      "id": 7,
      "text": "normal limits. questions 1. what are your differential diagnoses? 2. how would you approach this patient? discussion a male farmer from the peruvian amazon presents with a his - tory of chronic cough and weight loss. after 3 months of tb treatment for a presumptive diagnosis of pulmonary tubercu - losis, he shows no clinical improvement. the patient is cachec - tic",
      "type": "text"
    },
    {
      "id": 8,
      "text": "improvement. the patient is cachec - tic with cervical lymphadenopathy and abnormal pulmonary auscultation. laboratory investigations show thrombocytosis. answer to question 1 what are your differential diagnoses? the most important differential diagnoses in the given set - ting are mdr tb, histoplasmosis and paracoccidioidomyco - sis. tb is",
      "type": "text"
    },
    {
      "id": 9,
      "text": "occidioidomyco - sis. tb is highly endemic in peru and mdr tb is an increasing issue. tb and mdr tb almost always need to be considered when clinical symptoms and evolution, as in this case, are suggestive of the disease. what would be unusual about this patient is his origin from a rural area in the central peruvian amazon where mdr tb is still",
      "type": "text"
    },
    {
      "id": 10,
      "text": "the central peruvian amazon where mdr tb is still uncom - mon in comparison with underprivileged districts of lima and other big cities of peru. histoplasmosis can present with recurrent or progressive pulmonary symptoms that can mimic tb. however, his presentation would suggest a chronic form that is more often seen in individuals with preexisting chronic obstructive pulmonary disease, which this patient does",
      "type": "text"
    },
    {
      "id": 11,
      "text": "chronic obstructive pulmonary disease, which this patient does not have. the patient ’ s age, gender, occupation, origin and clinical symp - toms with a pulmonary focus are all typical of the chronic form of paracoccidioidomycosis and make this diagnosis the most likely of the three. co - infection of tb non - mdr 1 5 2 # page 2",
      "type": "text"
    },
    {
      "id": 12,
      "text": "non - mdr 1 5 2 # page 2 and paracoccidioidomycosis are not uncommon and should also be kept in mind as a possible differential. parasitic infec - tions such as paragonimiasis or pulmonary hydatid cyst are also possible diagnoses, though less common. imaging chest radiography and ct scan will help identifying the typical le",
      "type": "text"
    },
    {
      "id": 13,
      "text": "graphy and ct scan will help identifying the typical lesions of these infections. answer to question 2 how would you approach this patient? the first step in this patient is to evaluate him for mdr tb. initial investigations should include chest radiography the patient should also be asked to bring the initial chest x - ray and report for comparison, tuberculin skin test ppd and repeated afb",
      "type": "text"
    },
    {
      "id": 14,
      "text": "tuberculin skin test ppd and repeated afb sputum smears and sputum - pcr xpert mtb rif for m. tuberculosis. mycobacterial culture should complete the evaluation and, if positive, culture - based drug sensitivity testing should be added. locally endemic fungal infections e. g. histoplasmosis and paracoccidioidomycosis should be evaluated",
      "type": "text"
    },
    {
      "id": 15,
      "text": "occidioidomycosis should be evaluated by direct examination of sputum with wet mount potassium hydroxide koh preparation and cultures. depending on chest radiographic findings, local availability and costs, a ct scan of the chest could be con - sidered as well as bronchoscopy with biopsy if less invasive diagnostic evaluation is unrevealing. the thrombocytosis should be confirmed on",
      "type": "text"
    },
    {
      "id": 16,
      "text": "revealing. the thrombocytosis should be confirmed on a smear. the case continued … the tuberculin skin test was negative as were two afb smears. the chest x - ray showed bilateral confluent reticulonodular infiltrates and multiple cavities in the right lung fig. 5 5. 1. • fig. 5 5. 1 chest radiograph showing bilateral confluent",
      "type": "text"
    },
    {
      "id": 17,
      "text": "5. 1 chest radiograph showing bilateral confluent reticulonodular infiltrates predominantly in the central and upper zones of both lungs. cavities are seen in the right lung. there is no hilar lymphadenopathy. • fig. 5 5. 2 large budding yeast range : 8 - 4 0 μm with multiple sur - rounding smaller buds around",
      "type": "text"
    },
    {
      "id": 18,
      "text": "�m with multiple sur - rounding smaller buds around arrows seen on koh preparation of the patient ’ s sputum. table 5 5. 1 differences between the main clinical forms of paracoccidioidomycosis paracoccidioidomycosis chronic adult form acute juvenile form epidemiology > 9 0 % of cases < 1 0 % of cases infected population men > 3",
      "type": "text"
    },
    {
      "id": 19,
      "text": "1 0 % of cases infected population men > 3 0 years old male : female ratio 1 4 : 1 children and young adults, both sexes hiv patients rare clinical characteristics chronic slow progression reactivation years after initial exposure lung always dissemination to liver and lymph nodes can occur mucocutaneous lesions 7 0 % face, nasal and oral cavity acute or sub - acute rapidly progressive",
      "type": "text"
    },
    {
      "id": 20,
      "text": "and oral cavity acute or sub - acute rapidly progressive develops after recent exposure systemic disease of reticuloendothelial system with dissemination from lung to liver, spleen, lymph nodes and bone marrow mucosal lesions rarely hiv patients : similar plus cutaneous lesions and severe pulmonary involvement differential diagnoses mimics other chronic fungal infections and pulmonary tb mimics leukaemia",
      "type": "text"
    },
    {
      "id": 21,
      "text": "fungal infections and pulmonary tb mimics leukaemia, lymphoma, severe disseminated tb treatment azoles itraconazole co - trimoxazole azoles itraconazole amphotericin b hiv or severe disease 1 5 3 chapter 5 5 a 4 0 - year - old male farmer from peru with chronic cough and weight loss # page 3 examination of",
      "type": "text"
    },
    {
      "id": 22,
      "text": "chronic cough and weight loss # page 3 examination of his sputum koh preparation revealed the characteristic yeast forms of paracoccidioides brasiliensis fig. 5 5. 2. culture grew p. brasiliensis. a diagnosis of chronic adult paracoccidioidomycosis was made. the thrombocytosis was considered reactive to the underlying chronic infection. given the",
      "type": "text"
    },
    {
      "id": 23,
      "text": "considered reactive to the underlying chronic infection. given the extensive pulmonary lesions and htlv - 1 co - infection, the patient was started on amphotericin b followed by itraconazole as opposed to itra - conazole alone. tb treatment was discontinued. our patient was htlv - 1 positive. his symptoms were confined to the lungs as in the",
      "type": "text"
    },
    {
      "id": 24,
      "text": "his symptoms were confined to the lungs as in the chronic adult form of paracoc - cidioidomycosis see summary box, but his pulmonary lesions were unusually extensive. his long - term prognosis depends on the extent of pulmonary fibrotic sequelae. summary box paracoccidioidomycosis paracoccidioidomycosis is a systemic fungal",
      "type": "text"
    },
    {
      "id": 25,
      "text": "occidioidomycosis is a systemic fungal infection endemic only to the moist tropical regions of latin america. the infection is caused by the thermally dimorphic fungus paracoccidioides brasiliensis, which grows as mould in the environment and as yeast in tissue and at 3 7 ° c. humans are infected through the inhalation of aerosolized conidia",
      "type": "text"
    },
    {
      "id": 26,
      "text": "through the inhalation of aerosolized conidia spores from the soil. in endemic areas, initial exposure occurs in childhood and the majority of primary infections remain asymptomatic or subclinical. in those who develop disease, two main clinical forms are observed table 5 5. 1. the chronic adult form is characterized by pulmo - nary symptoms that slowly develop over months",
      "type": "text"
    },
    {
      "id": 27,
      "text": "mo - nary symptoms that slowly develop over months, typically in middle - aged men living in rural endemic areas, which are often accompanied by mucosal lesions. women of fertile age are rarely affected, probably because of a protective effect of oestradiol preventing the transformation of the fungus into the yeast stage. the acute juvenile form is seen in children and young adults of both",
      "type": "text"
    },
    {
      "id": 28,
      "text": "form is seen in children and young adults of both sexes and presents as an acute systemic disease of the reticuloendothelial system. adult patients with advanced hiv infection present a more aggressive acute disease similar to the juvenile acute form with extensive pulmonary involvement. diagnosis is confirmed by visualization of p. brasiliensis yeast form on wet preparation of specimen and or isolation in fungal culture",
      "type": "text"
    },
    {
      "id": 29,
      "text": "wet preparation of specimen and or isolation in fungal culture. the identification of p. brasiliensis is more difficult in sputum than in skin lesions or material from lymph nodes. the yeast is easily observed on koh preparation but its isolation in culture is difficult and takes 2 0 to 3 0 days. serological testing is useful for antibody detection and diagnosis, assessing disease severity",
      "type": "text"
    },
    {
      "id": 30,
      "text": "for antibody detection and diagnosis, assessing disease severity and monitoring treatment response. molecular methods could be used instead of culture to confirm the diagnosis but are not yet widely available in resource - limited endemic areas. treatment includes azoles for mild and moderate cases. itraconazole 2 0 0 mg day for 1 2 months is considered the drug of choice. voriconazole and co",
      "type": "text"
    },
    {
      "id": 31,
      "text": "drug of choice. voriconazole and co - trimoxazole are alternatives ; the latter is commonly used in brazil. amphotericin b cumulative dose of 1 - 2 g is indicated for severe and extensive disease. however, the drug is not curative and should be followed by an azole or co - trimoxazole to complete 1 2 months",
      "type": "text"
    },
    {
      "id": 32,
      "text": "trimoxazole to complete 1 2 months ’ treatment. cure is determined based upon four criteria : clinical i. e. absence of symptoms, mycological i. e. negative testing, radiological i. e. stability of lung lesions on x - ray for 1 year and immunological i. e. decrease of specific antibodies. recently case reports of severe and",
      "type": "text"
    },
    {
      "id": 33,
      "text": "specific antibodies. recently case reports of severe and unusual extrapulmonary manifestations of paracoccidioidomycosis have been described in htlv - 1 infected patients and the two conditions might be associated. further reading 1. hay rj. fungal infections. in : farrar j, editor. manson ’ s tropical diseases. 2 3 rd ed. london : elsevier ;",
      "type": "text"
    },
    {
      "id": 34,
      "text": "2 3 rd ed. london : elsevier ; [ chapter 3 8 ]. 2. morejon km, machado aa, martinez r. paracoccidioidomycosis in patients infected with and not infected with human immunode - ficiency virus : a case - control study. am j trop med hyg ; 8 0 3 : 3 5 9 - 6 6. 3",
      "type": "text"
    },
    {
      "id": 35,
      "text": "3 : 3 5 9 - 6 6. 3. león m, alave j, bustamante b, et al. human t lymphotropic virus 1 and paracoccidioidomycosis : a probable association in latin america. clin infect dis ; 5 1 2 : 2 5 0 - 1. 4. mendes rp, cavalcante rs,",
      "type": "text"
    },
    {
      "id": 36,
      "text": "4. mendes rp, cavalcante rs, marques sa, et al. paracoccidioidomy - cosis : current perspectives from brazil. open microbiol j ; 1 1 : 2 2 4 - 8 2. 5. quieroz - tellez f, fahal ah, falci dr, et al. neglected endemic mycoses. lancet infe",
      "type": "text"
    },
    {
      "id": 37,
      "text": "al. neglected endemic mycoses. lancet infect dis ; 1 7 : e 3 6 7 - 7 7. 1 5 4 chapter 5 5 a 4 0 - year - old male farmer from peru with chronic cough and weight loss",
      "type": "text"
    }
  ],
  "images": [
    {
      "path": "Processed/images/55---A-40-Year-Old-Male-Farmer-from-Peru-With-Ch_2022_Clinical-Cases-in-Trop/55---A-40-Year-Old-Male-Farmer-from-Peru-With-Ch_2022_Clinical-Cases-in-Trop_p2_img1.jpeg",
      "type": "image"
    },
    {
      "path": "Processed/images/55---A-40-Year-Old-Male-Farmer-from-Peru-With-Ch_2022_Clinical-Cases-in-Trop/55---A-40-Year-Old-Male-Farmer-from-Peru-With-Ch_2022_Clinical-Cases-in-Trop_p2_img2.jpeg",
      "type": "image"
    }
  ]
}