{
  "file": "56---A-21-Year-Old-Pregnant-Woman-from-The-Ga_2022_Clinical-Cases-in-Tropica.md",
  "n_chunks": 22,
  "text_embedding": "Processed_embeddings/embeddings/text/56---A-21-Year-Old-Pregnant-Woman-from-The-Ga_2022_Clinical-Cases-in-Tropica_text.npy",
  "image_embedding": "Processed_embeddings/embeddings/image/56---A-21-Year-Old-Pregnant-Woman-from-The-Ga_2022_Clinical-Cases-in-Tropica_images.npy",
  "chunks": [
    {
      "id": 0,
      "text": "# page 1 5 6 a 2 1 - year - old pregnant woman from the gambia with a rash david c. w. mabey clinical presentation history a 2 1 - year - old woman comes to your clinic in the gambia complaining of a generalized, non - itchy rash that she has had for 5 days. she is otherwise well and has no significant past medical history. she is",
      "type": "text"
    },
    {
      "id": 1,
      "text": "and has no significant past medical history. she is 3 2 weeks pregnant. this is her first pregnancy. clinical findings she has a generalized rash fig. 5 6. 1. her mouth is normal, and there is no lymphadenopathy. she is not anaemic or jaundiced, and general examination is unremarkable. questions 1. what is the most",
      "type": "text"
    },
    {
      "id": 2,
      "text": "unremarkable. questions 1. what is the most likely diagnosis, and how might this affect the outcome of her pregnancy? 2. how would you manage the patient? discussion a 2 1 - year - old pregnant gambian woman presents because of a generalized macular rash involving the palms of both hands. the rash is non - itchy and she is otherwise fine. answer to question 1",
      "type": "text"
    },
    {
      "id": 3,
      "text": "and she is otherwise fine. answer to question 1 what is the most likely diagnosis, and how might this affect the outcome of her pregnancy? a generalized, non - itchy rash affecting the palms of the hands is syphilis until proven otherwise. syphilis in preg - nancy has a serious influence on pregnancy outcome. a study in tanzania showed that, among women with lat",
      "type": "text"
    },
    {
      "id": 4,
      "text": "study in tanzania showed that, among women with latent syphilis and a rapid plasma reagin rpr titre of 1 : 8, 2 5 % delivered a stillborn baby, and 3 3 % a low - birth - weight baby. the baby may be born with signs of congenital syphilis, including a generalized bullous rash, jaundice and",
      "type": "text"
    },
    {
      "id": 5,
      "text": "generalized bullous rash, jaundice and hepatos - plenomegaly. in this case the prognosis is bad, with a 5 0 % case fatality rate even with treatment. alternatively, the baby may appear normal at birth, and present at the age of 3 to 4 months with failure to thrive and signs of congen - ital syphilis,",
      "type": "text"
    },
    {
      "id": 6,
      "text": "signs of congen - ital syphilis, usually including a generalized rash which affects the palms of the hands and soles of the feet fig. 5 6. 2. other common signs include hepatosplenome - galy, painful periostitis involving the long bones, and a per - sistent nasal discharge, which may be bloodstained the ‘ syphilitic",
      "type": "text"
    },
    {
      "id": 7,
      "text": "may be bloodstained the ‘ syphilitic snuffles ’. answer to question 2 how would you manage the patient? intramuscular benzathine penicillin is the treatment of choice for syphilis. a single dose of 2. 4 million units i. m. is recommended for primary, secondary and early latent syphilis of less than two years �",
      "type": "text"
    },
    {
      "id": 8,
      "text": "ent syphilis of less than two years ’ duration. a single dose, given before 2 8 weeks ’ gestation, has been shown to prevent adverse outcomes resulting from syphilis. because this patient has not been treated before 2 8 weeks, her infant should receive a course of treatment for congenital syphilis im procaine penicillin 0 units kg daily for",
      "type": "text"
    },
    {
      "id": 9,
      "text": "procaine penicillin 0 units kg daily for 1 0 - 1 4 days • fig. 5 6. 1 generalized, non - itchy macular rash in a pregnant gambian woman. 1 5 5 # page 2 the case continued … the patient was treated with a single im dose of benzathine penicillin and she made an uneventful recovery. she deliv",
      "type": "text"
    },
    {
      "id": 10,
      "text": "made an uneventful recovery. she deliv - ered a normal infant at term. summary box syphilis in pregnancy primary syphilis causes an ulcer or chancre, at the site of inoc - ulation, which is usually painless. women are often unaware of the lesion, because it may be on the cervix or vaginal wall. the sec -",
      "type": "text"
    },
    {
      "id": 11,
      "text": "cervix or vaginal wall. the sec - ondary stage usually occurs 6 to 8 weeks later, causing a gen - eralized rash that often affects the palms of the hands, and usually does not itch. there may be other manifestations, including jaundice or ocular involvement uveitis. the clinical signs resolve over a few weeks in the absence of treatment, after",
      "type": "text"
    },
    {
      "id": 12,
      "text": "a few weeks in the absence of treatment, after which the patient enters the latent stage. a small minority develop tertiary lesions involving the cardiovascular or nervous system many years later. progression may be more rapid in hiv - positive patients. women with secondary syphilis, who have a disseminated infection, are most likely to infect their foetus, but the infection can",
      "type": "text"
    },
    {
      "id": 13,
      "text": "ct their foetus, but the infection can cross the placenta in pregnant women with latent syphilis. according to current who estimates, syphilis in pregnancy causes 3 5 5, 0 0 0 adverse pregnancy outcomes per year, includ - ing 1 4 3, 0 0 0 early foetal deaths and stillbirths and 6 1, 0 0 0 neonatal deaths",
      "type": "text"
    },
    {
      "id": 14,
      "text": "s and 6 1, 0 0 0 neonatal deaths. these could be prevented if all pregnant women were screened for syphilis, and treated with a single dose of penicillin if they test positive, before 2 8 weeks ’ gestation. serological tests for syphilis are either treponemal e. g. tpha, tppa, or non - tre",
      "type": "text"
    },
    {
      "id": 15,
      "text": "tpha, tppa, or non - treponemal e. g. rpr or vdrl. treponemal tests remain positive for life, whereas non - treponemal tests usually revert to negative after successful treatment, and can therefore be used as a test of cure. they may give false - positive results because of other infections e. g.",
      "type": "text"
    },
    {
      "id": 16,
      "text": "positive results because of other infections e. g. malaria, or autoimmune dis - eases. until recently it has not been possible to screen women attending antenatal clinics that do not have access to a labora - tory. however, sensitive and specific treponemal point - of - care tests are now available at an affordable price <$ 1 which can give a result in 1",
      "type": "text"
    },
    {
      "id": 17,
      "text": "<$ 1 which can give a result in 1 5 minutes and require neither electricity nor laboratory equipment. further reading 1. richens j, mayaud p, mabey dcw. sexually transmitted infec - tions excluding hiv. in : farrar j, editor. manson ’ s tropical diseases. 2 3 rd ed. london : elsevier ; [ chapter 2 3 ]. 2",
      "type": "text"
    },
    {
      "id": 18,
      "text": ": elsevier ; [ chapter 2 3 ]. 2. korenromp el, rowley j, alonso m, et al. global burden of mater - nal and congenital syphilis and associated adverse birth outcomes - estimates for and progress since. plos one ; 1 4 : e 7 2 0. https : doi. org 1 0. journal. pone. 7 2 0",
      "type": "text"
    },
    {
      "id": 19,
      "text": "1 0. journal. pone. 7 2 0. 3. watson - jones d, changalucha j, gumodoka b, et al. syphilis in pregnancy in tanzania. i. impact of maternal syphilis on outcome of pregnancy. j infect dis ; 1 8 6 7 : 9 4 0 - 7. 4. watson - jones d, gumo",
      "type": "text"
    },
    {
      "id": 20,
      "text": ". 4. watson - jones d, gumodoka b, weiss h, et al. syphilis in preg - nancy in tanzania. ii. the effectiveness of antenatal syphilis screening and single - dose benzathine penicillin treatment for the prevention of adverse pregnancy outcomes. j infect dis ; 1 8 6 7 : 9 4 8 - 5 7.",
      "type": "text"
    },
    {
      "id": 21,
      "text": "6 7 : 9 4 8 - 5 7. • fig. 5 6. 2 congenital syphilis in a 3 - month - old infant : desquamating lesion of the palms. 1 5 6 chapter 5 6 a 2 1 - year - old pregnant woman from the gambia with a rash",
      "type": "text"
    }
  ],
  "images": [
    {
      "path": "Processed/images/56---A-21-Year-Old-Pregnant-Woman-from-The-Ga_2022_Clinical-Cases-in-Tropica/56---A-21-Year-Old-Pregnant-Woman-from-The-Ga_2022_Clinical-Cases-in-Tropica_p1_img1.jpeg",
      "type": "image"
    },
    {
      "path": "Processed/images/56---A-21-Year-Old-Pregnant-Woman-from-The-Ga_2022_Clinical-Cases-in-Tropica/56---A-21-Year-Old-Pregnant-Woman-from-The-Ga_2022_Clinical-Cases-in-Tropica_p2_img1.jpeg",
      "type": "image"
    }
  ]
}