{
  "file": "57---A-37-Year-Old-Woman-from-Malawi-With-H_2022_Clinical-Cases-in-Tropical-.md",
  "n_chunks": 36,
  "text_embedding": "Processed_embeddings/embeddings/text/57---A-37-Year-Old-Woman-from-Malawi-With-H_2022_Clinical-Cases-in-Tropical-_text.npy",
  "image_embedding": "Processed_embeddings/embeddings/image/57---A-37-Year-Old-Woman-from-Malawi-With-H_2022_Clinical-Cases-in-Tropical-_images.npy",
  "chunks": [
    {
      "id": 0,
      "text": "# page 1 5 7 a 3 7 - year - old woman from malawi with haematemesis camilla rothe clinical presentation history a 3 7 - year - old woman from the lower shire valley in south - ern malawi is referred from a clinic on one of the local sugar plantations to the district hospital. she has vomited blood three times over the past 2 4 hours. the",
      "type": "text"
    },
    {
      "id": 1,
      "text": "three times over the past 2 4 hours. the blood is bright red in colour. there is no epigastric pain and no previous his - tory of vomiting. there is no history of fever or abnormal bleeding and her stool has been normal in colour. before the onset of symptoms, she was fine. she has not taken any regular painkillers and does not drink any alcohol.",
      "type": "text"
    },
    {
      "id": 2,
      "text": "regular painkillers and does not drink any alcohol. her past medical history is unremarkable. she lives and works on a large sugar plantation in the area. she is married with three children, all are well. an hiv test done 3 months previously was negative. clinical findings 3 7 - year - old woman who is slim but not wasted. conjuncti - vae are slightly pale",
      "type": "text"
    },
    {
      "id": 3,
      "text": ". conjuncti - vae are slightly pale, but there are no subconjunctival effu - sions and she is not jaundiced. her blood pressure is 9 0 / 6 0 mmhg, pulse 1 1 0 bpm, respiratory rate 2 8 breath cycles per minute, and she is afebrile. on examination of the abdomen there is",
      "type": "text"
    },
    {
      "id": 4,
      "text": ". on examination of the abdomen there is no abdominal dis - tension and no tenderness. the spleen is palpable at 1 0 cm below the left costal margin. the liver is slightly enlarged but therearenostigmataofchronicliverdisease. thereisnoshifting dullness and no peripheral oedema. her lymph nodes are not enlarged",
      "type": "text"
    },
    {
      "id": 5,
      "text": "dema. her lymph nodes are not enlarged. the rest of the physical examination is normal. laboratory results her laboratory results on admission are shown in table 5 7. 1. questions 1. what is the most likely cause of her haematemesis? 2. what further investigations would you like to do to establish the diagnosis? discussion a malawian woman presents with a first",
      "type": "text"
    },
    {
      "id": 6,
      "text": "discussion a malawian woman presents with a first episode of haema - temesis. she has neither taken nsaids nor alcohol. on examination she is afebrile, slightly pale, shocked and has an enlarged spleen. her abdomen is non - tender. her full blood count shows pancytopenia with normocytic anaemia. answer to",
      "type": "text"
    },
    {
      "id": 7,
      "text": "normocytic anaemia. answer to question 1 what is the most likely cause of her haematemesis? splenomegaly and pancytopenia point towards the presence of portal hypertension and she is most likely to bleed from gastro - oesophageal varices. in one series from malawi, the presence of splenomegaly in patients with upper",
      "type": "text"
    },
    {
      "id": 8,
      "text": "presence of splenomegaly in patients with upper gastrointes - tinal bleeding was the single most specific clinical criterion to distinguish between a variceal bleed and a haemorrhage of other origin. furthermore, portal hypertension is the most common cause of upper gastrointestinal bleeding in parts of sub - saharan africa, accounting for more than 5 0 % of bleeds in some series",
      "type": "text"
    },
    {
      "id": 9,
      "text": "more than 5 0 % of bleeds in some series. the reason for this remains only partly under - stood. the prevalence of chronic viral hepatitis or alcohol abuse is not higher in the affected regions than elsewhere in the tropical world. however, malawi and other countries in the region are highly endemic for schistosomiasis. virtually all water bodies table 5 7. 1 laboratory results on admission",
      "type": "text"
    },
    {
      "id": 10,
      "text": "bodies table 5 7. 1 laboratory results on admission parameter patient reference range wbc 1 0 9 l 2. 8 4 - 1 0 haemoglobin g dl 8. 3 1 2 - 1 4 mcv fl 9 9 platelets 1 0 9 l 5 0 5 7 # page 2 in the country are infested with both schistosoma mansoni and s. haemato",
      "type": "text"
    },
    {
      "id": 11,
      "text": "schistosoma mansoni and s. haematobium and it is likely that a high prevalence of hepatosplenic schistosomiasis with periportal fibrosis may explain why portal hypertension is so common in the region. little is known about causes of liver cirrhosis other than hepatitis b and c and their contribution to the burden of disease e. g. autoimmune hepatitis,",
      "type": "text"
    },
    {
      "id": 12,
      "text": "burden of disease e. g. autoimmune hepatitis, primary biliary cirrhosis, primary sclerosing cholangitis, haemochromatosis or wil - son ’ s disease. other aetiologies of gastrointestinal bleeding, such as pep - tic ulcer disease, erosive gastritis or a bleeding tumour are less likely and would not explain her splenome",
      "type": "text"
    },
    {
      "id": 13,
      "text": "are less likely and would not explain her splenomegaly. notably though, in sub - saharan africa oesophageal cancer is strik - ingly common in young adults in their third and fourth decade of life. risk factors remain poorly understood. pro - gressive dysphagia rather than haematemesis is usually the presenting symptom. patients with visceral",
      "type": "text"
    },
    {
      "id": 14,
      "text": "usually the presenting symptom. patients with visceral leishmaniasis vl can present with splenomegaly and pancytopenia. however, in vl there is usually a history of fever, and the patient ’ s platelet count is only slightly diminished, which cannot explain her bleed. vl, furthermore, is uncommon in southern africa, even though few spor",
      "type": "text"
    },
    {
      "id": 15,
      "text": "is uncommon in southern africa, even though few sporadic cases have been described from the region. answer to question 2 what additional investigations would you like to do to establish the diagnosis? in a resource - constrained setting, very limited options may be available to establish more than just a syndromic diagnosis. the patient should be taken for gastroduodenoscopy without delay to detect",
      "type": "text"
    },
    {
      "id": 16,
      "text": "gastroduodenoscopy without delay to detect and treat the source of bleeding. in case of oesophageal varices, an experienced ultrasonogra - pher with a reasonable ultrasound machine would be able to distinguish between liver cirrhosis and periportal ‘ pipestem ’ fibrosis as seen in hepatic schistosomiasis fig. 5 7. 1",
      "type": "text"
    },
    {
      "id": 17,
      "text": "stosomiasis fig. 5 7. 1. liver biopsy would be the most helpful tool to distinguish between cirrhosis and periportal fibrosis in case of schistosomiasis. it is usually unavailable, and it is risky in an environment where postinterventional monitoring is poor, and possible compli - cations such as intra - abdominal bleeds are likely to go",
      "type": "text"
    },
    {
      "id": 18,
      "text": "as intra - abdominal bleeds are likely to go undetected. other investigations to diagnose schistosomiasis will lack sensitivity and or specificity in the endemic setting. the demonstration of schistosoma eggs in the stool is challenging in advanced disease and several samples would have to be examined which is commonly not feasible. the circulating cathodic antigen test cca is a urine rapid",
      "type": "text"
    },
    {
      "id": 19,
      "text": "cathodic antigen test cca is a urine rapid diagnostic test based on antigens regurgitated by adult flukes. its sensitivity decreases when the worm burden is low, as may be the case in advanced disease ; but it is highly specific and - other than serology - the cca test is able to distinguish between active and past infection. hepatitis b or c serologies should",
      "type": "text"
    },
    {
      "id": 20,
      "text": "past infection. hepatitis b or c serologies should be done ; other inves - tigations for chronic liver disease are usually unavailable. the case continued … the patient received iv fluids and was taken to the nearest central hospital for endoscopy. the presence of oesophageal varices was confirmed and banding was done. there was no other source of bleeding. hepatitis b and",
      "type": "text"
    },
    {
      "id": 21,
      "text": "was no other source of bleeding. hepatitis b and c serologies were negative. one stool sample for s. mansoni ova was negative. however, on ultrasound of the liver a pattern typical of pipestem fibrosis was described. the patient received a single dose of praziquantel 4 0 mg kg. she was discharged home. summary box hepatosplenic schistosomi",
      "type": "text"
    },
    {
      "id": 22,
      "text": "summary box hepatosplenic schistosomiasis hepatosplenic schistosomiasis is a complication of advanced infection with schistosoma mansoni, s. japonicum or s. mekongi. only about 1 0 % of people chronically infected with schisto - somiasis develop late - stage disease. risk factors for disease progression remain poorly understood",
      "type": "text"
    },
    {
      "id": 23,
      "text": "disease. risk factors for disease progression remain poorly understood. apart from intensity and duration of infection, host genetic factors such as ethnic background and ifn - gamma polymorphism, variable degrees of semi - immunity and parasite strain differences may play a role. chronic infection with liver - pathogenic schistosoma species results in periportal fibrosis and portal venous hypertension. one exception is s.",
      "type": "text"
    },
    {
      "id": 24,
      "text": "portal venous hypertension. one exception is s. intercalatum, which occurs focally in central and west africa and causes granulomatous inflammation of the liver without portal hypertension. patients may present with symptoms of hypersplenism, such as abdominal discomfort and fatigue secondary to progressive anaemia. ascites is uncommon because of the preserved hepatocellular function but may occur",
      "type": "text"
    },
    {
      "id": 25,
      "text": "the preserved hepatocellular function but may occur in advanced disease or in coexisting liver cirrhosis. the classical clinical signs of liver cirrhosis e. g. gynaeco - mastia, palmar erythema, alterations in distribution of body hair are absent in schistosomiasis. a common, primary presenting sign of hepatosplenic schisto",
      "type": "text"
    },
    {
      "id": 26,
      "text": "primary presenting sign of hepatosplenic schistosomiasis is upper gastrointestinal gi bleeding from gastro - oesophageal varices. in some endemic countries in • fig. 5 7. 1 ultrasound of the liver showing pipestem fibrosis courtesy prof. joachim richter. 1 5 8 chapter 5 7 a 3 7 - year - old woman from malawi with haemateme",
      "type": "text"
    },
    {
      "id": 27,
      "text": "year - old woman from malawi with haematemesis # page 3 sub - saharan africa half or more of upper gi bleeds are caused by portal hypertension. the demonstration of schistosoma eggs in the stool can be challenging in advanced disease because the adult flukes may have long died and egg production may have stopped. experienced ultrasonographers may be able to detect the typical pattern of",
      "type": "text"
    },
    {
      "id": 28,
      "text": "graphers may be able to detect the typical pattern of ‘ pipestem fibrosis ’. the term refers to the macroscopic aspect of the liver which shows wide bands of fibrosis around portal tracts resembling the stems of a clay pipe. if available, liver biopsy may show ova of schistosoma species along with proliferation of fibrous tissue in and around the portal tract",
      "type": "text"
    },
    {
      "id": 29,
      "text": "fibrous tissue in and around the portal tract. praziquantel may have an effect in treatment of early fibrosis, but has little role to play in advanced disease. nevertheless, a single dose treatment with praziquantel 4 0 mg kg may be given to stop the progression of fibrosis and reduce the worm burden and further egg production. treatment of variceal bleeding includes endo",
      "type": "text"
    },
    {
      "id": 30,
      "text": "production. treatment of variceal bleeding includes endoscopic sclerotherapy, band - ligation and devascularization surgery. splenectomy is not recommended in tropical settings, because of the increased susceptibility to malaria and bacterial infections. studies on the use of non - selective beta - blockers for prophylaxis of upper gi bleed in hepatic schistosom",
      "type": "text"
    },
    {
      "id": 31,
      "text": "of upper gi bleed in hepatic schistosomiasis have yielded controversial results. a few reports from resource - rich settings seem to indicate that the placement of a transjugular intrahepatic portovenous shunt tips may be beneficial for the prevention of variceal bleeding in hepatic schistosomiasis. further reading 1. bustindy al, king",
      "type": "text"
    },
    {
      "id": 32,
      "text": "further reading 1. bustindy al, king ch. schistosomiasis. in : farrar j, editor. manson ’ s tropical diseases. 2 3 rd ed. london : elsevier ; [ chapter 5 2 ]. 2. harries ad, wirima jj. upper gastrointestinal bleeding in mala - wian adults and value of splenomegaly in",
      "type": "text"
    },
    {
      "id": 33,
      "text": "an adults and value of splenomegaly in predicting source of haemorrhage. east afr med j ; 6 6 2 : 9 7 - 9. 3. wolf ll, ibrahim r, miao c, et al. esophagogastroduodenoscopy in a public referral hospital in lilongwe, malawi : spectrum of dis - ease and associated risk factors",
      "type": "text"
    },
    {
      "id": 34,
      "text": ": spectrum of dis - ease and associated risk factors. world j surg ; 3 6 5 : 8 2. 4. colley dg, bustinduy al, secor we, et al. human schistosomi - asis. lancet ; 3 8 3 : 6 4. 5. richter j, bode jg, blondin g, et al. severe liver fibrosis",
      "type": "text"
    },
    {
      "id": 35,
      "text": "blondin g, et al. severe liver fibrosis caused by schistosoma mansoni : management and treatment with a transju - gular intrahepatic portosystemic shunt. lancet infect dis ; 1 5 : 7 3 1 - 7. 1 5 9 chapter 5 7 a 3 7 - year - old woman from malawi with haematemesis",
      "type": "text"
    }
  ],
  "images": [
    {
      "path": "Processed/images/57---A-37-Year-Old-Woman-from-Malawi-With-H_2022_Clinical-Cases-in-Tropical-/57---A-37-Year-Old-Woman-from-Malawi-With-H_2022_Clinical-Cases-in-Tropical-_p2_img1.jpeg",
      "type": "image"
    }
  ]
}