{
  "file": "58---A-25-Year-Old-Woman-from-Egypt-With-Severe-Ch_2022_Clinical-Cases-in-Tr.md",
  "n_chunks": 24,
  "text_embedding": "Processed_embeddings/embeddings/text/58---A-25-Year-Old-Woman-from-Egypt-With-Severe-Ch_2022_Clinical-Cases-in-Tr_text.npy",
  "image_embedding": "Processed_embeddings/embeddings/image/58---A-25-Year-Old-Woman-from-Egypt-With-Severe-Ch_2022_Clinical-Cases-in-Tr_images.npy",
  "chunks": [
    {
      "id": 0,
      "text": "# page 1 5 8 a 2 5 - year - old woman from egypt with severe chronic diarrhoea and malabsorption thomas weitzel and nadia el - dib clinical presentation history a 2 5 - year - old woman from bani suwaif in upper egypt 1 1 5 km south of cairo presents to a hospital in cairo com - plaining of severe diarrhoea for 2",
      "type": "text"
    },
    {
      "id": 1,
      "text": "- plaining of severe diarrhoea for 2 months accompanied by weight loss of about 1 5 kg and amenorrhoea. the symptoms started with stomach rumbles and colicky abdominal pain ; later on, she suffered anorexia and vomiting. the diarrhoea is voluminous, not related to meals, and occurs both during the day and at night five to ten",
      "type": "text"
    },
    {
      "id": 2,
      "text": "both during the day and at night five to ten times in 2 4 hours. she received various antibiotics, including metronidazole, as well as antidiarrhoeal drugs, without any improvement. during the last month she has developed lower limb swelling and severe prostration. clinical findings the patient appears generally unwell ; she is pale and has angular stomatitis. she",
      "type": "text"
    },
    {
      "id": 3,
      "text": "is pale and has angular stomatitis. she is afebrile, heart rate 1 0 0 bpm, blood pressure 1 0 0 6 0 mmhg, scaphoid abdomen with borbo - rygmi, pitting oedema of the lower limbs, and decreased skin turgor. laboratory results laboratory results are summarized in table 5 8. 1. d -",
      "type": "text"
    },
    {
      "id": 4,
      "text": "zed in table 5 8. 1. d - xylose test shows evidence of malabsorption. on stool microscopy, numerous helminth ova are detected fig. 5 8. 1. questions 1. which helminth is causing the patient ’ s clinical problems and why is it able to cause such severe infections? 2. where does this parasite occur and how is it transmitted?",
      "type": "text"
    },
    {
      "id": 5,
      "text": "does this parasite occur and how is it transmitted? table 5 8. 1 laboratory results on admission parameter patient reference potassium mmol l 2. 8 3. 5 - 5 sodium mmol l 3 6 - 1 4 5 calcium, total mmol l 2. 1 2. 2 5 - 2. 6 3 albumin g l 5 5 haemoglobin g dl 1 0",
      "type": "text"
    },
    {
      "id": 6,
      "text": "5 5 haemoglobin g dl 1 0. 8 1 1. 5 - 1 5. 5 wbc 1 0 9 l 6. 6 3. 8 - 1 1 eosinophil count 1 0 9 l 0. 5 3 < 0. 4 5 platelets 1 0 9 l 5 0 - 3 5 0 creatinine μmol l 3 - 1 0 6",
      "type": "text"
    },
    {
      "id": 7,
      "text": "ine μmol l 3 - 1 0 6 • fig. 5 8. 1 helminth ova in a stool sample of a 2 5 - year - old woman from egypt with chronic diarrhoea. 1 6 0 # page 2 discussion a 2 5 - year - old woman from upper egypt presents with severe chronic diarrhoea and colicky abdominal pain. she is afebr",
      "type": "text"
    },
    {
      "id": 8,
      "text": "and colicky abdominal pain. she is afebrile but shows clinical signs of chronic malabsorption. full blood count reveals mild eosinophilia, blood chemistry shows electrolyte derangement and hypoalbuminaemia. stool samples yield peanut - shaped helminth eggs. answer to question 1 which helminth is causing the patient ’ s clinical problems and why is",
      "type": "text"
    },
    {
      "id": 9,
      "text": "the patient ’ s clinical problems and why is it able to cause such severe infections? the peanut - shaped eggs spotted on stool microscopy are typ - ical ova of capillaria philippinensis. the patient ’ s complaints are very compatible with intestinal capillariasis, and she resides in an endemic area. in contrast to most other intes - tinal hel",
      "type": "text"
    },
    {
      "id": 10,
      "text": "contrast to most other intes - tinal helminths, c. philippinensis is able to multiply within the intestine of its final host causing long - lasting infection and severe clinical manifestations. answer to question 2 where does this parasite occur and how is it transmitted? c. philippinensis is endemic in various east and south - east asian countries such as the philippines",
      "type": "text"
    },
    {
      "id": 11,
      "text": "and south - east asian countries such as the philippines, thailand, laos, china, korea, japan and taiwan. furthermore, cases have been reported from egypt, iran and india. sporadic cases may occur elsewhere. one indigenous case has been reported from cuba and another patient acquired the infection most probably in colombia. capillariasis is transmitted through consumption of raw or undercooked",
      "type": "text"
    },
    {
      "id": 12,
      "text": "asis is transmitted through consumption of raw or undercooked fish. the case continued … the patient was admitted to hospital. albendazole was initiated at a dose of 4 0 0 mg bd and continued for 3 weeks. oral and parenteral fluids and electrolytes were given for resuscitation, and she received a high protein diet and vitamins. during the first days of treatment,",
      "type": "text"
    },
    {
      "id": 13,
      "text": "and vitamins. during the first days of treatment, numerous adult helminths length 3 - 5 mm were found in more stool samples fig. 5 8. 2. the patient ’ s general condition improved significantly within the first week and vomiting stopped. diarrhoea subsided after 2 weeks of treatment. summary box intestinal capillariasis intestinal capillariasis is a zo",
      "type": "text"
    },
    {
      "id": 14,
      "text": "ariasis intestinal capillariasis is a zoonotic disease caused by c. philip - pinensis, a tiny nematode usually infecting fish - eating birds, which recently has been transferred to the genus paracapillaria. humans are accidentally infected when eating raw or under - cooked small fresh - or brackish - water fish harbouring infective larval stages of the",
      "type": "text"
    },
    {
      "id": 15,
      "text": "fish harbouring infective larval stages of the parasite. adult parasites invade the wall of the small intestine and live partially embedded in the mucosa of jejunum and ileum. the unique life cycle includes an alteration of oviparous and larviparous females. oviparous females shed thick - shelled eggs, which exit the body with the stool",
      "type": "text"
    },
    {
      "id": 16,
      "text": "led eggs, which exit the body with the stool and, after being eaten by small fish, develop into the infective larvae. lar - viparous females contain thin - shelled eggs, which mainly hatch in utero and permit an internal autoinfection and multiplication cycle, i. e. larvae develop into adults within the intestinal mucosa without leaving the host. this",
      "type": "text"
    },
    {
      "id": 17,
      "text": "intestinal mucosa without leaving the host. this leads to a gradual increase of both worm burden and severity of clinical manifestations. with its autoinfection cycle, the parasite is one of the few intestinal hel - minths causing chronic and life - threatening infections. patients present with colicky abdominal pain and intermittent or chronic diarrhoea accompanied by anorexia, vomiting and",
      "type": "text"
    },
    {
      "id": 18,
      "text": "ea accompanied by anorexia, vomiting and dehydration. without treatment, infection progresses to severe enteropathy with crypt atrophy and flattening of villi. chronically infected patients suffer cachexia and pitting oedema of the lower limbs. untreated, they may eventually die of severe protein loss, elec - trolyte imbalance and concomitant bacterial",
      "type": "text"
    },
    {
      "id": 19,
      "text": "trolyte imbalance and concomitant bacterial infections. parasi - tological diagnosis relies on the demonstration of typical peanut - shaped eggs in stool samples, which have protruding polar plugs on both ends and measure 3 6 to μm. treatment is with mebendazole or albendazole for 2 0 or 1 0 days, respectively. further reading 1.",
      "type": "text"
    },
    {
      "id": 20,
      "text": "1 0 days, respectively. further reading 1. jones mk, mccarthy js. medical helminthology. in : farrar j, editor. manson ’ s tropical diseases. 2 3 rd ed. london : elsevier ; [ appendix 3 ]. 2. el - dib n, weitzel t. capilariasis intestinal. in : apt w, editor.",
      "type": "text"
    },
    {
      "id": 21,
      "text": "asis intestinal. in : apt w, editor. parasitología humana. mcgraw - hill ; [ chapter 3 6 ]. 3. attia rah, tolba mem, yones da, et al. capillaria philippinensis in upper egypt : has it become endemic? am j trop med hyg ; 8 6 1 : 1 2 6 - 3 3. 4",
      "type": "text"
    },
    {
      "id": 22,
      "text": "1 : 1 2 6 - 3 3. 4. crossjh. intestinalcapillariasis. clinmicrobiolrev ; 5 2 : 1 2 0 - 9. • fig. 5 8. 2 adult c. philippinensis in the patient ’ s stool sample during treatment with mebendazole. 1 6 1 chapter 5 8 a 2 5 - year - old",
      "type": "text"
    },
    {
      "id": 23,
      "text": "chapter 5 8 a 2 5 - year - old woman from egypt with severe chronic diarrhoea and malabsorption",
      "type": "text"
    }
  ],
  "images": [
    {
      "path": "Processed/images/58---A-25-Year-Old-Woman-from-Egypt-With-Severe-Ch_2022_Clinical-Cases-in-Tr/58---A-25-Year-Old-Woman-from-Egypt-With-Severe-Ch_2022_Clinical-Cases-in-Tr_p1_img1.jpeg",
      "type": "image"
    },
    {
      "path": "Processed/images/58---A-25-Year-Old-Woman-from-Egypt-With-Severe-Ch_2022_Clinical-Cases-in-Tr/58---A-25-Year-Old-Woman-from-Egypt-With-Severe-Ch_2022_Clinical-Cases-in-Tr_p2_img1.jpeg",
      "type": "image"
    }
  ]
}