{
  "file": "59---A-24-Year-Old-Man-from-Malawi-With-Skin-Le_2022_Clinical-Cases-in-Tropi.md",
  "n_chunks": 26,
  "text_embedding": "Processed_embeddings/embeddings/text/59---A-24-Year-Old-Man-from-Malawi-With-Skin-Le_2022_Clinical-Cases-in-Tropi_text.npy",
  "image_embedding": "Processed_embeddings/embeddings/image/59---A-24-Year-Old-Man-from-Malawi-With-Skin-Le_2022_Clinical-Cases-in-Tropi_images.npy",
  "chunks": [
    {
      "id": 0,
      "text": "# page 1 5 9 a 2 4 - year - old man from malawi with skin lesions and breathlessness m. jane bates clinical presentation history a 2 4 - year - old malawian businessman presents to your clinic having noticed dark spots on his arm and leg for the last month. the lesions are progressing and he is now getting facial swelling. on questioning, he also reports",
      "type": "text"
    },
    {
      "id": 1,
      "text": "getting facial swelling. on questioning, he also reports a 3 - month history of cough and worsening shortness of breath. he has no consti - tutional symptoms of weight loss, fevers or night sweats. his cough is productive of white sputum. he has no history of previous tuberculosis. he tested positive for hiv a week before coming to your clinic and has not yet",
      "type": "text"
    },
    {
      "id": 2,
      "text": "week before coming to your clinic and has not yet started antire - troviral medication. clinical findings the patient appears comfortable at rest with moderate facial oedema fig. 5 9. 1. his temperature is 3 6 ° c 9 6. 8 ° f, respi - ratory rate 3 2 breath cycles per minute and pulse 1 0 2 bpm. widespread dark - purplish",
      "type": "text"
    },
    {
      "id": 3,
      "text": "0 2 bpm. widespread dark - purplish plaques are noted on the skin fig. 5 9. 1 and palate. on respiratory examination, he has decreased air entry and dullness at the right lung base. he has swelling of his right leg from the foot to the knee, with prominent dark plaques which are coalescing fig. 5 9. 2. the rest",
      "type": "text"
    },
    {
      "id": 4,
      "text": "ing fig. 5 9. 2. the rest of the physical examination is normal. questions 1. what are your most important differential diagnoses? 2. how would you approach this patient? discussion a young malawian man presents with widespread dark pur - plish cutaneous and mucosal lesions. he also reports cough and shortness of breath for 3 months and there are",
      "type": "text"
    },
    {
      "id": 5,
      "text": "shortness of breath for 3 months and there are some chest findings on examination of his right lung. he has recently been found to be hiv - positive. • fig. 5 9. 1 facial swelling and dark - purplish skin lesions on chest and nose of the patient. • fig. 5 9. 2 swollen right leg with prominent coalescing dark plaques. 1",
      "type": "text"
    },
    {
      "id": 6,
      "text": "with prominent coalescing dark plaques. 1 6 2 # page 2 answer to question 1 what are your most important differential diagnoses? in a newly diagnosed hiv - infected patient with a chronic history of cough, the diagnosis of tuberculosis should always be considered and vigorous attempts made to exclude it. the skin lesions are typical for kaposi ’ s sarcoma ks.",
      "type": "text"
    },
    {
      "id": 7,
      "text": "kaposi ’ s sarcoma ks. the pres - ence of palatal lesions supports this possibility and increases your suspicion of pulmonary involvement. answer to question 2 how would you approach this patient? the patient should be assessed for possible pulmonary tuber - culosis, which should include a urine lam, sputum micros - copy for acid - fast bacilli afb, x",
      "type": "text"
    },
    {
      "id": 8,
      "text": "copy for acid - fast bacilli afb, xpert mtb rif and chest radiograph where necessary. where available, bronchoscopy remains the gold standard investigation for endobronchial ks. dual pathology of pulmonary ks and tb is not uncom - mon, and a high index of suspicion for tb should be main - tained, particularly as tb remains responsible for many hiv - related",
      "type": "text"
    },
    {
      "id": 9,
      "text": "particularly as tb remains responsible for many hiv - related deaths. the main concern of the patient and primary caregiver should be recorded to assist with prioritizing interventions that promote quality of life. these concerns may be physical, psychological, social or spiritual. general positive living advice, including safe sexual practice, screening for stis and partners and children testing for hiv, may also be addressed. the diagnosis should",
      "type": "text"
    },
    {
      "id": 10,
      "text": "hiv, may also be addressed. the diagnosis should be explained to the patient in a style and language which is supportive and understand - able. the practitioner should allow time for questions and exploration of relevant issues, which can assist with planning. such communication can facilitate the development of real - istic expectations from the start of the therapeutic process. the patient should be started on antiretroviral therapy art",
      "type": "text"
    },
    {
      "id": 11,
      "text": "patient should be started on antiretroviral therapy art as soon as possible both to control hiv and as part of the therapeutic response to ks. there is a small possibility of ks immune reconstitution inflammatory syndrome, recognizable as worsening disease some weeks after com - mencement of art. adjuvant palliative chemotherapy is indicated for patients with pulmonary ks. the case continued … his main concern was",
      "type": "text"
    },
    {
      "id": 12,
      "text": "ks. the case continued … his main concern was shortness of breath. his wife was also hiv - positive but not on art, and his two children 6 and 4 years old had not yet been tested. his cd 4 count was 1 3 4 cells μl, hb 1 0. 2 g dl and mcv 8 8. 4 fl. other parameters were normal. his",
      "type": "text"
    },
    {
      "id": 13,
      "text": ". 4 fl. other parameters were normal. his chest radiograph showed bilateral patchy opacifica - tions in the lower and mid zones of the lungs fig. 5 9. 3. peribronchovascular changes are typically seen in patients with pulmonary ks. sputum and genexpert tests were negative for the pres - ence of tuberculosis. a bronchoscopy was attempted but failed because of",
      "type": "text"
    },
    {
      "id": 14,
      "text": "a bronchoscopy was attempted but failed because of technical difficulties. the patient made no improvement with a short course of oral antibiotics. he was referred to start antiretroviral medication and palliative chemotherapy. summary box kaposi ’ s sarcoma ks is an incurable hiv - associated malignancy. the incidence of ks is on the decline globally as a result of prevention of disease because",
      "type": "text"
    },
    {
      "id": 15,
      "text": "decline globally as a result of prevention of disease because of early initiation of art. ks is caused by human herpesvirus - 8 hhv - 8, also known as kaposi ’ s sarcoma - associated herpes virus kshv. ks commonly affects the skin but may also involve lymph nodes, lungs and the gastrointestinal tract. diagnosis of cutaneous disease is",
      "type": "text"
    },
    {
      "id": 16,
      "text": "gastrointestinal tract. diagnosis of cutaneous disease is often made by clinical appearance though biopsy is recommended. endemic ks does occur in hiv - uninfected individuals, typically with a more indolent course. all hiv infected patients with ks should be started on art. for those with more extensive cuta - neous disease or visceral involvement, combining antiretroviral medication with che",
      "type": "text"
    },
    {
      "id": 17,
      "text": "al involvement, combining antiretroviral medication with chemotherapeutic agents promotes optimal tumour regression. agents such as liposomal doxorubicin, paclitaxel, bleomycin, vincristine, vinblastine and etoposide can be considered. drug availability, access to safe chemotherapy administration, contraindications and side effects of particular agents should be considered with reference to",
      "type": "text"
    },
    {
      "id": 18,
      "text": "effects of particular agents should be considered with reference to the patient and the setting. tumour response to immunomodulating agents has been demonstrated in a small study in the usa. outcomes remain poor for patients with extensive visceral disease aids clinical trials group stage t 1. in these situations, quality of life remains the goal of care, involving patient and supportive family members to provide holistic palliative",
      "type": "text"
    },
    {
      "id": 19,
      "text": "involving patient and supportive family members to provide holistic palliative care, which should be initiated long before the end of life. pain and other symptoms should be assessed and managed. low - dose liquid morphine has an established role for symptom relief of breathlessness once all other causes have been excluded and or treated optimally. non - drug measures to improve breathlessness, such as positioning and companion",
      "type": "text"
    },
    {
      "id": 20,
      "text": "improve breathlessness, such as positioning and companionship to reduce distress and anxiety are also indicated. further reading 1. wood r. clinical features and management of hiv aids. in : farrar j, editor. manson ’ s tropical diseases. 2 3 rd ed. london : elsevier ; [ chapter 1 0 ]. • fig. 5 9. 3 chest radiograph showing bilateral",
      "type": "text"
    },
    {
      "id": 21,
      "text": ". 5 9. 3 chest radiograph showing bilateral peribronchovascular infil - tration in the lower and mid lung zones. 1 6 3 chapter 5 9 a 2 4 - year - old man from malawi with skin lesions and breathlessness # page 3 2. malawi guidelines for the clinical management of hiv in chil - dren and adults 3 rd ed. available from :",
      "type": "text"
    },
    {
      "id": 22,
      "text": "dren and adults 3 rd ed. available from : https : aidsfree. usaid. gov sites default files malawi art. pdf. 3. gonc ¸ alves ph, uldrick ts, yarchoan r. hiv associated kaposi ’ s sarcoma and related diseases, aids ; 3 1 1 4 : 1 6. https : www. ncbi.",
      "type": "text"
    },
    {
      "id": 23,
      "text": "1 6. https : www. ncbi. nlm. nih. gov pmc articles pmc 4 8 2. 4. chin c, booth s. managing breathlessness : a palliative care approach. postgrad med j ; 9 2 : 3 9 3 - 4 0 0. https : doi. org 1 0. postgradmedj 7 8. 5. caesar",
      "type": "text"
    },
    {
      "id": 24,
      "text": "gradmedj 7 8. 5. caesarman e, damania b, known se, et al. kaposi sarcoma. nat rev dis primers ; 5 : 9. https : doi. org 1 0. s 2 - 0 1 9 9. 1 6 4 chapter 5 9 a 2 4 - year - old man from malawi with skin lesions and breath",
      "type": "text"
    },
    {
      "id": 25,
      "text": "old man from malawi with skin lesions and breathlessness",
      "type": "text"
    }
  ],
  "images": [
    {
      "path": "Processed/images/59---A-24-Year-Old-Man-from-Malawi-With-Skin-Le_2022_Clinical-Cases-in-Tropi/59---A-24-Year-Old-Man-from-Malawi-With-Skin-Le_2022_Clinical-Cases-in-Tropi_p1_img1.jpeg",
      "type": "image"
    },
    {
      "path": "Processed/images/59---A-24-Year-Old-Man-from-Malawi-With-Skin-Le_2022_Clinical-Cases-in-Tropi/59---A-24-Year-Old-Man-from-Malawi-With-Skin-Le_2022_Clinical-Cases-in-Tropi_p1_img2.jpeg",
      "type": "image"
    },
    {
      "path": "Processed/images/59---A-24-Year-Old-Man-from-Malawi-With-Skin-Le_2022_Clinical-Cases-in-Tropi/59---A-24-Year-Old-Man-from-Malawi-With-Skin-Le_2022_Clinical-Cases-in-Tropi_p2_img1.jpeg",
      "type": "image"
    }
  ]
}