{
  "file": "6---A-36-Year-Old-Male-Traveller-Returning-from-B_2022_Clinical-Cases-in-Tro.md",
  "n_chunks": 28,
  "text_embedding": "Processed_embeddings/embeddings/text/6---A-36-Year-Old-Male-Traveller-Returning-from-B_2022_Clinical-Cases-in-Tro_text.npy",
  "image_embedding": "Processed_embeddings/embeddings/image/6---A-36-Year-Old-Male-Traveller-Returning-from-B_2022_Clinical-Cases-in-Tro_images.npy",
  "chunks": [
    {
      "id": 0,
      "text": "# page 1 6 a 3 6 - year - old male traveller returning from botswana with a creeping eruption emma c. wall clinical presentation history a 3 6 - year - old male restaurant owner presents to a travel clinic in europe with a mobile itchy mass under his skin. three weeks ago, he noted the mass in his groin for 4 days after which it subsided. he then noted",
      "type": "text"
    },
    {
      "id": 1,
      "text": "days after which it subsided. he then noted an itchy, serpiginous rash tracking from his groin to his chest, which moved over the course of several days and then disappeared ; he then noted the mass reappearing on his right shoulder, at which point he was referred for assessment. there is no history of fever or systemic illness. five weeks ago, he returned from",
      "type": "text"
    },
    {
      "id": 2,
      "text": "systemic illness. five weeks ago, he returned from a fishing holiday with four friends to the okavango delta in botswana. he took malaria chemoprophylaxis, slept on the boat under a mos - quito net and swam in fresh river water. he ate freshwater fish from the river. he is married and denies sexual contact on the trip. of the four friends who accompanied him",
      "type": "text"
    },
    {
      "id": 3,
      "text": "the trip. of the four friends who accompanied him, two also have the same complaint. clinical findings the patient is afebrile and organ system examination is nor - mal. on his right upper deltoid is a firm mass with clear mar - gins 3 8 cm in size. on further questioning this mass has recently migrated across his upper chest wall, and a serpigi -",
      "type": "text"
    },
    {
      "id": 4,
      "text": "upper chest wall, and a serpigi - nous tract is visible fig. 6. 1. there is no additional rash and no lymphadenopathy. laboratory results total white cell count 8. l reference range : 4 - 1 0, eosinophil count 0. l < 0. 5, liver function tests, creatinine and electrolytes are normal.",
      "type": "text"
    },
    {
      "id": 5,
      "text": "creatinine and electrolytes are normal. hiv antibodies are negative. questions 1. what is the likely diagnosis and what are your differentials? 2. what is the risk of this condition if untreated? discussion a 3 6 - year - old european presents because of a mobile migra - tory mass he has been noticing for the past 3 weeks. five weeks ago,",
      "type": "text"
    },
    {
      "id": 6,
      "text": "for the past 3 weeks. five weeks ago, he returned from a fishing trip to the okavango delta. two of his travel companions have the same symp - toms. full blood count shows eosinophilia. answer to question 1 what is the likely diagnosis and what are your differentials? this patient is systemically well, with a mobile itchy mass. the",
      "type": "text"
    },
    {
      "id": 7,
      "text": "ally well, with a mobile itchy mass. the eosinophilia suggests a parasitic cause. the fact that • fig. 6. 1 itchy serpiginous rash tracking up the right shoulder. 1 5 # page 2 two of his travel companions are experiencing similar symp - toms indicates a common exposure factor. the presentation is classic for gnathostomiasis,",
      "type": "text"
    },
    {
      "id": 8,
      "text": "is classic for gnathostomiasis, even though his travel history appears uncommon. gnathosto - miasis is endemic in south - east asia and latin america, but only a few cases have been reported in africa. it is a food - borne zoonotic nematode infection that classically pre - sents with a mobile subcutaneous mass, intermittent",
      "type": "text"
    },
    {
      "id": 9,
      "text": "with a mobile subcutaneous mass, intermittent creep - ing eruptions and eosinophilia. the infection is acquired by eating raw fish and other food items. intermittent migratory swellings are also typically seen in patients with loa loa infection calabar swelling, but loa loa is not endemic in the okavango delta and the minimum incubation time is 5 months.",
      "type": "text"
    },
    {
      "id": 10,
      "text": "and the minimum incubation time is 5 months. a very rare cause of migratory swellings and eosinophilia is sparganosis. it is caused by larvae ‘ spargana ’ of canine and feline tapeworms of the genus spirometra and acquired by drinking water containing infected copepods or by eating raw or undercooked intermediate hosts such as amphibians or",
      "type": "text"
    },
    {
      "id": 11,
      "text": "or undercooked intermediate hosts such as amphibians or reptiles. it mainly occurs in east and south - east asia, but cases have also been reported in east africa. several other infections acquired in the tropics can be migratory and are associated with an itchy track - like rash. such creeping eruptions are commonly caused by larvae of animal hookworms or strongyloides stercoralis but",
      "type": "text"
    },
    {
      "id": 12,
      "text": "worms or strongyloides stercoralis but these pre - sent with fine, serpiginous tracks and not with a large mobile mass, as seen in this patient. very rare causes of creeping eruption are ectopic fascioliasis and migratory myiasis. answer to question 2 what is the risk of this condition if untreated? deaths from gnathostomi",
      "type": "text"
    },
    {
      "id": 13,
      "text": "untreated? deaths from gnathostomiasis have occurred when the para - site has entered the brain or spinal cord, causing severe neu - rological sequelae. the case continued... the patient admitted that on their trip they had made sushi from fresh fish caught in the river. a clinical diagnosis of cutaneous gnathostomiasis was made and the patient was",
      "type": "text"
    },
    {
      "id": 14,
      "text": "thostomiasis was made and the patient was started on albendazole 4 0 0 mg bid for 2 1 days and ivermec - tin 2 0 0 μg kg stat. serology for gnathostoma was negative. over the next 6 days, the serpiginous lesion migrated over his shoulder and neck, disappeared for 2 4 hours, then",
      "type": "text"
    },
    {
      "id": 15,
      "text": "and neck, disappeared for 2 4 hours, then reap - peared between his eyebrows, moved to his forehead and face fig. 6. 2, and then was felt inside his nose. on the sixth day of treatment he expressed a larva from his nostril, which was identified as gnathostoma spinigerum. his two friends were also seen at the same institution",
      "type": "text"
    },
    {
      "id": 16,
      "text": "his two friends were also seen at the same institution and were given similar treat - ment with full resolution of their symptoms. summary box gnathostomiasis gnathostomiasis is mostly caused by gnathostoma spinigerum, a zoonotic nematode. humans are accidental hosts. gnathos - tomiasis is endemic throughout areas where large amounts",
      "type": "text"
    },
    {
      "id": 17,
      "text": "tomiasis is endemic throughout areas where large amounts of raw or undercooked freshwater fish and crustaceans are consumed, most importantly in east and south - east asia and central and south america. case reports are emerging from southern africa. adult worms infect the gastrointestinal tract of feline and canine species. when eggs excreted through the faeces get into water, first -",
      "type": "text"
    },
    {
      "id": 18,
      "text": "through the faeces get into water, first - stage larvae hatch, which then infect small freshwater crustaceans. a large variety of animals can act as a second intermediate host. humans become infected by eating raw or undercooked meat of intermediate hosts, such as freshwater fish, crabs, shrimps, frogs, snakes, fowl and pork. gnathostomiasis commonly",
      "type": "text"
    },
    {
      "id": 19,
      "text": "and pork. gnathostomiasis commonly occurs in outbreaks. larvae penetrate the human intestinal wall and wander around the body. initial symptoms are non - specific and may include fever, malaise, vomiting and diarrhoea lasting for 2 to 3 weeks. this is accompanied by marked eosinophilia. within 1 month cutaneous infection may develop, manifesting",
      "type": "text"
    },
    {
      "id": 20,
      "text": "1 month cutaneous infection may develop, manifesting as non - pitting oedematous migratory swellings that may be pruritic or painful and mainly affect the trunk and the proximal limbs. visceral disease occurs when the larvae migrate through the internal organs such as the lungs, gut, genitourinary tract, eye and cns. cns invasion may manifest as",
      "type": "text"
    },
    {
      "id": 21,
      "text": ", eye and cns. cns invasion may manifest as eosinophilic meningoencephalitis, subarachnoid haemorrhages, cranial neuritis or painful radiculo - myelitis as a result of invasion of the spinal cord. diagnosis is suggested by eosinophilia, migratory swellings and a history of geographical and food exposure. gnatho",
      "type": "text"
    },
    {
      "id": 22,
      "text": "history of geographical and food exposure. gnathostomiasis is confirmed when demonstration of the parasite is made microscopically, radiologically or on positive serological examination up to 3 months after presentation. lumbar puncture and cranial imaging may be necessary in suspected cns disease. csf is often xanthochromic and may show eosinophilia. imaging may",
      "type": "text"
    },
    {
      "id": 23,
      "text": "may show eosinophilia. imaging may reveal larval tracks within the brain and cord parenchyma. treatment consists of albendazole 4 0 0 mg bid for 2 1 days and or ivermectin 2 0 0 μg kg on two consecutive days. for cns infec - tion, adjunctive corticosteroids are considered beneficial. further reading 1",
      "type": "text"
    },
    {
      "id": 24,
      "text": "ticosteroids are considered beneficial. further reading 1. heckmann je, bhigjee ai. tropical neurology. in : farrar j, editor. manson ’ s tropical diseases. 2 3 rd ed. london : elsevier ; [ chapter 7 1 ]. 2. vega - lopez f, ritchie s. dermatological problems. in : farrar j, editor. manson",
      "type": "text"
    },
    {
      "id": 25,
      "text": ". in : farrar j, editor. manson ’ s tropical diseases. 2 3 rd ed. london : elsevier ; [ chapter 6 8 ]. 3. checkley am, chiodini pl, dockrell dhm, et al. eosinophilia in returning travellers and migrants from the tropics : uk recom - mendations for investigation and initial management. j",
      "type": "text"
    },
    {
      "id": 26,
      "text": "- mendations for investigation and initial management. j infect ; 6 0 1 : 1 - 2 0. 4. neumayr a ed. antiparasitictreatmentrecommendations. 2 nded. tredition : hamburg. cf : https : tredition. de autoren andreas - neumayr 1 antiparasitic - treatment - recommendations - paperback 3 7. • fig",
      "type": "text"
    },
    {
      "id": 27,
      "text": "treatment - recommendations - paperback 3 7. • fig. 6. 2 a picture taken after treatment of the mass tracking down the patient ’ s forehead. 1 6 chapter 6 a 3 6 - year - old male traveller returning from botswana with a creeping eruption",
      "type": "text"
    }
  ],
  "images": [
    {
      "path": "Processed/images/6---A-36-Year-Old-Male-Traveller-Returning-from-B_2022_Clinical-Cases-in-Tro/6---A-36-Year-Old-Male-Traveller-Returning-from-B_2022_Clinical-Cases-in-Tro_p1_img1.jpeg",
      "type": "image"
    },
    {
      "path": "Processed/images/6---A-36-Year-Old-Male-Traveller-Returning-from-B_2022_Clinical-Cases-in-Tro/6---A-36-Year-Old-Male-Traveller-Returning-from-B_2022_Clinical-Cases-in-Tro_p2_img1.jpeg",
      "type": "image"
    }
  ]
}