{
  "file": "60---A-6-Year-Old-Boy-from-Malawi-With-Proptos_2022_Clinical-Cases-in-Tropic.md",
  "n_chunks": 23,
  "text_embedding": "Processed_embeddings/embeddings/text/60---A-6-Year-Old-Boy-from-Malawi-With-Proptos_2022_Clinical-Cases-in-Tropic_text.npy",
  "image_embedding": "Processed_embeddings/embeddings/image/60---A-6-Year-Old-Boy-from-Malawi-With-Proptos_2022_Clinical-Cases-in-Tropic_images.npy",
  "chunks": [
    {
      "id": 0,
      "text": "# page 1 6 0 a 6 - year - old boy from malawi with proptosis of the left eye elizabeth m. molyneux clinical presentation history a 6 - year - old malawian boy from the lakeshore of lake malawi presents with a painless, proptosed left eye that his family first noticed 3 weeks ago. it has worsened rapidly though his vision is",
      "type": "text"
    },
    {
      "id": 1,
      "text": ". it has worsened rapidly though his vision is still normal. he denies any pain. clinical findings on examination he is afebrile, the right eye is normal, the left eye is proptosed but non - pulsating fig. 6 0. 1. the pupil is round and clear and responds well to light. when he is asked to follow an object with his eyes",
      "type": "text"
    },
    {
      "id": 2,
      "text": "he is asked to follow an object with his eyes the left eyeball hardly moves. he has no other swellings or abnormalities ; and though he is thin, he is not malnourished. questions 1. what are the three most likely diagnoses? 2. what investigations would you do to confirm the diagno - sis and direct your treatment plan? discussion a young malaw",
      "type": "text"
    },
    {
      "id": 3,
      "text": "direct your treatment plan? discussion a young malawian boy presents because of a progressive painless proptosis of his left eye for the past 3 weeks. his vision is not impaired. apart from being proptosed, the eye on examination looks normal. the boy resides in an area endemic for malaria and schistosomiasis. answer to question 1 what are the three",
      "type": "text"
    },
    {
      "id": 4,
      "text": "asis. answer to question 1 what are the three most likely diagnoses? this is a rapidly developing proptosis in a boy who lives in a malaria - endemic area ; the most likely diagnosis is burkitt ’ s lymphoma. the second possibility is that it is another type of b cell lymphoma ; and the third possibility is rhabdomyosarcoma. it is not",
      "type": "text"
    },
    {
      "id": 5,
      "text": "rhabdomyosarcoma. it is not a retinoblastoma, which starts in the eye and usu - ally, but not always, presents at an earlier age. the process is painless, which excludes infection, and it is non - pulsating which makes the diagnosis of an arteriovenous malformation unlikely. lachrymal gland tumours are more",
      "type": "text"
    },
    {
      "id": 6,
      "text": "unlikely. lachrymal gland tumours are more anteromedial than this mass. answer to question 2 what investigations would you do to confirm the diagnosis and direct your treatment plan? there are three questions to ask : what is it, where is it and is it safe to treat? what is it? a thorough history and physical examination will narrow the field. is this a multifocal",
      "type": "text"
    },
    {
      "id": 7,
      "text": "will narrow the field. is this a multifocal or localized lesion? knowing the age will rule in some more likely diagnoses and rule out others. are there any systemic or neurological signs and symptoms? a fine - needle aspirate fna or biopsy will confirm the diagnosis. where is it? again, the examination will assist. an abdominal ultrasound scan will demonstrate any intra",
      "type": "text"
    },
    {
      "id": 8,
      "text": ". an abdominal ultrasound scan will demonstrate any intra - abdominal masses and organ involvement. a cytospun sam - ple of cerebrospinal fluid csf should be examined for malignant cells ; a full blood count fbc should also be done and bone marrow aspirate bma examined. a chest radio - graph is useful if intrathoracic pathology is suspected. • fig. 6 0",
      "type": "text"
    },
    {
      "id": 9,
      "text": "ic pathology is suspected. • fig. 6 0. 1 the boy before four courses of chemotherapy. 1 6 5 # page 2 is it safe to treat? anaemia < 7 g dl and thrombocyto - penia < 9 l should be corrected before giving che - motherapy. a blood film and stool and urine samples should be examined to exclude or treat malaria or any",
      "type": "text"
    },
    {
      "id": 10,
      "text": "should be examined to exclude or treat malaria or any other invasive parasitic infections such as schistosomiasis or strongyloidia - sis. the abdominal ultrasound scan will demonstrate any renal involvement and forewarn of possible complications when treatment is given. baseline renal function and liver function tests are useful but not essential. hiv status will not affect the treatment ; but if positive, infections",
      "type": "text"
    },
    {
      "id": 11,
      "text": "not affect the treatment ; but if positive, infections and anae - mia should be anticipated during chemotherapy. the case continued … the boy was admitted and a full work - up was done as a mat - ter of urgency fna, bma, fbc, lumbar puncture lp, hiv antibody test, stool and urine microscopy and an abdominal scan was carried out. this was to",
      "type": "text"
    },
    {
      "id": 12,
      "text": "an abdominal scan was carried out. this was to enable treat - ment for presumed burkitt ’ s lymphoma to start as soon as possible to prevent further proptosis and irreversible damage to the eye. delay could mean the eye losing its blood supply and ‘ melting ’, leaving the boy sightless in that eye. when the lp was done, intrathe",
      "type": "text"
    },
    {
      "id": 13,
      "text": "eye. when the lp was done, intrathecal methotrexate and hydrocortisone were given as prophylaxis against cns involvement. oral allopurinol and hyperhydration were commenced ; chemotherapy was given the next day. the eye looked less proptosed within 4 8 hours and was back to normal within a week. he had four courses of chemotherapy in the",
      "type": "text"
    },
    {
      "id": 14,
      "text": "week. he had four courses of chemotherapy in the next 3 0 days fig. 6 0. 2. a year later he was free of disease and pronounced cured. summary box burkitt ’ s lymphoma endemic burkitt ’ s lymphoma is a highly aggressive b - cell non - hodgkin ’ s lymphoma. it is the fastest - growing tumour known in man and",
      "type": "text"
    },
    {
      "id": 15,
      "text": "is the fastest - growing tumour known in man and doubles its cells ’ numbers every 2 4 to 4 8 hours fig. 6 0. 3. it is causally associated with the epstein - barr virus ebv and malaria, and has a chromosomal translocation that activates the c - myc oncogene. it is the most common childhood cancer about 5 0 % in",
      "type": "text"
    },
    {
      "id": 16,
      "text": "the most common childhood cancer about 5 0 % in areas where malaria is holoendemic. it is twice as common in boys as girls and the peak age of presen - tation is 6 to 7 years. outcome with early diagnosis and intensive chemotherapy in children is excellent. in resource - constrained settings, treatment intensity has to be balanced with good sup - portive care, the child �",
      "type": "text"
    },
    {
      "id": 17,
      "text": "good sup - portive care, the child ’ s nutritional status and stage of the disease. this means that less aggressive treatment often has to be given with less successful outcomes. nevertheless, with stage - adjusted therapies, designed by oncologists of the paediatric oncology in developing countries group podc, which is an arm of the international society of paediatric oncology siop, and by",
      "type": "text"
    },
    {
      "id": 18,
      "text": "society of paediatric oncology siop, and by common consensus and studies done in low - income settings, 6 0 % cure at 1 year can be achieved at a very low cost and manageable toxicity. further reading 1. newton r, wakeham k, bray f. cancer in the tropics. in : farrar j, editor. manson ’ s tropical diseases. 2 3",
      "type": "text"
    },
    {
      "id": 19,
      "text": ". manson ’ s tropical diseases. 2 3 rd ed. london : elsevier ; [ chapter 6 4 ]. 2. molyneux em, rochford r, griffin b, et al. burkitt ’ s lymphoma. lancet ; 3 7 9 : 4 4. 3. hesseling p, israels t, harif m, et al.",
      "type": "text"
    },
    {
      "id": 20,
      "text": "els t, harif m, et al. practical recommendations for the management of children withendemic burkitt ’ slymphoma bl in a resource limited setting. pediatr blood cancer ; 6 0 3 : 3 5 7 - 6 2. 4. gopal s, thomas g. gross. how i treat burkitt lymphoma in chil - dren, adolescents and young adults in",
      "type": "text"
    },
    {
      "id": 21,
      "text": "chil - dren, adolescents and young adults in sub - saharan africa. blood ; 1 3 2 3 : 2 5 4 - 6 3. • fig. 6 0. 3 histology of burkitt ’ s lymphoma h & e stain showing mono - morphic tumour cells of intermediate size, indistinct nuclei with coarse chromatin and vacuoles in the cyto",
      "type": "text"
    },
    {
      "id": 22,
      "text": "coarse chromatin and vacuoles in the cytoplasm 1 0 0 high - power field. • fig. 6 0. 2 the boy after four courses of chemotherapy. 1 6 6 chapter 6 0 a 6 - year - old boy from malawi with proptosis of the left eye",
      "type": "text"
    }
  ],
  "images": [
    {
      "path": "Processed/images/60---A-6-Year-Old-Boy-from-Malawi-With-Proptos_2022_Clinical-Cases-in-Tropic/60---A-6-Year-Old-Boy-from-Malawi-With-Proptos_2022_Clinical-Cases-in-Tropic_p1_img1.jpeg",
      "type": "image"
    },
    {
      "path": "Processed/images/60---A-6-Year-Old-Boy-from-Malawi-With-Proptos_2022_Clinical-Cases-in-Tropic/60---A-6-Year-Old-Boy-from-Malawi-With-Proptos_2022_Clinical-Cases-in-Tropic_p2_img1.jpeg",
      "type": "image"
    },
    {
      "path": "Processed/images/60---A-6-Year-Old-Boy-from-Malawi-With-Proptos_2022_Clinical-Cases-in-Tropic/60---A-6-Year-Old-Boy-from-Malawi-With-Proptos_2022_Clinical-Cases-in-Tropic_p2_img2.jpeg",
      "type": "image"
    }
  ]
}