{
  "file": "61---A-48-Year-Old-Woman-from-Thailand-With-Fever-_2022_Clinical-Cases-in-Tr.md",
  "n_chunks": 33,
  "text_embedding": "Processed_embeddings/embeddings/text/61---A-48-Year-Old-Woman-from-Thailand-With-Fever-_2022_Clinical-Cases-in-Tr_text.npy",
  "image_embedding": "Processed_embeddings/embeddings/image/61---A-48-Year-Old-Woman-from-Thailand-With-Fever-_2022_Clinical-Cases-in-Tr_images.npy",
  "chunks": [
    {
      "id": 0,
      "text": "# page 1 6 1 a 4 8 - year - old woman from thailand with fever and disseminated cutaneous abscesses sabine jordan clinical presentation history a 4 6 - year - old thai woman is transferred to a german clinic for tropical diseases with a 2 - month history of recurrent cuta - neous and subcutaneous abscesses, progressive lymphade - no",
      "type": "text"
    },
    {
      "id": 1,
      "text": "esses, progressive lymphade - nopathy and weight loss. despite various antibiotic therapies, clinical symptoms and inflammatory markers had deteriorated, resulting in hos - pital admission. pus and blood cultures did not yield any growth, and histopathology of a lymph node biopsy showed non - specific lymphadenitis. the symptoms started 6 to 8 weeks after",
      "type": "text"
    },
    {
      "id": 2,
      "text": "itis. the symptoms started 6 to 8 weeks after her return from a family visit to northern thai - land. during her stay the patient had suffered from high fever, dry cough and fatigue. clinical findings a 4 6 - year - old woman, 1 5 8 cm, 6 5 kg bmi 2 6 kg m 2, afe - brile, blood pressure 1 3 0 8 0 mm",
      "type": "text"
    },
    {
      "id": 3,
      "text": "ile, blood pressure 1 3 0 8 0 mmhg, pulse 8 0 bpm. enlarged, tender cervical, nuchal, inguinal and axillary lymph nodes. massive, tender swelling of the upper eyelids. disseminated fluctuant cutaneous and subcutaneous abscesses with surrounding erythema fig. 6 1. 1, discharge of pus on slight pressure",
      "type": "text"
    },
    {
      "id": 4,
      "text": "1. 1, discharge of pus on slight pressure. painful swelling of the left elbow. otherwise normal physical examination. laboratory results and imaging lab results on admission are shown in table 6 1. 1. a radiograph of the patient ’ s left elbow is shown in figure 6 1. 2. questions 1. what are your most important differential diagnoses? 2. what investigations would",
      "type": "text"
    },
    {
      "id": 5,
      "text": "important differential diagnoses? 2. what investigations would you like to do? discussion a 4 6 - year - old woman from thailand presents with a 2 - month history of recurrent and treatment - refractory cuta - neous and subcutaneous abscesses, progressive lymphade - nopathy and weight loss. her symptoms started 6 to • fig. 6 1",
      "type": "text"
    },
    {
      "id": 6,
      "text": "her symptoms started 6 to • fig. 6 1. 1 subcutaneous abscess on the left forearm. table 6 1. 1 laboratory results on admission parameter patient reference wcc 1 0 9 l 3 0. 8 3. 8 - 1 1 haemoglobin g dl 8. 2 1 2. 3 - 1 5. 3 mcv fl 9 4 platelets 1",
      "type": "text"
    },
    {
      "id": 7,
      "text": ". 3 mcv fl 9 4 platelets 1 0 9 l 5 0 - 4 0 0 crp mg l 2 6 7 < 5 esr mm h > 1 1 0 < 7 # page 2 8 weeks after returning from a visit to northern thailand. on examination, multiple cutaneous and subcutaneous abscesses and a generalized lymphadenopathy are noted.",
      "type": "text"
    },
    {
      "id": 8,
      "text": "generalized lymphadenopathy are noted. laboratory findings show elevated systemic markers of inflammation. a radiograph of the swollen elbow reveals osteomyelitis. answer to question 1 what are your most important differential diagnoses? the clinical picture and the laboratory and radiological find - ings are highly suspicious of a systemic infection. as previous antibiotic treatment courses were ineffective and microbio -",
      "type": "text"
    },
    {
      "id": 9,
      "text": "antibiotic treatment courses were ineffective and microbio - logical tests were negative, fungal infections, such as histo - plasmosis, and mycobacterial infections should be considered. furthermore, bacterial infections with special requirements for cultivation and or limited antibiotic sus - ceptibility such as burkholderia pseudomallei, brucella species, francisella tularensis",
      "type": "text"
    },
    {
      "id": 10,
      "text": "cella species, francisella tularensis or actinomyces species could have been misdiagnosed before. as a result of the extensive disease, underlying immuno - deficiency, such as hiv infection, diabetes mellitus, anti - body deficiency or impaired granulocyte function, have to be ruled out. if further microbiological investigations remain negative, rare autoimmune syndromes",
      "type": "text"
    },
    {
      "id": 11,
      "text": "biological investigations remain negative, rare autoimmune syndromes such as idiopathic nodular pan - niculitis weber - christian disease or aseptic abscesses syn - drome have to be taken into account. answer to question 2 what investigations would you like to do? additional microbiological and histopathological investiga - tions seem to be crucial in this case. biop",
      "type": "text"
    },
    {
      "id": 12,
      "text": "tions seem to be crucial in this case. biopsies of skin, abscesses and lymph nodes should be sent for culture and his - topathological studies. testing should focus on fungal and mycobacterial infections. pcr polymerase chain reaction methods - where available - can help accelerate the diagno - sis, because isolation of the pathogen from culture might take several weeks.",
      "type": "text"
    },
    {
      "id": 13,
      "text": "the pathogen from culture might take several weeks. for histoplasmosis, serological antigen and antibody tests are available. these may also help speed up the diagnostic process, but negative results do not rule out infection ; antibody testing lacks sensitivity in immunocom - promised patients. furthermore, the patient should be tested for hiv, and a fasting blood glucose level can help",
      "type": "text"
    },
    {
      "id": 14,
      "text": "hiv, and a fasting blood glucose level can help rule out diabetes mellitus. the case continued … initially, the clinically suspected diagnosis was melioidosis, which is a common cause of disseminated abscesses in patients from north - eastern thailand. the patient received imipenem, which led to a slight improvement of her skin manifestations but inflammation parameters remained grossly",
      "type": "text"
    },
    {
      "id": 15,
      "text": "her skin manifestations but inflammation parameters remained grossly elevated. once various cultures from skin and lymph node biopsies remained sterile, a submandibular lymph node was extir - pated. histologically, this lymph node showed fungal cells that were identified as histoplasma capsulatum by pcr. this was later confirmed by culture. serology for histop",
      "type": "text"
    },
    {
      "id": 16,
      "text": "later confirmed by culture. serology for histoplasmosis remained negative. in retrospect, the febrile illness the patient had suffered whilst in thailand may have been acute pulmonary histo - plasmosis see summary box. while on antifungal treatment with liposomal amphoter - icin b 3 mg kg per day, total dose 3 g the patient developed a",
      "type": "text"
    },
    {
      "id": 17,
      "text": "day, total dose 3 g the patient developed a generalized seizure. csf analysis revealed lymphocytic pleocytosis, which, despite the absence of direct pathogen detection, may have been a cerebral manifestation of histoplasmosis. on treatment with liposomal amphotericin b the patient ’ s clinical state and the laboratory findings improved dramatically.",
      "type": "text"
    },
    {
      "id": 18,
      "text": "s clinical state and the laboratory findings improved dramatically. the patient was started on itraconazole main - tenance therapy for an additional 6 months. no evidence of immunosuppression was found in the diagnostic work - up. on follow - up the patient presented in a fair general condition. some of the former abscess sites showed post - inflammatory hyperpigmentation, enlarged lymph",
      "type": "text"
    },
    {
      "id": 19,
      "text": "- inflammatory hyperpigmentation, enlarged lymph nodes were no longer present and the osteolytic lesions were partly recalcified. repeat histoplasma serology remained negative. summary box histoplasmosis histoplasmosis is caused by h. capsulatum, a dimorphic fun - gus that remains in a mycelial form at ambient",
      "type": "text"
    },
    {
      "id": 20,
      "text": "that remains in a mycelial form at ambient temperatures and grows as yeast at body temperature in mammals. the fungus can be found in temperate climates throughout the world, predominantly in river valleys in parts of the usa, the west indies, central and south america, africa, india, south east asia and australia. the soil in areas endemic for histoplasmosis provides",
      "type": "text"
    },
    {
      "id": 21,
      "text": "in areas endemic for histoplasmosis provides an acidic damp environment with high organic content that favours mycelial growth. highly • fig. 6 1. 2 radiograph of the left elbow, showing osteolytic lesions of the radial epicondylus, osteomyelitis and articular effusion. 1 6 8 chapter 6 1 a 4 8 - year",
      "type": "text"
    },
    {
      "id": 22,
      "text": "6 8 chapter 6 1 a 4 8 - year - old woman from thailand with fever and disseminated cutaneous abscesses # page 3 contaminated soil is found near areas inhabited by bats and birds. birds cannot be infected by the fungus and do not transmit the disease ; however, bird excretions contaminate the soil, thereby enriching the growth medium for the my",
      "type": "text"
    },
    {
      "id": 23,
      "text": ", thereby enriching the growth medium for the mycelium. in contrast, bats can become infected, and they transmit histo - plasmosis through their droppings. contaminated soil can be potentially infectious for years. outbreaks of histoplasmosis have been associated with construction and renovation activ - ities that disrupt soil contaminated with histoplasma species. inhalation",
      "type": "text"
    },
    {
      "id": 24,
      "text": "contaminated with histoplasma species. inhalation of fungal spores may lead to acute pulmonary histoplasmosis ; however, approximately 9 0 % of individuals with acute infection remain asymptomatic. in patients with underlying lung pathology, chronic pulmonary disease can occur. patients develop cavities that may enlarge and result in necrosis. untreated histoplasmosis",
      "type": "text"
    },
    {
      "id": 25,
      "text": "crosis. untreated histoplasmosis may lead to progressive pulmonary fibrosis that leads to recurrent infections and respiratory and cardiac failure. in children, older individuals and immunocompromised patients, dissemination of the infection may occur. the symp - toms of disseminated histoplasmosis typically include fever, malaise, anorexia and weight loss. physical examination will often",
      "type": "text"
    },
    {
      "id": 26,
      "text": "orexia and weight loss. physical examination will often show hepatosplenomegaly and lymphadenopathy, some patients may present with mucous membrane ulcerations as well as skin ulcers, nodules or molluscum - like papules. rarely, disseminated infection can also occur in immunocompetent patients. in disseminated disease, culture of tissue samples or",
      "type": "text"
    },
    {
      "id": 27,
      "text": "in disseminated disease, culture of tissue samples or body fluids and histopathology should be obtained. pcr can help speed up the diagnostic process because isolation from fungal cultures takes up to 3 weeks. serology lacks sensitivity, especially in immunocompromised patients. in these cases, blood and urine antigen testing should be performed. in patients with disseminated infection, initial treatment with liposom",
      "type": "text"
    },
    {
      "id": 28,
      "text": "with disseminated infection, initial treatment with liposomal amphotericin b 3 - 5 mg kg daily is highly effective. itraconazole 4 0 0 mg daily is favoured for maintenance ther - apy. the duration of treatment depends on the severity of infection and the immune status of the patient. idsa infectious diseases society of america guidelines recommends 6 to",
      "type": "text"
    },
    {
      "id": 29,
      "text": "sa infectious diseases society of america guidelines recommends 6 to 1 8 months in total. further reading 1. hay rj. fungal infections. in : farrar j, editor. manson ’ s tropical diseases. 2 3 rd ed. london : elsevier ;. 2. kauffman ca. histoplasmosis : a clinical and laboratory update. clin microbiol rev ;",
      "type": "text"
    },
    {
      "id": 30,
      "text": "laboratory update. clin microbiol rev ; 2 0 : 1 1 5 - 3 2. 3. wheat lj, freifeld ag, kleiman mb, et al. clinical practice guide - lines for the management of patients with histoplasmosis : update by the infectious diseases society of america. clin infect dis ; 4 5 : 8 0 7 - 2 5",
      "type": "text"
    },
    {
      "id": 31,
      "text": "; 4 5 : 8 0 7 - 2 5. 4. wheat lj, azar mm, bahr nc, spec a, relich rf, hage c. his - toplasmosis. infect dis clin north am ; 3 0 1 : 2 0 7 - 2 7. 5. azar mm, hage ca. laboratory diagnostics for histoplasmosis",
      "type": "text"
    },
    {
      "id": 32,
      "text": "ca. laboratory diagnostics for histoplasmosis. j clin microbiol ; 5 5 6 : 2 0. 1 6 9 chapter 6 1 a 4 8 - year - old woman from thailand with fever and disseminated cutaneous abscesses",
      "type": "text"
    }
  ],
  "images": [
    {
      "path": "Processed/images/61---A-48-Year-Old-Woman-from-Thailand-With-Fever-_2022_Clinical-Cases-in-Tr/61---A-48-Year-Old-Woman-from-Thailand-With-Fever-_2022_Clinical-Cases-in-Tr_p1_img1.jpeg",
      "type": "image"
    },
    {
      "path": "Processed/images/61---A-48-Year-Old-Woman-from-Thailand-With-Fever-_2022_Clinical-Cases-in-Tr/61---A-48-Year-Old-Woman-from-Thailand-With-Fever-_2022_Clinical-Cases-in-Tr_p2_img1.jpeg",
      "type": "image"
    }
  ]
}