{
  "file": "62---A-28-Year-Old-Man-from-Ghana-With-a-Chron_2022_Clinical-Cases-in-Tropic.md",
  "n_chunks": 30,
  "text_embedding": "Processed_embeddings/embeddings/text/62---A-28-Year-Old-Man-from-Ghana-With-a-Chron_2022_Clinical-Cases-in-Tropic_text.npy",
  "image_embedding": "Processed_embeddings/embeddings/image/62---A-28-Year-Old-Man-from-Ghana-With-a-Chron_2022_Clinical-Cases-in-Tropic_images.npy",
  "chunks": [
    {
      "id": 0,
      "text": "# page 1 6 2 a 2 8 - year - old man from ghana with a chronic ulcer on his ankle fredericka sey and ivy ekem clinical presentation history a 2 8 - year - old west african man presents to a clinic in ghana complaining of a painful ulcer on his left ankle. the ulcer has been present for the past 4 months and is not healing fig.",
      "type": "text"
    },
    {
      "id": 1,
      "text": "the past 4 months and is not healing fig. 6 2. 1. there is no history of prior trauma ; however, he had a previous ulcer on his right ankle some years ago which took about a year to heal. he also complains of pain in his right thigh and in both knees. clinical findings the patient is short for an adult ; he is pale and has a t",
      "type": "text"
    },
    {
      "id": 2,
      "text": "an adult ; he is pale and has a tinge of jaundice. the ulcer is on his left ankle, next to the medial malleolus ; the skin surrounding it is hyperpigmented. there is tenderness in both knee joints and in his right thigh. the rest of the physical examination is normal. vital signs : tem - perature 3 6.",
      "type": "text"
    },
    {
      "id": 3,
      "text": "vital signs : tem - perature 3 6. 6 ° c, pulse 8 8 bpm, blood pressure 1 1 0 7 0 mmhg. questions 1. what is your differential diagnosis? 2. how would you confirm the diagnosis? discussion a 2 8 - year - old west african man presents with a chronic, painful ankle ulcer. he had a similar ulcer on the other",
      "type": "text"
    },
    {
      "id": 4,
      "text": ". he had a similar ulcer on the other foot a few years prior. he also complains of bone pains. he is short for an adult, pale and mildly jaundiced. answer to question 1 what is your differential diagnosis? the chronic nature of the ulcer, its site and the surrounding hyperpigmentation make a venous ulcer likely. the patient ’ s",
      "type": "text"
    },
    {
      "id": 5,
      "text": "ous ulcer likely. the patient ’ s bone pain, jaundice and pallor could point to a haemolytic anaemia. various hereditary haemolytic anaemias may be complicated by chronic leg ulceration, e. g. haemoglobinopa - thies thalassaemia and sickle cell disease, spherocytosis",
      "type": "text"
    },
    {
      "id": 6,
      "text": "mia and sickle cell disease, spherocytosis and pyruvate kinase deficiency. in the west african context, sickle cell disease is the most likely diagnosis. further differentials would be tropical ulcer, diabetic ulcer or chronic osteomyelitis with a discharging sinus. bur - uli ulcer, caused by mycobacterium ulcerans, is usually pain -",
      "type": "text"
    },
    {
      "id": 7,
      "text": "bacterium ulcerans, is usually pain - less. other mycobacterial infections can also present with chronic skin ulcers. pyoderma gangrenosum and malignant diseases also need to be considered. answer to question 2 how would you confirm the diagnosis? a full blood count and a peripheral blood film should be done. in sickle cell disease, during an acute crisis,",
      "type": "text"
    },
    {
      "id": 8,
      "text": "in sickle cell disease, during an acute crisis, abundant sickled red cells can be seen on a blood film. other charac - teristic but non - specific features include target cells, howell - jolly bodies, polychromasia and nucleated red cells. the presence of hbs can be demonstrated by using a simple sickle slide or solubility test. blood is mixed with sodium",
      "type": "text"
    },
    {
      "id": 9,
      "text": "or solubility test. blood is mixed with sodium metabisulphite, which will provoke sickling of cells contain - ing hbs ; this can be demonstrated on a slide. if resources allow, confirmation is by haemoglobin electrophoresis, liquid chromatography or isoelectric focusing. • fig. 6 2. 1 the patient ’ s left leg",
      "type": "text"
    },
    {
      "id": 10,
      "text": "2. 1 the patient ’ s left leg showing an ulcer surrounded by hyper - pigmented skin on the medial malleolus. 1 7 0 # page 2 fasting blood sugar and wound swab for culture and sen - sitivity as well as a radiograph of the left leg should be done to rule out other differential diagnoses and osteomyelitis.",
      "type": "text"
    },
    {
      "id": 11,
      "text": "other differential diagnoses and osteomyelitis. the case continued … blood was taken and the available results are shown in table 6 2. 1. the patient ’ s blood film is shown in figure 6 2. 2. the sickling test was positive and haemoglobin electrophoresis showed ahomozygoushbss - type. the woundswab",
      "type": "text"
    },
    {
      "id": 12,
      "text": "bss - type. the woundswabgrew pseu - domonas species sensitive to levofloxacin. radiography showed a periosteal reaction with slightly sclerotic bones. the diagnosis made was sickle cell disease with a chronic ankle ulcer. the patient was managed with alternate daily wound dressing using normal saline irrigation and povi - done - iodine.",
      "type": "text"
    },
    {
      "id": 13,
      "text": "irrigation and povi - done - iodine. high white cell counts are commonly seen in sickle cell disease. they may be the result of bone marrow stimulation and do not necessarily indicate systemic infec - tion. however, in view of the patient ’ s generally poor condi - tion and the pseudomonas grown from his wound swab, it was decided to give him",
      "type": "text"
    },
    {
      "id": 14,
      "text": "wound swab, it was decided to give him systemic antibiotic treatment. strict bed rest was difficult to enforce because the young man was self - employed and could not afford to take the required time off work. his recurrent bone pain was man - aged conservatively with good hydration, prompt treatment of infections and relief of other identifiable precipitants of crises. he received daily folic acid",
      "type": "text"
    },
    {
      "id": 15,
      "text": "ants of crises. he received daily folic acid supplementation. pain relief was achieved with paracetamol and tramadol. however, on follow - up 3 years later, the ulcer was still not healed. grafting was under consideration, when healthy granulation tissue would be achieved. six years later, the wound had still not healed and the patient could not afford a",
      "type": "text"
    },
    {
      "id": 16,
      "text": "still not healed and the patient could not afford a skin graft. he had 3 times weekly dressing and felt well in himself. his wbc was normal and his hb had slightly increased see table 6 2. 1. summary box leg ulcers in sickle cell disease sickle cell disease scd is a collection of autosomal - codominant genetic disorders characterized by the production of abnormal sickle haemo",
      "type": "text"
    },
    {
      "id": 17,
      "text": "characterized by the production of abnormal sickle haemoglobin s hbs. homozygous hbss leads to sickle cell anaemia, the most severe form of scd. sickle cell disease is the commonest hereditary haematological disorder. hbs has the tendency to polymerize during hypoxia. this leads to a reduction of the flexibility of the erythrocy",
      "type": "text"
    },
    {
      "id": 18,
      "text": "a reduction of the flexibility of the erythrocyte and to the typical sickle shape of the affected cell. sickled red blood cells lead to haemolysis and vaso - occlusion. the disease is characterized by episodes of acute illness against a background of progressive organ damage. any organ can be affected by scd at any age ; however, certain features tend to pre",
      "type": "text"
    },
    {
      "id": 19,
      "text": "any age ; however, certain features tend to predominate in certain age - groups. leg ulcers tend to manifest in adulthood. pathophysiology is complex and remains incompletely understood. ulcers in scd occur in areas with thin skin and little subcutaneous fat, most commonly on the ankles. they are notoriously difficult to treat. the ulcers are slow to heal and are",
      "type": "text"
    },
    {
      "id": 20,
      "text": ". the ulcers are slow to heal and are characterized by unexplained relapses. they are com - monly very painful and patients may occasionally require opioids for pain control. colonization with pathogenic bacteria is com - mon. periosteal reaction is usually seen in the underlying bones but osteomyelitis is uncommon. of the many treatments, the most certain to aid",
      "type": "text"
    },
    {
      "id": 21,
      "text": "of the many treatments, the most certain to aid healing is complete bed rest with leg elevation. oral zinc sulphate tablets 2 0 0 mg tid have been shown to be helpful. systemic antibiotic therapy is given in acute sepsis. the use of hydroxyurea in leg ulcers is controversial. chronic transfusion regimens to maintain the haemoglobin level above 1 0 g dl",
      "type": "text"
    },
    {
      "id": 22,
      "text": "haemoglobin level above 1 0 g dl may help when conser - vative therapy fails. skin grafting for clean wounds is recom - mended, especially when the defect is large. the relapse rate is high, however. poor nutrition which has not been given much attention may be a crucial factor and needs to be investigated on a wide scale in sickle cell disease",
      "type": "text"
    },
    {
      "id": 23,
      "text": "be investigated on a wide scale in sickle cell disease. table 6 2. 1 laboratory results parameter patient initial visit patient 6 years later reference range wbc 1 0 9 l 1 7. 6 9. 2 4 - 1 0 haemoglobin g dl 6. 9 8. 3 1 3 - 1 5 platelet 1 0 9 l adequate 5 0 - 4 0 0 fasting blood",
      "type": "text"
    },
    {
      "id": 24,
      "text": "l adequate 5 0 - 4 0 0 fasting blood glucose mmol l 4. 8 not done 4. 4 - 6. 1 • fig. 6 2. 2 patient ’ s blood film : irreversibly sickled cells s, polychroma - sia p, target cells tc, nucleated red cells nrc - note similarity with lymphocyte l. adequate plate",
      "type": "text"
    },
    {
      "id": 25,
      "text": "arity with lymphocyte l. adequate platelets. 1 7 1 chapter 6 2 a 2 8 - year - old man from ghana with a chronic ulcer on his ankle # page 3 further reading 1. thachil j, owusu - ofori s, bates i. haematological diseases in the tropics. in : farrar j, editor. manson �",
      "type": "text"
    },
    {
      "id": 26,
      "text": "in : farrar j, editor. manson ’ s tropical diseases. 2 3 rd ed. london : elsevier ; [ chapter 6 5 ]. 2. ware re, de montalembert m, tshilolo l, abboud mr. sickle cell disease. lancet ; 3 9 0 : 3 1 1 - 2 3. 3. delaney km, axelrod kc,",
      "type": "text"
    },
    {
      "id": 27,
      "text": ". 3. delaney km, axelrod kc, buscetta a, et al. leg ulcers in sickle cell disease : current patterns and practices. hemoglobin ; 3 7 4 : 3 2 5 - 3 2. 4. halabi - tawil m, lionnet f, girot r, et al. sickle cell leg ulcers : a frequently disabling complication",
      "type": "text"
    },
    {
      "id": 28,
      "text": "leg ulcers : a frequently disabling complication and a marker of severity. br j dermatol ; 1 5 8 2 : 3 3 9 - 4 4. 5. serena te, yaakov ra, delegge m, mayhugh ta, moore s. nutri - tion in patients with chronic non - healing ulcers : a paradigm shift in wound care.",
      "type": "text"
    },
    {
      "id": 29,
      "text": "ulcers : a paradigm shift in wound care. chronic wound care manage res ; 5 : 5 - 9. avail - able from : https : doi. org 1 0. cwcmr. s 1 4. accessed 1 1 april. 1 7 2 chapter 6 2 a 2 8 - year - old man from ghana with a chronic ulcer on his ankle",
      "type": "text"
    }
  ],
  "images": [
    {
      "path": "Processed/images/62---A-28-Year-Old-Man-from-Ghana-With-a-Chron_2022_Clinical-Cases-in-Tropic/62---A-28-Year-Old-Man-from-Ghana-With-a-Chron_2022_Clinical-Cases-in-Tropic_p1_img1.jpeg",
      "type": "image"
    },
    {
      "path": "Processed/images/62---A-28-Year-Old-Man-from-Ghana-With-a-Chron_2022_Clinical-Cases-in-Tropic/62---A-28-Year-Old-Man-from-Ghana-With-a-Chron_2022_Clinical-Cases-in-Tropic_p2_img1.jpeg",
      "type": "image"
    }
  ]
}