{
  "file": "63---A-38-Year-Old-European-Expatriate-Living-in-M_2022_Clinical-Cases-in-Tr.md",
  "n_chunks": 35,
  "text_embedding": "Processed_embeddings/embeddings/text/63---A-38-Year-Old-European-Expatriate-Living-in-M_2022_Clinical-Cases-in-Tr_text.npy",
  "image_embedding": "Processed_embeddings/embeddings/image/63---A-38-Year-Old-European-Expatriate-Living-in-M_2022_Clinical-Cases-in-Tr_images.npy",
  "chunks": [
    {
      "id": 0,
      "text": "# page 1 6 3 a 3 8 - year - old european expatriate living in malawi with difficulty passing urine joep j. van oosterhout clinical presentation history a 3 8 - year - old european expatriate presents at the medical outpatient clinic in a tertiary hospital in malawi with pro - gressive constipation and difficulty passing urine for the past 3 weeks.",
      "type": "text"
    },
    {
      "id": 1,
      "text": "and difficulty passing urine for the past 3 weeks. he noticed that he had to use increasing abdominal pressure to pass urine and eventually became only able to pass small amounts at a time. this is associated with increas - ing lower abdominal discomfort, abnormal sensations in the groins and around the genitals and some erectile dysfunction. he has no weakness and there is no dysa",
      "type": "text"
    },
    {
      "id": 2,
      "text": "he has no weakness and there is no dysaesthesia and no loss of sensation in his legs. however, he mentions that walking did not feel normal, although he cannot fully explain what the abnormality is. he has no backache. over the past 2 months he has experienced unintentional weight loss of 8 kg and fatigue without fever or night sweats. he blames this on",
      "type": "text"
    },
    {
      "id": 3,
      "text": "without fever or night sweats. he blames this on stressful circumstances at work. he has sexual contact with his wife only, to whom he has been mar - ried for several years. one week prior to presentation he had noticed reddish discoloration of his urine. he had no painful micturition or fever at that time. he visited a local clinic and was pre - scribed four",
      "type": "text"
    },
    {
      "id": 4,
      "text": "visited a local clinic and was pre - scribed four different types of medication, which he com - pleted. there is no history of trauma and the rest of his previous medical history is unremarkable. physical examination he looks healthy and has normal vital signs. there are no abnormalities on general examination, except for a palpable bladder. the rectal examination reveals a low an",
      "type": "text"
    },
    {
      "id": 5,
      "text": "bladder. the rectal examination reveals a low anal sphincter tone and the genital examination is normal. he has lively, symmetrical tendon reflexes in the legs without clonus or pathological plantar reflexes, and no abnormalities in the rest of the neurological examination. questions 1. which important pieces of information are missing? 2. what are possible diagnoses and",
      "type": "text"
    },
    {
      "id": 6,
      "text": "missing? 2. what are possible diagnoses and which investigations would you order? discussion a 3 8 - year - old european expatriate living in malawi presents with constipation, bladder retention, an episode of probable haematuria, erectile dysfunction, genital paraesthesia, signif - icant weight loss and fatigue. there are no abnormal neuro - logical findings on examination",
      "type": "text"
    },
    {
      "id": 7,
      "text": "there are no abnormal neuro - logical findings on examination, however most of the complaints are compatible with a conus syndrome because of a lesion within the conus medullaris or because of com - pression. the constitutional symptoms suggest an underly - ing chronic infection or malignancy. answer to question 1 which important pieces of information are missing? the important missing pieces of information",
      "type": "text"
    },
    {
      "id": 8,
      "text": "information are missing? the important missing pieces of information are details of the recent visit to the local clinic and exposure to fresh water in malawi. on physical examination, the anal reflex should have been tested. answer to question 2 what are possible diagnoses and which investigations would you order? the most important differential diagnosis for a conus medul - laris syndrome in a young,",
      "type": "text"
    },
    {
      "id": 9,
      "text": "dul - laris syndrome in a young, otherwise healthy man living in tropical africa is spinal cord schistosomiasis. other impor - tant infections to consider are spinal tuberculosis, a spinal abscess and neurosyphilis. a tumour or metastases impinging on the conus medullaris should be ruled out. 1 7 3 # page 2 urine and stool",
      "type": "text"
    },
    {
      "id": 10,
      "text": ". 1 7 3 # page 2 urine and stool microscopy for ova of schistosoma haema - tobium and s. mansoni, respectively, should be ordered. a full blood count should be done, including a white cell differen - tial count to look for eosinophilia. creatinine and c - reactive protein should be tested. schistosomiasis",
      "type": "text"
    },
    {
      "id": 11,
      "text": "protein should be tested. schistosomiasis serology would be useful in this expatriate. a vdrl and an hiv test should be done. an ultrasound of the abdomen assessing bladder volume before and after micturition and imaging of the spinal cord should be requested. the case continued … the patient was able to retrieve details of his urine micros -",
      "type": "text"
    },
    {
      "id": 12,
      "text": "to retrieve details of his urine micros - copy from the local clinic. schistosoma haematobium eggs had been identified in his urine and he had been treated with a full dose of praziquantel, a course of ciprofloxacin, busco - pan and bisacodyl. he had swum regularly in lake malawi. an abdominal ultrasound",
      "type": "text"
    },
    {
      "id": 13,
      "text": "swum regularly in lake malawi. an abdominal ultrasound scan after attempted micturi - tion showed a large bladder residue without further abnormalities. full blood count showed a normal absolute wbc of l with a relative eosinophilia of 2 1. 8 % reference range : 1 - 6 % and an absolute eosinophil count of 1. 9 l reference : <",
      "type": "text"
    },
    {
      "id": 14,
      "text": "hil count of 1. 9 l reference : < 0. 9 l. alt was slightly elevated. creatinine and crp were normal. an hiv test and the vdrl were negative and micros - copy of a stool and urine sample were normal. serological tests for schistosomiasis were not available. an mri scan of the spinal cord was performed fig.",
      "type": "text"
    },
    {
      "id": 15,
      "text": "mri scan of the spinal cord was performed fig. 6 3. 1. an enhancing 1 cm large lesion was seen at the anterior aspect of the conus, with associated high t 2 sig - nal representing oedema extending from the lower end of the conus to the level of t 9. in addition, there was nodular thickening of the urine bladder wall at",
      "type": "text"
    },
    {
      "id": 16,
      "text": "dular thickening of the urine bladder wall at the base and the pos - terior aspect. the diagnosis of an infection with schistosoma haemato - bium was made as evidenced by the urine findings and sup - ported by the eosinophilia and the abnormalities seen in the bladder wall on mri scanning. this was complicated by spi - nal cord",
      "type": "text"
    },
    {
      "id": 17,
      "text": "scanning. this was complicated by spi - nal cord schistosomiasis see summary box with lesions in the conus medullaris, causing a conus syndrome. a dual infection with s. haematobium and s. mansoni is possible, because s. mansoni is the more common pathogen causing spinal cord schistosomiasis, and both patho",
      "type": "text"
    },
    {
      "id": 18,
      "text": "cord schistosomiasis, and both pathogens are endemic in malawi. theoretically, the spinal cord abnormalities could have been caused by other conditions, such as tuberculosis and metastatic cancer, for instance from a bladder carcinoma. although it has been argued that s. haematobium infection is a risk factor for bladder carcinoma, this is mainly observed in long - term",
      "type": "text"
    },
    {
      "id": 19,
      "text": "carcinoma, this is mainly observed in long - term heavy infections, which are uncommon in expa - triates. further tests to rule out such distinct possibilities are not readily available in malawi and were not deemed necessary. the patient required urinary catheterization for 2 weeks. he made a full recovery after a second course of praziquantel and a course of high - dose",
      "type": "text"
    },
    {
      "id": 20,
      "text": "ziquantel and a course of high - dose prednisolone, tapered off over 2 months. he was well after more than 2 years of follow - up. summary box neuroschistosomiasis neuroschistosomiasis can occur in the brain and more frequently in the spinal cord. cerebral schistosomiasis can be asymptomatic or present with",
      "type": "text"
    },
    {
      "id": 21,
      "text": "asis can be asymptomatic or present with seizures, lateralizing signs and meningo - encephalitis. spinal cord schistosomiasis scs is more frequent in s. mansoni than in s. haemato - bium infections and often causes severe disability because of paraparesis and bladder dysfunction. it is also the most important severe complication of schistosom",
      "type": "text"
    },
    {
      "id": 22,
      "text": "the most important severe complication of schistosomiasis in travellers. our understanding of the pathophysiology of neu - roschistosomiasis is limited. for unknown reasons, ectopic worms lodge in the venous plexus around the cns instead of their normal habitat. laminectomy with biopsy of the nervous tissue is the only method that gives a definite diagnosis of",
      "type": "text"
    },
    {
      "id": 23,
      "text": "is the only method that gives a definite diagnosis of scs. however, this procedure should be avoided because of its risks. diagnosis is based upon spinal cord imaging and proof of exposure to the parasite. urine should be examined for s. haematobium eggs ; for s. mansoni, stool microscopy may be attempted but lacks sensitivity, which is much higher for rectal biopsies.",
      "type": "text"
    },
    {
      "id": 24,
      "text": "which is much higher for rectal biopsies. the circulating cathodic antigen cca test is a urine antigen test, which may prove s. mansoni infection. it detects an antigen regurgitated by adult worms of s. mansoni. it is less sensitive for s. haematobium and generally works better if the parasite burden is high. a novel",
      "type": "text"
    },
    {
      "id": 25,
      "text": "better if the parasite burden is high. a novel test for the circulating anodic antigen caa is under devel - opment and seems to be more promising for proof of both parasite species in urine and blood. serological tests are useful in patients from non - endemic countries. they lack sensitivity and specificity in endemic populations. detection of schistosomal antibodies in the",
      "type": "text"
    },
    {
      "id": 26,
      "text": "detection of schistosomal antibodies in the csf is specific but not widely validated. eosinophils are present in the csf in about 5 0 % of patients. • fig. 6 3. 1 t 2 - weighted mri scan of the spinal cord. 1 7 4 chapter 6 3 a 3 8 - year - old european expatriate living in malawi with",
      "type": "text"
    },
    {
      "id": 27,
      "text": "- old european expatriate living in malawi with difficulty passing urine # page 3 other causes of myelitis should be ruled out, which is often impossible in low - resource settings where pragmatic treatment for suspected neuroschistosomiasis may be justified. treatment of neuroschistosomiasis is with antischistosomal drugs praziquantel plus corticosteroids and",
      "type": "text"
    },
    {
      "id": 28,
      "text": "praziquantel plus corticosteroids and is based on case series and expert opinion. the pathology is caused by inflammation around schistosoma eggs. praziquantel kills adult flukes only and thereby stops additional eggs being shed into the spinal cord. most early improvement of the neurological presentation is thought to result from the antiinflammatory effects of corticosteroids. the optimal dose",
      "type": "text"
    },
    {
      "id": 29,
      "text": "effects of corticosteroids. the optimal dose and duration are not well known. up to 6 months of high - dose corticosteroids is recommended ; however, data from randomized controlled trials are lacking. laminectomy should be considered in patients with severe spinal cord compression. about 6 5 % of patients with spinal cord schistosomiasis who are treated early, recover",
      "type": "text"
    },
    {
      "id": 30,
      "text": "stosomiasis who are treated early, recover completely or are left with neg - ligible deficits that do not cause any functional limitations ; the remaining patients are left with sequelae that vary from mild to severe. further reading 1. bustinduy al, king ch. schistosomiasis. in : farrar j, editor. manson ’ s tropical",
      "type": "text"
    },
    {
      "id": 31,
      "text": "rar j, editor. manson ’ s tropical diseases. 2 3 rd ed. london : elsevier ; [ chapter 5 2 ]. 2. ferrari tc, moreira pr. neuroschistosomiasis : clinical symptoms and pathogenesis. lancet neurol ; 1 0 9 : 8 5 3 - 6 4. 3. colley dg, bustinduy al, sec",
      "type": "text"
    },
    {
      "id": 32,
      "text": "colley dg, bustinduy al, secor we, king ch. human schisto - somiasis. lancet ; 3 8 3 : 6 4. 4. silva lc, maciel pe, ribas jg, et al. treatment of schistosomal myeloradiculopathy with praziquantel and corticosteroids and eval - uation",
      "type": "text"
    },
    {
      "id": 33,
      "text": "and corticosteroids and eval - uation by magnetic resonance imaging : a longitudinal study. clin infect dis ; 3 9 1 1 : 2 4. 5. bonnefond s, cnops l, duvignaud a, et al. early complicated schistosomiasis in a returning traveller : key contribution of new molecular diagnostic methods.",
      "type": "text"
    },
    {
      "id": 34,
      "text": "traveller : key contribution of new molecular diagnostic methods. int j infect dis ; 7 9 : 7 2 - 4. 1 7 5 chapter 6 3 a 3 8 - year - old european expatriate living in malawi with difficulty passing urine",
      "type": "text"
    }
  ],
  "images": [
    {
      "path": "Processed/images/63---A-38-Year-Old-European-Expatriate-Living-in-M_2022_Clinical-Cases-in-Tr/63---A-38-Year-Old-European-Expatriate-Living-in-M_2022_Clinical-Cases-in-Tr_p2_img1.jpeg",
      "type": "image"
    }
  ]
}