{
  "file": "64---A-40-Year-Old-Woman-from-Thailand-and-Her-Bro_2022_Clinical-Cases-in-Tr.md",
  "n_chunks": 36,
  "text_embedding": "Processed_embeddings/embeddings/text/64---A-40-Year-Old-Woman-from-Thailand-and-Her-Bro_2022_Clinical-Cases-in-Tr_text.npy",
  "image_embedding": "Processed_embeddings/embeddings/image/64---A-40-Year-Old-Woman-from-Thailand-and-Her-Bro_2022_Clinical-Cases-in-Tr_images.npy",
  "chunks": [
    {
      "id": 0,
      "text": "# page 1 6 4 a 4 0 - year - old woman from thailand and her brother - in - law with severe headache camilla rothe and juri katchanov clinical presentation history a 4 0 - year - old thai woman presents to an outpatient clinic in germany with a history of severe headache for the past 8 days. the headache was of gradual onset and did not respond to any",
      "type": "text"
    },
    {
      "id": 1,
      "text": "was of gradual onset and did not respond to any painkillers. there is no fever and no chills. she denies any visual problems, any weakness of her limbs or memory problems. ten days earlier she had returned from a 4 - week jour - ney to north - east thailand, where she visited friends and relatives. during her visit she ate traditional regional dishes, including freshwater fish, seafood",
      "type": "text"
    },
    {
      "id": 2,
      "text": "ate traditional regional dishes, including freshwater fish, seafood, snails and frogs. she reports that her brother - in - law, with whom she had shared several traditional meals, has also fallen ill with a severe headache. she presented to a municipal hospital 3 days earlier. a ct scan of her brain was performed and reported to be normal. her blood count was also normal. a differential white",
      "type": "text"
    },
    {
      "id": 3,
      "text": "her blood count was also normal. a differential white cell count has not been done. her past medical history is unremarkable. the patient is married, she is a housewife and has lived in germany for the past 1 3 years. clinical findings on examination, she is afebrile, her neck is supple and lasè - gue ’ s sign straight leg raise is negative",
      "type": "text"
    },
    {
      "id": 4,
      "text": "gue ’ s sign straight leg raise is negative. pupils are equal, round and react to light and accommodation, and there are no cranial nerve palsies. the remainder of the neuro - logical examination, including the assessment of higher cortical functions such as language, memory and praxia, is unremarkable. there is no rash, no oral thrush and there are no subcu",
      "type": "text"
    },
    {
      "id": 5,
      "text": ", no oral thrush and there are no subcutaneous swellings. cardiopulmonary examina - tion is normal. liver and spleen are not enlarged, and there is no lymphadenopathy. laboratory results her laboratory results at presentation in the clinic are shown in table 6 4. 1. questions 1. what is your presumptive diagnosis? 2. which",
      "type": "text"
    },
    {
      "id": 6,
      "text": "is your presumptive diagnosis? 2. which investigation would you perform to substantiate your diagnosis? discussion a 4 0 - year - old thai woman presents with a history of severe intractable headache after a stay in north - east thailand where she enjoyed traditional regional dishes. her brother - in - law in thailand is suffering from the same severe headache. table 6 4. 1 laboratory",
      "type": "text"
    },
    {
      "id": 7,
      "text": "same severe headache. table 6 4. 1 laboratory results at presentation in the clinic parameter units patient reference wbc 1 0 9 l 1 2. 3 4 - 1 0 eosinophils 1 0 9 l 2. 3 4 < 0. 5 haemoglobin mg dl 1 1. 7 1 2 - 1 4 mcv fl 1 0 3 platelets 1 0 9 l",
      "type": "text"
    },
    {
      "id": 8,
      "text": "fl 1 0 3 platelets 1 0 9 l 5 0 - 3 5 0 esr mm h ige u ml 9 4 4 < 1 0 0 creatinine μmol l 6 2 < 8 0 alt u l 2 8 < 3 0 ggt u l 3 5 < 4 0 c - reactive protein mg l < 5 < # page 2 on examination, she is afe",
      "type": "text"
    },
    {
      "id": 9,
      "text": "< # page 2 on examination, she is afebrile with no meningism and no focal neurological deficits. her blood results reveal peripheral eosinophilia and elevated ige levels. a ct scan of her brain done elsewhere showed no abnormalities. answer to question 1 what is your presumptive diagnosis? the most likely diagnosis is a food - borne parasitic infection of",
      "type": "text"
    },
    {
      "id": 10,
      "text": "diagnosis is a food - borne parasitic infection of the meninges. the key points from the history which sup - port a food - borne infection are : 1 temporal relationship with travelling to north - east thailand, where food - borne nematodes are prevalent ; 2 consumption of traditional thai food, including raw or undercooked freshwater fish, seafood, snails and frogs ; and 3 the occurrence",
      "type": "text"
    },
    {
      "id": 11,
      "text": "seafood, snails and frogs ; and 3 the occurrence of similar symptoms in a relative who participated in the same meals cluster. headache is a typical symptom of meningitis, therefore infestation of the meninges is very likely. the diagnosis of a parasitosis is strongly supported by the presence of consid - erable blood eosinophilia and elevated ige levels in serum. answer to",
      "type": "text"
    },
    {
      "id": 12,
      "text": "ia and elevated ige levels in serum. answer to question 2 which investigation would you perform to substantiate your diagnosis? parasitic infection of the meninges typically results in eosin - ophilic meningitis. the next investigation to perform is a lumbar puncture to confirm meningitis and to look for a pos - sibly eosinophilic profile of inflammation.",
      "type": "text"
    },
    {
      "id": 13,
      "text": "bly eosinophilic profile of inflammation. eosinophilic meningitis in an otherwise healthy person with positive his - tory of exposure to helminths and features of an outbreak is almost always attributable to a parasitic infestation. the main differential diagnoses are fungal meningitis with coccidioides immitis in north and central america, lymphoma, eosin",
      "type": "text"
    },
    {
      "id": 14,
      "text": "in north and central america, lymphoma, eosinophilic leukaemia, sarcoid and idiopathic hypereosinophilic syndrome. it is important to measure the csf opening pressure. if it is elevated, serial spinal taps might relieve the symptoms. the case continued … a lumbar puncture was performed. the cerebrospinal fluid showed leukocy",
      "type": "text"
    },
    {
      "id": 15,
      "text": ". the cerebrospinal fluid showed leukocytes μl reference value < 5, with 4 2 % eosinophils, 3 9 % lymphocytes, 1 8 % monocytes and 1 % neutrophils fig. 6 4. 1. csf protein levels were elevated at 1. 5 9 g l reference value < 0. 4 5, glucose",
      "type": "text"
    },
    {
      "id": 16,
      "text": "l reference value < 0. 4 5, glucose was 1. 8 5 mmol l reference range : 2. 2 - 3. 9. on microscopic examination of the csf, no larvae could be detected. ziehl - neelsen stain as well as cryptococcal antigen were negative. there were no suspected malignant cells. csf culture did not yield any",
      "type": "text"
    },
    {
      "id": 17,
      "text": "ant cells. csf culture did not yield any bacterial or fungal growth. urine and stool microscopy did not show any ova of schistosoma species. taenia solium serology was negative, as were fasciola hepatica and paragonimus serologies. toxo - cara canis serology was weakly positive but did not show any change of titre on follow -",
      "type": "text"
    },
    {
      "id": 18,
      "text": "not show any change of titre on follow - up. hiv serology was negative. the initial csf opening pressure was elevated, at 3 4 cmh 2 o reference range 1 2 - 2 0. lumbar puncture relieved the patient ’ s headache and was therefore repeated • fig. 6 4. 1 romanowski - giemsa stain of the csf sample revealing",
      "type": "text"
    },
    {
      "id": 19,
      "text": "giemsa stain of the csf sample revealing large numbers of eosinophils with red eosinophilic cytoplasm. cour - tesy prof. thomas schneider table 6 4. 2 main causes and characteristics of parasitic eosinophilic meningitis pathogen incubation period source of infection geography clinical features serology angiostrongylus cantonensis 2",
      "type": "text"
    },
    {
      "id": 20,
      "text": "serology angiostrongylus cantonensis 2 - 3 5 days consumption of infected crustaceans, snails, prawns, crabs, frogs, and or contaminated vegetables south - east asia, pacific basin, australia, caribbean paraesthesia of trunk, limbs, or face western blot of antibodies against 3 1 kd antigen ∗ gnathostoma spinigerum days to",
      "type": "text"
    },
    {
      "id": 21,
      "text": "� gnathostoma spinigerum days to months consumption of infected poultry or fish, snakes, frogs south - east asia mainly thailand, emerging in sub - saharan africa migrating subcutaneous swellings, creeping eruption, sharp radicular pain at onset western blot of antibodies against 2 4 kd antigen ∗ ∗ serology can be negative in acute state and a paired con",
      "type": "text"
    },
    {
      "id": 22,
      "text": "can be negative in acute state and a paired convalescence sample should be taken after 4 weeks. 1 7 7 chapter 6 4 a 4 0 - year - old woman from thailand and her brother - in - law with severe headache # page 3 twice, whereupon the patient felt markedly better. no further specific treatment was prescribed. she received iron tablets for a mild microcytic",
      "type": "text"
    },
    {
      "id": 23,
      "text": "she received iron tablets for a mild microcytic anaemia. the patient was discharged significantly improved after a 1 - week hospital stay. after her discharge, serology results came back and western blot showed specific antibodies against 3 1 kd angiostrongylus cantonensis antigen. since the patient hat no symptoms any more no further treatment was prescribed. at 4 - week",
      "type": "text"
    },
    {
      "id": 24,
      "text": "no further treatment was prescribed. at 4 - week follow - up she had fully recovered and her peripheral eosino - phil count had returned to normal. summary box eosinophilic meningitis eosinophilic meningitis is defined as the presence of ten or more eosinophils per microlitre of csf, or eosinophilia of at least 1 0",
      "type": "text"
    },
    {
      "id": 25,
      "text": "eosinophilia of at least 1 0 % of the total csf leukocyte count. invasion of the central nervous system by the food - borne nematodes angiostrongylus cantonensis, and less frequently, gnathos - toma spinigerum, are the most common causes table 6 4. 2. rarely, neurocysticercosis,",
      "type": "text"
    },
    {
      "id": 26,
      "text": ". rarely, neurocysticercosis, neuroschistosomiasis, paragoni - miasis, fascioliasis, toxocariasis, baylisascariasis and trichinel - losis can be associated with eosinophilic meningitis ; however, the meningeal involvement is usually not prominent. angiostrongylus cantonensis, the",
      "type": "text"
    },
    {
      "id": 27,
      "text": ". angiostrongylus cantonensis, the rat lungworm, is the most common infectious cause of eosinophilic meningitis. humans are infected by ingestion of angiostrongylus larvae in interme - diate hosts such as fresh water snails and slugs ; or transport paratenic hosts, such as prawns, crabs and frogs ; or salad and vegetables",
      "type": "text"
    },
    {
      "id": 28,
      "text": "prawns, crabs and frogs ; or salad and vegetables contaminated with slime of infected snails. once ingested, the third stage larvae l 3 penetrate the intes - tinal wall, reach the portal vein and from there enter the systemic circulation. a. cantonensis is a truly neurotropic hel - minth. humans are dead - end hosts, the larvae die in the human su",
      "type": "text"
    },
    {
      "id": 29,
      "text": "end hosts, the larvae die in the human subarachnoid space, causing an eosinophilic inflammatory response. to date, no standard of care treatment regimen for cns angiostrongyliasis exists. mild cases may be managed symp - tomatically with serial lumbar punctures and analgesics. more severe cases may be treated with corticoster",
      "type": "text"
    },
    {
      "id": 30,
      "text": "more severe cases may be treated with corticosteroids alone or in combination with anthelmintic drugs. corticosteroids eg prednisolone 1 mg kg day reduce the duration and intensity of headache. the use of antiparasitic drugs eg albendazole is controversial and the benefit of antipararasitic treatment compared to steroid use alone is marginal. if",
      "type": "text"
    },
    {
      "id": 31,
      "text": "compared to steroid use alone is marginal. if anti - parasitic drugs are administered, they should be given with steroid cover. further reading 1. heckmann je, bhigjee ai. tropical neurology. in : farrar j, editor. manson ’ s tropical diseases. 2 3 rd ed. london : elsevier ; [ chapter 7 1 ]. 2. gra",
      "type": "text"
    },
    {
      "id": 32,
      "text": "vier ; [ chapter 7 1 ]. 2. graeff - teixeira c, da silva ac, yoshimura k. update on eosino - philic meningoencephalitis and its clinical relevance. clin micro - biol rev ; 2 2 2 : 3 2 2 - 4 8. 3. wang qp, lai dh, zhu xq, et al",
      "type": "text"
    },
    {
      "id": 33,
      "text": ", lai dh, zhu xq, et al. human angiostrongyliasis. lancet infect dis ; 8 1 0 : 6 2 1 - 3 0. 4. martins yc, tanowitz hb, kazacos kr. central nervous system manifestations of angiostrongylus cantonensis infection. acta tropica ; 1 4 1 : 4 6 -",
      "type": "text"
    },
    {
      "id": 34,
      "text": "tropica ; 1 4 1 : 4 6 - 5 3. 5. mcauliffe l, ensign sf, larson d, et al. severe cns angiostron - gyliasis in a young marine : a case report and literature review. lan - cet infect dis ; 1 9 : e 1 3 2 - 4 2. 1 7 8 chapter 6 4 a",
      "type": "text"
    },
    {
      "id": 35,
      "text": "4 2. 1 7 8 chapter 6 4 a 4 0 - year - old woman from thailand and her brother - in - law with severe headache",
      "type": "text"
    }
  ],
  "images": [
    {
      "path": "Processed/images/64---A-40-Year-Old-Woman-from-Thailand-and-Her-Bro_2022_Clinical-Cases-in-Tr/64---A-40-Year-Old-Woman-from-Thailand-and-Her-Bro_2022_Clinical-Cases-in-Tr_p2_img1.jpeg",
      "type": "image"
    }
  ]
}