{
  "file": "65---A-4-Year-Old-Girl-from-Bolivia-With-a-Dar_2022_Clinical-Cases-in-Tropic.md",
  "n_chunks": 19,
  "text_embedding": "Processed_embeddings/embeddings/text/65---A-4-Year-Old-Girl-from-Bolivia-With-a-Dar_2022_Clinical-Cases-in-Tropic_text.npy",
  "image_embedding": "Processed_embeddings/embeddings/image/65---A-4-Year-Old-Girl-from-Bolivia-With-a-Dar_2022_Clinical-Cases-in-Tropic_images.npy",
  "chunks": [
    {
      "id": 0,
      "text": "# page 1 6 5 a 4 - year - old girl from bolivia with a dark nodule on her toe thomas weitzel clinical presentation history a 4 - year - old girl presents with a history of several days of a slowly growing nodule on the fifth toe of her right foot that is moderately painful when wearing shoes. the family moved from chile to the cochab",
      "type": "text"
    },
    {
      "id": 1,
      "text": ". the family moved from chile to the cochabamba region in bolivia about 6 months ago, where they live on a farm. her 9 - year - old brother has similar lesions on two toes. clinical findings 4 - year - old girl in good general health. close to the root of the fifth toenail of the right foot there is a dark - brown small nod -",
      "type": "text"
    },
    {
      "id": 2,
      "text": "foot there is a dark - brown small nod - ule with a tiny central ulceration, surrounded by minimal inflammatory reaction fig. 6 5. 1. the parents report that when they had tried to squeeze the lesion, they observed white oval granules emerging from the nodule. questions 1. how would you diagnose this disease? 2. how would you treat the patient?",
      "type": "text"
    },
    {
      "id": 3,
      "text": "? 2. how would you treat the patient? discussion a 4 - year - old girl who lives on a farm in bolivia presents with a slowly growing nodular lesion on her toe. her brother has similar lesions on his feet. answer to question 1 how would you diagnose this disease? the macroscopic presentation and localization of this lesion allows the clinical diagnosis of tun",
      "type": "text"
    },
    {
      "id": 4,
      "text": "of this lesion allows the clinical diagnosis of tungiasis. physicians who are not familiar with the disease might send a sample for micro - scopic confirmation. fig. 6 5. 2 shows parts of the parasite and an egg in a tissue sample. the female flea is usually destroyed during the process of removal, but parts of the body as well as eggs can still be found. answer",
      "type": "text"
    },
    {
      "id": 5,
      "text": "as well as eggs can still be found. answer to question 2 how would you treat the patient? the parasite should be completely removed using a sterile needle and or curette. the resulting round lesion must be disinfected and dressed. the patient ’ s tetanus vaccination • fig. 6 5. 1 small nodule on the fifth toe of right foot. to",
      "type": "text"
    },
    {
      "id": 6,
      "text": "le on the fifth toe of right foot. toenails with left - overs of glitter nail polish. • fig. 6 5. 2 microscopic examination of removed tissue containing parts of female flea arrow and typical eggs size 8 0 μm. 1 7 9 # page 2 status should be checked and the wound should be observed ; and if necessary, treated for superinfection. the",
      "type": "text"
    },
    {
      "id": 7,
      "text": "and if necessary, treated for superinfection. the case continued … the skin lesion healed within a week without complications. summary box tungiasis tungiasis is caused by the female tunga penetrans syn. sand flea, jigger, bicho do pe, which burrows into the epidermis of humans and various animals before oviposition. there, the parasite engor",
      "type": "text"
    },
    {
      "id": 8,
      "text": "before oviposition. there, the parasite engorges to a size of approximately 1 cm, causing a slowly growing nodular skin lesion. the flea is completely embedded into the skin, except for the tip of the posterior end, through which the respiration, defecation and oviposition occurs. typical localizations are the periungual regions of the feet,",
      "type": "text"
    },
    {
      "id": 9,
      "text": "the periungual regions of the feet, interdigital spaces and soles. however, other parts of the body might be affected after contact with contaminated soil. clinically, the flea together with the surrounding inflamma - tory reaction initially presents as a pale nodule with a dark centre ; later the lesion might turn brown with a dark scab. it often causes local it",
      "type": "text"
    },
    {
      "id": 10,
      "text": "a dark scab. it often causes local itching or pain. symptoms are usually mild in patients visiting endemic areas and start after several days in cases of first infestation. individuals living in endemic regions may suffer massive and repeated infestations leading to superinfection with complications such as gangrene, bacter - aemia or tetanus. the parasite is endemic in latin america from",
      "type": "text"
    },
    {
      "id": 11,
      "text": "us. the parasite is endemic in latin america from mexico to northern argentina and the caribbean. from there it was introduced into sub - saharan africa, probably around 1 5 0 years ago. tungiasis belongs to the category of neglected and poverty - related infectious disease. in poor communities of endemic countries, constant re - infection causes severe mor - bidity including deformation and permanent disability.",
      "type": "text"
    },
    {
      "id": 12,
      "text": "- bidity including deformation and permanent disability. impor - tant zoonotic reservoirs for human infections include pigs, dogs and rats. in travellers, tungiasis is found in about 1 % of those presenting with dermatological problems. the diagnosis is usually based on the clinical presentation. in non - endemic regions, the parasite and its eggs may be demonstrated in tissue",
      "type": "text"
    },
    {
      "id": 13,
      "text": "the parasite and its eggs may be demonstrated in tissue samples and histopathological sec - tions. treatment consists of removing the flea with a sterile needle or curette with or without local anaesthesia, disinfec - tion and prevention or treatment of concomitant bacterial infections. to prevent the disease, contact with contaminated sand or soil should be avoided, e. g",
      "type": "text"
    },
    {
      "id": 14,
      "text": "sand or soil should be avoided, e. g. by using solid footwear. the effect of commonly used repellents has not been studied. another strategy is to daily inspect the feet and extract sand fleas at an early stage of penetration. further reading 1. vega - lopez f, ritchie s. dermatological problems. in : farrar j, editor. manson ’",
      "type": "text"
    },
    {
      "id": 15,
      "text": ": farrar j, editor. manson ’ s tropical diseases. 2 3 rd ed. london : elsevier ; [ chapter 6 8 ]. 2. mumcuoglu ky. other ectoparasites : leeches, myiasis and sand fleas. in : farrar j, editor. manson ’ s tropical diseases. 2 3 rd ed. london : elsevier",
      "type": "text"
    },
    {
      "id": 16,
      "text": ". 2 3 rd ed. london : elsevier ; [ chapter 6 0 ]. 3. feldmeier h, keysers a. tungiasis - a janus - faced parasitic skin disease. travel med infect dis ; 1 1 : 3 5 7 - 6 5. 4. heukelbach j. revision on tungiasis : treatment options and preven - tion",
      "type": "text"
    },
    {
      "id": 17,
      "text": "giasis : treatment options and preven - tion. expert rev anti infect ther ; 4 1 : 1 5 1 - 7. 5. walker sl, lebas e, de sario v, et al. the prevalence and associ - ation with health - related quality of life of tungiasis and scabies in schoolchildren in southern ethiopia. plos negl",
      "type": "text"
    },
    {
      "id": 18,
      "text": "schoolchildren in southern ethiopia. plos negl top dis ; 1 1 8 : e 8 0 8. 1 8 0 chapter 6 5 a 4 - year - old girl from bolivia with a dark nodule on her toe",
      "type": "text"
    }
  ],
  "images": [
    {
      "path": "Processed/images/65---A-4-Year-Old-Girl-from-Bolivia-With-a-Dar_2022_Clinical-Cases-in-Tropic/65---A-4-Year-Old-Girl-from-Bolivia-With-a-Dar_2022_Clinical-Cases-in-Tropic_p1_img1.jpeg",
      "type": "image"
    },
    {
      "path": "Processed/images/65---A-4-Year-Old-Girl-from-Bolivia-With-a-Dar_2022_Clinical-Cases-in-Tropic/65---A-4-Year-Old-Girl-from-Bolivia-With-a-Dar_2022_Clinical-Cases-in-Tropic_p1_img2.jpeg",
      "type": "image"
    }
  ]
}