{
  "file": "66---A-32-Year-Old-Man-from-Malawi-With-Pain-in-the-_2022_Clinical-Cases-in-.md",
  "n_chunks": 28,
  "text_embedding": "Processed_embeddings/embeddings/text/66---A-32-Year-Old-Man-from-Malawi-With-Pain-in-the-_2022_Clinical-Cases-in-_text.npy",
  "image_embedding": "Processed_embeddings/embeddings/image/66---A-32-Year-Old-Man-from-Malawi-With-Pain-in-the-_2022_Clinical-Cases-in-_images.npy",
  "chunks": [
    {
      "id": 0,
      "text": "# page 1 6 6 a 3 2 - year - old man from malawi with pain in the right upper abdomen and a feeling of faintness anthony d. harries clinical presentation history a 3 2 - year - old man from malawi presents to a local hospital with a history of pain in his right upper abdomen and a feel - ing of faintness, especially",
      "type": "text"
    },
    {
      "id": 1,
      "text": "a feel - ing of faintness, especially when standing up and walking. he was well until 1 month previously, when he began to experience a feeling of fullness in his upper abdomen. in the week before admission he developed pain in the right upper abdomen that was particularly apparent when sleeping on his right side. he has recently started to feel breathless on lying",
      "type": "text"
    },
    {
      "id": 2,
      "text": "he has recently started to feel breathless on lying down and feels faint, especially on standing up. his past medical history is unremarkable, except for an episode of a blistering and painful skin lesion 3 years previously that affected the right side of his abdomen around the level of the umbilicus - this had healed spontaneously after several weeks. clinical findings he is thin",
      "type": "text"
    },
    {
      "id": 3,
      "text": "taneously after several weeks. clinical findings he is thin and slightly breathless in the supine position. his pulse is regular at 1 3 0 bpm with pronounced pulsus para - doxus measured at 1 5 mmhg. blood pressure in the supine position is 9 0 6 0 mm hg. the jugular venous pulse is diffi - cult to visualize but appears elevated. the",
      "type": "text"
    },
    {
      "id": 4,
      "text": "i - cult to visualize but appears elevated. the apex beat is impal - pable. the heart sounds are quiet but audible ; no triple rhythm and no heart murmurs are heard. auscultation of the chest is normal. there is an enlarged tender palpable liver measured at 8 cm below the right costal junction and evi - dence of mild peripheral oedema of",
      "type": "text"
    },
    {
      "id": 5,
      "text": "and evi - dence of mild peripheral oedema of the legs and sacral area. laboratory results haemoglobin 1 0. 5 g dl ; wbc 9. 8 g l 4 - 1 0. chest radi - ography shows an enlarged globular heart with clear lung fields see fig. 6 6. 1. questions 1. based on the clinical history, examination and inve",
      "type": "text"
    },
    {
      "id": 6,
      "text": ". based on the clinical history, examination and investiga - tions done, what is the most likely pathology to explain this man ’ s illness and what would be the most frequent cause of the problem? 2. what other investigations should be carried out? outline the immediate and long - term management of his condition. discussion this young african man presents with a history of right upper abdominal",
      "type": "text"
    },
    {
      "id": 7,
      "text": "african man presents with a history of right upper abdominal pain, breathlessness and syncope. on phys - ical examination, he has signs of cardiac decompensation associated with right heart failure. it is likely that his skin lesion 3 years previously was herpes zoster. • fig. 6 6. 1 chest radiograph of the patient showing an enlarged globular cardiac silhouette with clear",
      "type": "text"
    },
    {
      "id": 8,
      "text": "showing an enlarged globular cardiac silhouette with clear lung fields. 1 8 1 # page 2 answer to question 1 what is the most likely pathology to explain this man ’ s illness and what would be the most frequent cause of the problem? the history, physical examination and chest radiograph find - ings all point to a diagnosis of pericardial tamponade caused by a large",
      "type": "text"
    },
    {
      "id": 9,
      "text": "pericardial tamponade caused by a large pericardial effusion. the cardiovascular manifesta - tions of tachycardia, pulsus paradoxus, hypotension, impal - pable apex beat, raised jugular venous pressure and quiet heart sounds are indicative of pericardial effusion. the pres - ence of syncope, pulsus parad",
      "type": "text"
    },
    {
      "id": 10,
      "text": "pres - ence of syncope, pulsus paradoxus and hypotension are signs of cardiac tamponade indicating the need for a therapeutic pericardial aspiration. in africa there are several causes of pericardial effusion that include tuberculosis, other bacterial infections, malignancy and hiv - related kaposi ’ s sarcoma. the presence of a previous attack",
      "type": "text"
    },
    {
      "id": 11,
      "text": "s sarcoma. the presence of a previous attack of herpes zoster is a strong pointer to hiv infection, and in this case the most likely diagnosis is hiv - associated tuberculosis. answer to question 2 what other investigations should be carried out? outline the immediate and long - term management of his condition. the most important investigation that should be carried out immediately is an ultrasound of the heart",
      "type": "text"
    },
    {
      "id": 12,
      "text": "be carried out immediately is an ultrasound of the heart, which should show the presence of pericardial fluid and sometimes fibrous strands that are strongly suggestive of tuberculosis, especially in highly endemic areas. an electrocardiogram is useful in showing low - voltage qrs complexes and in occasional cases there may be electrical alternans. if there is pericardial fluid on ultrasound,",
      "type": "text"
    },
    {
      "id": 13,
      "text": "if there is pericardial fluid on ultrasound, the patient requires a therapeutic pericardial aspiration to relieve the pressure on the heart and restore car - diac output. once fluid is aspirated and the cardiac output is restored, the patient should be started on antituberculous treatment and corticosteroids. an hiv test should be carried out with appropriate counselling, and",
      "type": "text"
    },
    {
      "id": 14,
      "text": "test should be carried out with appropriate counselling, and consideration given to starting antiretroviral therapy after a few weeks if the hiv test is positive. the case continued … the patient underwent therapeutic pericardial aspiration and 5 0 0 ml of bloodstained pericardial fluid were aspirated. the blood pressure increased to 1 2 0 8 0 mmhg almost immedi - ately",
      "type": "text"
    },
    {
      "id": 15,
      "text": "8 0 mmhg almost immedi - ately. the patient was started on standard first - line antituber - culous treatment with rifampicin r, isoniazid h, pyrazinamide z and ethambutol e and also on predniso - lone at a dose of 6 0 mg daily. hiv testing was carried out and the patient was found",
      "type": "text"
    },
    {
      "id": 16,
      "text": "hiv testing was carried out and the patient was found to be hiv positive. the patient received a full 6 - month course of antituber - culous treatment consisting of a 2 - month initial phase of four drugs given daily 2 rhze and a 4 - month continuation phase of two drugs given daily 4 rh, prednisolone in tapered doses for ten weeks, and anti",
      "type": "text"
    },
    {
      "id": 17,
      "text": "in tapered doses for ten weeks, and antiretroviral therapy which was started at 4 weeks after commencing antituberculous treatment. he made a full and uneventful recovery. summary box tuberculosis in africa the most common cause of pericardial effusion is tuberculosis ; and even if there is no confirmatory evidence of tuberculosis, patients must be treated with a full course",
      "type": "text"
    },
    {
      "id": 18,
      "text": "tuberculosis, patients must be treated with a full course of antituberculosis treatment. in countries in central and southern africa there is a strong association between tuberculosis and hiv infection, with over 5 0 per cent of tuberculosis patients being hiv positive. the advent of the hiv aids epidemic in africa was associated with a large increase in the number of patients being diagnosed with tuberculosis pericardial ef",
      "type": "text"
    },
    {
      "id": 19,
      "text": "of patients being diagnosed with tuberculosis pericardial effusion. once in hiv - positive patients not yet on art, a diagnosis of pericardial effusion is made, it is important to determine whether tamponade is present, with the characteristic features being syncope, tachycardia, pulsus paradoxus and hypoten - sion. the presence of tamponade is",
      "type": "text"
    },
    {
      "id": 20,
      "text": "- sion. the presence of tamponade is potentially life - threatening and requires prompt pericardial aspiration. diagnostic peri - cardial aspiration is usually unhelpful in the district hospital setting, because the fluid is often bloodstained and acid - fast bacilli are rarely visualized in smears of the pericardial aspirate from patients who have tuberculosis. if pericardial",
      "type": "text"
    },
    {
      "id": 21,
      "text": "from patients who have tuberculosis. if pericardial fluid is available for investigation, this can be examined with higher diagnostic sensitivity using the xpert mtb rif assay cepheid, sunnyvale, ca, usa - a fully automated and commercially available cartridge - based nucleic acid amplification test - which allows a confirmed diagnosis of tb within 2 hours. the use of cortic",
      "type": "text"
    },
    {
      "id": 22,
      "text": "tb within 2 hours. the use of corticosteroids is recommended, especially if there is tampo - nade. in hiv - negative patients and hiv - positive patients on antiretroviral therapy, randomized controlled trials have shown that corticosteroids may reduce the risk of death. for hiv - positive patients not on antiretroviral drugs, corticosteroids may reduce",
      "type": "text"
    },
    {
      "id": 23,
      "text": "retroviral drugs, corticosteroids may reduce pericardial constriction. a commonly used regimen is prednisolone administered in tapering doses during the first ten weeks of antituberculous treatment. who guidelines recom - mend that antiretroviral therapy is started within 2 to 8 weeks of the start of antituberculosis treatment. timely anti",
      "type": "text"
    },
    {
      "id": 24,
      "text": "of antituberculosis treatment. timely antiretroviral therapy reduces mortality, is associated with excellent immu - nological and virological responses and reduces the risk of recurrent tuberculosis. further reading 1. thwaites g. tuberculosis. in : farrar j, editor. manson ’ s tropical diseases. 2 3 rd ed. london : elsevier ; [ chapter 4",
      "type": "text"
    },
    {
      "id": 25,
      "text": "ed. london : elsevier ; [ chapter 4 0 ]. 2. mayosi bm, wiysonge cs, ntsekhe m, et al. mortality in patients treated for tuberculous pericarditis in sub - saharan africa. s afr med j ; 9 8 : 3 6 - 4 0. 3. george ia, thomas b, sadhu js.",
      "type": "text"
    },
    {
      "id": 26,
      "text": "george ia, thomas b, sadhu js. systematic review and meta - analysis of adjunctive corticosteroids in the treatment of tubercu - lous pericarditis. int j tuberc lung dis ; 2 2 5 : 5 5 1 - 6. 4. wiysonge cs, ntsekhe m, thabane l, et al. interventions for treat",
      "type": "text"
    },
    {
      "id": 27,
      "text": "thabane l, et al. interventions for treat - ing tuberculous pericarditis. cochrane database syst rev ; 9 : cd 2 6. 1 8 2 chapter 6 6 a 3 2 - year - old man from malawi with pain in the right upper abdomen and a feeling of faintness",
      "type": "text"
    }
  ],
  "images": [
    {
      "path": "Processed/images/66---A-32-Year-Old-Man-from-Malawi-With-Pain-in-the-_2022_Clinical-Cases-in-/66---A-32-Year-Old-Man-from-Malawi-With-Pain-in-the-_2022_Clinical-Cases-in-_p1_img1.jpeg",
      "type": "image"
    }
  ]
}