{
  "file": "67---A-24-Year-Old-Woman-from-the-Peruvian-Andes-_2022_Clinical-Cases-in-Tro.md",
  "n_chunks": 33,
  "text_embedding": "Processed_embeddings/embeddings/text/67---A-24-Year-Old-Woman-from-the-Peruvian-Andes-_2022_Clinical-Cases-in-Tro_text.npy",
  "image_embedding": "Processed_embeddings/embeddings/image/67---A-24-Year-Old-Woman-from-the-Peruvian-Andes-_2022_Clinical-Cases-in-Tro_images.npy",
  "chunks": [
    {
      "id": 0,
      "text": "# page 1 6 7 a 2 4 - year - old woman from the peruvian andes with fever and abdominal pain fátima concha velasco and eduardo h. gotuzzo clinical presentation history a 2 4 - year - old woman from the highlands of peru is trans - ferred to a hospital in the capital, lima, with a 2 - month his - tory of upper abdominal",
      "type": "text"
    },
    {
      "id": 1,
      "text": "a 2 - month his - tory of upper abdominal pain, weight loss 5 kg, nausea and vomiting. she tried analgesics, which did not control the pain. she also reports intermittent fevers for the past 2 weeks. three days previously, she was seen at the emergency room of the same hospital for the above - mentioned com - plaints. abdominal ultrasound revealed",
      "type": "text"
    },
    {
      "id": 2,
      "text": "- mentioned com - plaints. abdominal ultrasound revealed multiple hypoechoic lesions in her liver. she was treated with ceftriaxone and met - ronidazole for suspected pyogenic liver abscesses but did not show any clinical improvement. the patient reported that about 2 to 3 months ago she started taking over - the - counter medicines to lose weight and",
      "type": "text"
    },
    {
      "id": 3,
      "text": "over - the - counter medicines to lose weight and changed her diet to vegetarian food. she also reported the consumption of energetic hot drinks made from alfalfa and watercress. prior to her current illness, she was healthy. she is single and has no children. clinical findings the patient looks ill, with pale mucous membranes but no jaundice. her blood pressure is",
      "type": "text"
    },
    {
      "id": 4,
      "text": "but no jaundice. her blood pressure is 9 5 / 6 0 mmhg, pulse 1 0 5 bpm and temperature 3 8. 5 ° c 1 0 1. 3 ° f. on palpation of the abdomen there is right upper quadrant tenderness, and the liver is slightly enlarged with a liver span of 1 5 cm. the rest of the",
      "type": "text"
    },
    {
      "id": 5,
      "text": "span of 1 5 cm. the rest of the physical examination is normal. laboratory results table 6 7. 1 shows the patient ’ s laboratory results, taken in the emergency room. imaging a contrast - enhanced ct scan of her abdomen shows multiple hypodense, non - enhancing lesions in the liver fig. 6 7. 1. questions 1. what are your differential diagno",
      "type": "text"
    },
    {
      "id": 6,
      "text": "1. questions 1. what are your differential diagnoses? 2. what would be the most useful investigation to establish the diagnosis? discussion a young woman from the peruvian andes presents with a history of fever, weight loss and abdominal pain. the blood count reveals pronounced eosinophilia. the abdominal ct scan shows hypodense non - enhancing hepatic lesions. table 6 7.",
      "type": "text"
    },
    {
      "id": 7,
      "text": "enhancing hepatic lesions. table 6 7. 1 laboratory results on admission to emergency room parameter patient reference range wbc 1 0 9 l 1 3. 9 4 4 - 1 0 eosinophils % 4 3 < 5 total eosinophil count 5. 9 7 < 0. 5 haemoglobin g dl 1 2. 3 1 2 - 1 6 ast u",
      "type": "text"
    },
    {
      "id": 8,
      "text": "2. 3 1 2 - 1 6 ast u l 4 0 alt u l 5 5 7 - 4 0 ap u l 0 - 1 2 6 amylase u l 7 5 3 - 1 0 0 lipase u l 0 8 3 # page 2 answer to question 1 what are your differential diagnoses? the patient was first treated for suspected pyogenic liver abscesses",
      "type": "text"
    },
    {
      "id": 9,
      "text": "treated for suspected pyogenic liver abscesses based upon the presence of fever, right upper abdominal pain and hypoechoic liver lesions on ultrasound. however, the lack of any improvement after 3 days of appropriate treatment makes this diagnosis less likely. in a patient from the andes with high eosinophilia and a known history of alfalfa and watercress consumption,",
      "type": "text"
    },
    {
      "id": 10,
      "text": "history of alfalfa and watercress consumption, fasci - oliasis is the most important diagnosis to consider. amoebic liver abscess is also part of the differential diagnosis, but eosinophilia and the presence of multiple lesions are not typ - ical. also, the infection is uncommon in young women and should respond to metronidazole treatment.",
      "type": "text"
    },
    {
      "id": 11,
      "text": "should respond to metronidazole treatment. other endemic infections in peru that could present with similar symptoms are brucellosis, visceral toxocariasis or sec - ondary infections in the context of other infections i. e. ascari - asisandhydatiddisease. opisthorchis, anotherliverfluke, could be considered if the",
      "type": "text"
    },
    {
      "id": 12,
      "text": "anotherliverfluke, could be considered if the patient had a travel history to south - east asia, as the condition is not present in the americas. answer to question 2 what would be the most useful investigation to establish the diagnosis? infection with the sheep liver fluke fasciola hepatica is top of the list of differential diagnoses in this patient with liver lesions, eosin",
      "type": "text"
    },
    {
      "id": 13,
      "text": "in this patient with liver lesions, eosinophilia and a history of watercress consumption. because ova appear in the stool only later in the course of the disease, serology is the diagnostic tool of choice. the fas 2 elisa is a serological method with good sensitivity and spec - ificity to diagnose the acute phase of f. hepatica infection. liver biop",
      "type": "text"
    },
    {
      "id": 14,
      "text": "phase of f. hepatica infection. liver biopsy is invasive and has little benefit in this con - text ; it could be considered if tests are negative and all treatments fail. the case continued … the fas 2 elisa titre was 0. 5 6 normal < 0. 2, supporting the suspected diagnosis of fascioliasis. the patient received one single dose of triclabendaz",
      "type": "text"
    },
    {
      "id": 15,
      "text": "patient received one single dose of triclabendazole 1 0 mg kg. her clinical symptoms rapidly improved and her laboratory parameters went back to normal. on control tomography her liver lesions were seen to be disappearing. summary box fascioliasis fascioliasis is caused by the liver flukes fasciola hepatica or less frequently f. gigantica. fascioliasis has the wi",
      "type": "text"
    },
    {
      "id": 16,
      "text": ". gigantica. fascioliasis has the widest latitu - dinal, longitudinal and altitudinal distribution of any known zoonotic diseases. it is a serious public health problem, with between 2. 4 and 1 7 million infected people worldwide and around 9 0 million at risk. in south america, the infection is encountered in the andean countries,",
      "type": "text"
    },
    {
      "id": 17,
      "text": "the infection is encountered in the andean countries, in particular in bolivia and peru. egypt is another country with a very high prevalence of fascioliasis. ova of fasciola species are shed in the faeces of herbivores. once they reach fresh water, miracidia hatch and infect a snail which acts as an intermediate host. additional development takes place inside the snail",
      "type": "text"
    },
    {
      "id": 18,
      "text": "intermediate host. additional development takes place inside the snail, then cercariae are released into the water. they develop into infective encysted metacercariae on freshwater plants. humans acquire the disease by eating watercress salads or drinking water contaminated with metacercariae. the illness includes four clinical phases : 1 incubation phase, 2 invasive or acute phase, 3",
      "type": "text"
    },
    {
      "id": 19,
      "text": "ation phase, 2 invasive or acute phase, 3 latent phase and 4 obstructive or chronic phase. the incubation phase lasts from ingestion of metacercariae to first symptoms 6 - 1 2 weeks. the invasive or acute phase begins with flukes migrating through the small intestinal wall, the peritoneal cavity, the liver capsule and the liver parenchyma.",
      "type": "text"
    },
    {
      "id": 20,
      "text": "the liver capsule and the liver parenchyma. during the acute phase, lasting 3 to 5 months, the patients typically present with intermittent fever, abdominal pain, mal - aise, weight loss, urticaria and respiratory symptoms e. g. cough, dyspnoea and chest pain. less common findings include changes in bowel habits, nausea, anorexia, hepat",
      "type": "text"
    },
    {
      "id": 21,
      "text": "habits, nausea, anorexia, hepato - megaly, splenomegaly, ascites, anaemia and jaundice. eosin - ophilia is almost always present during the acute phase. at the beginning of the subsequent latent phase the para - sites have crossed the liver parenchyma to finally reach the common bile duct, where they",
      "type": "text"
    },
    {
      "id": 22,
      "text": "to finally reach the common bile duct, where they mature and start depositing eggs. ova appear in the stool 3 to 4 months after the ingestion of infective metacercariae. the latent phase is characterized by the progressive resolution of gastrointestinal and respiratory symptoms. an unknown percentage of patients will progress to the fourth phase of the disease characterized by biliary obstruction",
      "type": "text"
    },
    {
      "id": 23,
      "text": "phase of the disease characterized by biliary obstruction, cholelithiasis, ascending cholangitis, cholecystitis, or liver abscess. haemorrhage e. g. subcapsular • fig. 6 7. 1 a contrast - enhanced ct scan showing multiple, round, clustered, hypodense lesions in left median section of liver a, axial",
      "type": "text"
    },
    {
      "id": 24,
      "text": "sions in left median section of liver a, axial cross - section ; b, lateral view. 1 8 4 chapter 6 7 a 2 4 - year - old woman from the peruvian andes with fever and abdominal pain # page 3 haematomas, hepatic fibrosis or biliary cirrhosis might also be observed. during the acute phase, diagnosis of human fascioliasis is based on",
      "type": "text"
    },
    {
      "id": 25,
      "text": ", diagnosis of human fascioliasis is based on clinical and radiological findings and immunodiag - nostic assays such as the fas 2 - elisa. eosinophilia is usually present. during chronic infection, eosinophilia is rare but ova can be detected on stool microscopy. the yield can be improved using rapid sedimentation techniques. microscopic detection",
      "type": "text"
    },
    {
      "id": 26,
      "text": "rapid sedimentation techniques. microscopic detection of eggs is considered definitive diagnosis of fascioliasis. eggs may also accidentally be discovered during surgery for biliary obstruction. typical lesions seen on ct scan are contrast - enhancement of the glisson ’ s capsule, and multiple hypodense nodular lesions. triclabendazole is the anthelmintic drug of",
      "type": "text"
    },
    {
      "id": 27,
      "text": "azole is the anthelmintic drug of choice. in acute cases a single dose of triclabendazole at 1 0 mg kg is effective in almost 9 0 % of cases and the same regimen is used in chronic disease. triclabendazole should be taken with food to increase its bioavailability. triclabendazole resistance seems to be an emerging problem",
      "type": "text"
    },
    {
      "id": 28,
      "text": "endazole resistance seems to be an emerging problem. further reading 1. sithithaworn p, sripa b, kaewkes s, et al. food - borne trematodes. in : farrar j, editor. manson ’ s tropical diseases. 2 3 rd ed. london : elsevier ; [ chapter 5 3 ]. 2. marcos la, tagle",
      "type": "text"
    },
    {
      "id": 29,
      "text": "5 3 ]. 2. marcos la, tagle m, terashima a, et al. natural history, clinicor - adiologic correlates, and response to triclabendazole in acute mas - sive fascioliasis. am j trop med hyg ; 7 8 2 : 2 2 2 - 7. 3. webb cm, cabada mm. recent",
      "type": "text"
    },
    {
      "id": 30,
      "text": "3. webb cm, cabada mm. recent developments in the epidemiol - ogy, diagnosis, and treatment of fasciola infection. curr opin infect dis ; 3 1 5 : 4 0 9 - 1 4. 4. carmona c, tort jf. fasciolosis in south america : epidemiology and control challenges. j helminthol ; 9",
      "type": "text"
    },
    {
      "id": 31,
      "text": "control challenges. j helminthol ; 9 1 2 : 9 9 - 1 0 9. 5. kelley jm, elliott tp, beddoe t, et al. current threat of triclaben - dazole resistance in fasciola hepatica. trends parasitol ; 3 2 6 : 4 5 8 - 6 9. 1 8 5 chapter 6 7 a 2 4 -",
      "type": "text"
    },
    {
      "id": 32,
      "text": "1 8 5 chapter 6 7 a 2 4 - year - old woman from the peruvian andes with fever and abdominal pain",
      "type": "text"
    }
  ],
  "images": [
    {
      "path": "Processed/images/67---A-24-Year-Old-Woman-from-the-Peruvian-Andes-_2022_Clinical-Cases-in-Tro/67---A-24-Year-Old-Woman-from-the-Peruvian-Andes-_2022_Clinical-Cases-in-Tro_p2_img1.jpeg",
      "type": "image"
    },
    {
      "path": "Processed/images/67---A-24-Year-Old-Woman-from-the-Peruvian-Andes-_2022_Clinical-Cases-in-Tro/67---A-24-Year-Old-Woman-from-the-Peruvian-Andes-_2022_Clinical-Cases-in-Tro_p2_img2.jpeg",
      "type": "image"
    }
  ]
}