{
  "file": "68---A-31-Year-Old-Woman-from-Malawi-With-a-Gene_2022_Clinical-Cases-in-Trop.md",
  "n_chunks": 35,
  "text_embedding": "Processed_embeddings/embeddings/text/68---A-31-Year-Old-Woman-from-Malawi-With-a-Gene_2022_Clinical-Cases-in-Trop_text.npy",
  "image_embedding": "Processed_embeddings/embeddings/image/68---A-31-Year-Old-Woman-from-Malawi-With-a-Gene_2022_Clinical-Cases-in-Trop_images.npy",
  "chunks": [
    {
      "id": 0,
      "text": "# page 1 6 8 a 3 1 - year - old woman from malawi with a generalized mucocutaneous rash camilla rothe clinical presentation history a 3 1 - year - old woman presents to a hospital in malawi with a generalized skin rash. the rash started 3 days before on the trunk, and then spread to the extremities and the mucosal membranes",
      "type": "text"
    },
    {
      "id": 1,
      "text": "mities and the mucosal membranes involving lips, oral mucosa, conjunctivae and genital mucosa. there is also a productive cough with whitish sputum that started 1 day before the rash appeared, and she also reports a sore throat and dysuria for the past 2 days. the patient had been found to be hiv positive 2 months",
      "type": "text"
    },
    {
      "id": 2,
      "text": "patient had been found to be hiv positive 2 months earlier, when she was hospitalized with cryptoco - ccal meningitis. she was treated with high - dose oral fluco - nazole, because amphotericin b and flucytosine were unavailable. she improved and was discharged home on a maintenance dose of fluconazole. antiretroviral treatment with stavud",
      "type": "text"
    },
    {
      "id": 3,
      "text": "azole. antiretroviral treatment with stavudine d 4 t, lamivudine 3 tc and nevirapine nvp, as well as co - trimoxazole prophylaxis, were started 1 month previously. the rest of the medical history is unremarkable and there are no known allergies. clinical findings her temperature is 3 7. 7 ° c",
      "type": "text"
    },
    {
      "id": 4,
      "text": "findings her temperature is 3 7. 7 ° c 9 9. 9 ° f, blood pressure 1 2 0 6 8 mmhg, pulse 9 0 bpm and respiratory rate 2 4 breath cycles per minute. there is a generalized, non - itchy maculo - papular rash involving the skin and mucous membranes but sparing the palms and soles. there is bilateral con",
      "type": "text"
    },
    {
      "id": 5,
      "text": "aring the palms and soles. there is bilateral conjunctivitis. the eyelids and lips are covered with haemorrhagic crusts fig. 6 8. 1. the lips are swollen and she can hardly open her mouth ; talking and eating are difficult and painful. the chest is clear. questions 1. what is the most likely diagnosis and what is it caused by?",
      "type": "text"
    },
    {
      "id": 6,
      "text": "most likely diagnosis and what is it caused by? 2. how would you approach the patient? discussion a young malawian woman presents with a generalized rash involving her skin and mucous membranes. she also com - plains of a productive cough of short duration, dysuria and dysphagia. the patient is hiv positive. within the past month she commenced treatment",
      "type": "text"
    },
    {
      "id": 7,
      "text": "hiv positive. within the past month she commenced treatment with co - trimoxazole and an • fig. 6 8. 1 the face of the patient, showing bilateral swelling of the eyes with conjunctivitis and swollen lips with haemorrhagic crusts. the macu - lopapular rash was non - itchy and spared the scalp. 1 8 6 #",
      "type": "text"
    },
    {
      "id": 8,
      "text": "and spared the scalp. 1 8 6 # page 2 antiretroviral triple therapy with d 4 t, 3 tc and nvp. she has a low - grade fever, but her chest is clear. answer to question 1 what is the most likely diagnosis and what is it caused by? themostimportantdiagnosisto consider isstevens - johnson syndrome sjs toxic epider",
      "type": "text"
    },
    {
      "id": 9,
      "text": "isstevens - johnson syndrome sjs toxic epidermal necrolysis. this potentially life - threatening mucocutaneous hypersensitivity reaction is mostcommonlycausedbydrugs. itsincidenceismuchhigher inhiv - positivethaninhiv - negativepatients. ifsjsinvolves more than 3 0 % of the skin surface, it is called toxic epi",
      "type": "text"
    },
    {
      "id": 10,
      "text": "of the skin surface, it is called toxic epidermal necrolysis ten. sjs ten may lead to widespread epi - dermal detachment and erosions of the mucous membranes. non - specificprodromalsymptomssuchascough, sorethroat, fever, headache and myalgias usually precede the rash by sev - eral days and",
      "type": "text"
    },
    {
      "id": 11,
      "text": "precede the rash by sev - eral days and may be mistaken for a bacterial or viral infection, or for malaria in a tropical setting. answer to question 2 how would you approach the patient? sjs ten is a clinical diagnosis. once suspected, all poten - tially causative drugs should be immediately withdrawn. if in doubt, all drugs need to be stopped. in general",
      "type": "text"
    },
    {
      "id": 12,
      "text": ", all drugs need to be stopped. in general, medica - tions initiated 2 to 4 weeks prior to the onset of symptoms are usually responsible. in this patient ’ s case, the major cul - prit drugs were nevirapine and co - trimoxazole. the patient at this stage only had a maculopapular rash. however, patients with",
      "type": "text"
    },
    {
      "id": 13,
      "text": "maculopapular rash. however, patients with sjs ten often develop large bullous skin lesions. once they break open, this leads to considerable loss of serous fluid, similar to a burn. therefore, patients with sjs ten ideally should be managed in a burns unit. topical antiseptics will reduce skin colonization ; however, wound debridement is not recommended",
      "type": "text"
    },
    {
      "id": 14,
      "text": "; however, wound debridement is not recommended. steroid eye drops should be given in case of conjunctivitis, and early ophthalmological review should be sought to prevent conjunctival scarring and blindness. patients need careful management of fluids and electrolytes and high caloric nutrition. a nasogastric ng tube is often helpful until the mu",
      "type": "text"
    },
    {
      "id": 15,
      "text": "gastric ng tube is often helpful until the mucosal lesions have healed. fever may be part of the clinical picture and there is no role for prophylactic antibiotics unless there are signs of sepsis. vital signs need to be checked regularly, and blood cultures and full blood count taken repeatedly. a urinary catheter should be inserted to prevent urethral strictures",
      "type": "text"
    },
    {
      "id": 16,
      "text": "be inserted to prevent urethral strictures. skin and mucosal lesions in sjs ten are very painful. often, opioids are necessary to control the pain. upon discharge, patients should be urged to avoid the culprit drug and this should be clearly stated in the patient ’ s documents. the case continued … antiretroviral drugs and co - trimoxaz",
      "type": "text"
    },
    {
      "id": 17,
      "text": "retroviral drugs and co - trimoxazole were stopped on admission. because the patient was febrile, blood cultures and a rapid malaria test were taken and both came back neg - ative. she received iv fluids and a urinary catheter. the patient and her family declined an ng tube, because they had observed that patients who had an ng tube or oxygen probes",
      "type": "text"
    },
    {
      "id": 18,
      "text": "that patients who had an ng tube or oxygen probes were more likely to die than patients who did not have such devices. the patient was given 0. 9 % normal saline as mouthwash and dexamethasone eye ointment. fever and cough settled spontaneously. she was discharged after 1 0 days in hospital. when all lesions had completely healed, she was started on a",
      "type": "text"
    },
    {
      "id": 19,
      "text": "sions had completely healed, she was started on a new antiretroviral combination therapy and nevirapine was replaced by efavirenz. co - trimoxazole was not replaced because there were no alternative drugs available. the new drug combination was tolerated well and no further rash occurred. summary box stevens - johnson syndrome and toxic epidermal necrolysis",
      "type": "text"
    },
    {
      "id": 20,
      "text": "syndrome and toxic epidermal necrolysis sjs is a life - threatening mucocutaneous hypersensitivity reaction. it is most commonly caused by drugs. in sjs, less than 1 0 % of the total body surface is involved. if more than 3 0 % is affected, it is called toxic epidermal necrolysis ten. between 1 0 % and",
      "type": "text"
    },
    {
      "id": 21,
      "text": "crolysis ten. between 1 0 % and 3 0 % it is classified as ‘ sjs ten overlap ’. the extent of skin involvement is a major determinant for prognosis. in western industrialized countries, sjs ten is considered rare, with an estimated incidence of 1 to 7 per million per year. however, it is about times more common in hiv",
      "type": "text"
    },
    {
      "id": 22,
      "text": "however, it is about times more common in hiv - positive individuals, and clinicians working in sub - saharan africa and other high - prevalence settings need to be aware of this condition. the drugs most commonly implicated in sjs ten are antibiotics in particular sulfonamides, but also other classes, the antiretroviral nevirapine, anticonvulsants and allopur",
      "type": "text"
    },
    {
      "id": 23,
      "text": "pine, anticonvulsants and allopurinol. infectious agents e. g. mycoplasma pneumoniae and hsv may also be responsible. host genetic factors also seem to play a role. the pathophysiology is yet to be fully elucidated. because of an unknown mechanism there is widespread apoptosis of keratinocytes and subsequent epithelial ne",
      "type": "text"
    },
    {
      "id": 24,
      "text": "atinocytes and subsequent epithelial necrosis. sjs ten often starts with non - specific, flu - like symptoms. after several days a morbiliform rash sets in that becomes more and more confluent. the epidermis may slough, giving rise to flaccid bullae, leaving a characteristic denuded dermis fig. 6 8",
      "type": "text"
    },
    {
      "id": 25,
      "text": "characteristic denuded dermis fig. 6 8. 2, which causes intense pain. conjunctivitis is com - mon and may lead to scarring and blindness. involvement of the oral mucosa and haemorrhagic crusting of the lips make it difficult for the patient to eat, drink and talk. involvement of the urogenital mucosa is very painful and",
      "type": "text"
    },
    {
      "id": 26,
      "text": "the urogenital mucosa is very painful and may lead to urethral strictures. the oesophagus and trachea may also be affected. • fig. 6 8. 2 the right leg of another patient with sjs ten showing exten - sive epidermal sloughing and large areas of denuded dermis. 1 8 7 chapter 6 8 a",
      "type": "text"
    },
    {
      "id": 27,
      "text": "dermis. 1 8 7 chapter 6 8 a 3 1 - year - old woman from malawi with a generalized mucocutaneous rash # page 3 diagnosis can often be made clinically. skin biopsies may help rule out the major differential diagnoses such as staphy - lococcal scalded skin syndrome, toxic shock syndrome, exfoliative dermatitis, autoimmune bull",
      "type": "text"
    },
    {
      "id": 28,
      "text": "syndrome, exfoliative dermatitis, autoimmune bullous diseases and acute paraneoplastic pemphigus. all potentially causative drugs need to be withdrawn immediately. treatment is supportive and there is no clear benefit of any other disease - modifying interventions. systemic corticosteroids do not seem helpful and the use of iv immu - noglobulins is dispu",
      "type": "text"
    },
    {
      "id": 29,
      "text": "immu - noglobulins is disputed. however, data from large controlled clinical trials are lacking. according to literature from the developed world, the case fatality rate of patients with sjs is up to 5 %; in ten it is 3 0 % on average. primary causes of death are infection and multi - organ failure. a severity - of - illness score scor",
      "type": "text"
    },
    {
      "id": 30,
      "text": ". a severity - of - illness score scorten has been published to predict the lethality of patients with sjs ten. its use in resource - constrained setting is limited, because it requires laboratory results urea, bicarbonate, glucose that may be difficult to obtain. further reading 1. gerull r, nelle m, schaible t. toxic",
      "type": "text"
    },
    {
      "id": 31,
      "text": "nelle m, schaible t. toxic epidermal necrolysis and stevens - johnson syndrome : a review. crit care med ; 3 9 6 : 3 2. 2. duong ta, valeyrie - allanore l, wolkenstein p, chosidow o. severe cutaneous adverse reactions to drugs. lancet ; 3 9 0 :.",
      "type": "text"
    },
    {
      "id": 32,
      "text": "drugs. lancet ; 3 9 0 :. 3. hoosen k, mosam a, dlova nc, grayson w. an update on adverse cutaneous drug reactions in hiv aids. dermatopathology ; 6 : 1 1 1 - 2 5. 4. hazin r, ibrahimi oa, hazin mi, et al. stevens - johnson syn - drome",
      "type": "text"
    },
    {
      "id": 33,
      "text": ", et al. stevens - johnson syn - drome : pathogenesis, diagnosis, and management. ann med ; 4 0 2 : 1 2 9 - 3 8. 5. schulze schwering m, kayange p, rothe c. ocular manifestations in patients with stevens - johnson syndrome in malawi - a review of the literature illustrated by clinical cases. graefes",
      "type": "text"
    },
    {
      "id": 34,
      "text": "the literature illustrated by clinical cases. graefes arch clin exp ophthalmol ; 2 5 7 1 1 : 8. 1 8 8 chapter 6 8 a 3 1 - year - old woman from malawi with a generalized mucocutaneous rash",
      "type": "text"
    }
  ],
  "images": [
    {
      "path": "Processed/images/68---A-31-Year-Old-Woman-from-Malawi-With-a-Gene_2022_Clinical-Cases-in-Trop/68---A-31-Year-Old-Woman-from-Malawi-With-a-Gene_2022_Clinical-Cases-in-Trop_p1_img1.jpeg",
      "type": "image"
    },
    {
      "path": "Processed/images/68---A-31-Year-Old-Woman-from-Malawi-With-a-Gene_2022_Clinical-Cases-in-Trop/68---A-31-Year-Old-Woman-from-Malawi-With-a-Gene_2022_Clinical-Cases-in-Trop_p2_img1.jpeg",
      "type": "image"
    }
  ]
}