{
  "file": "69---A-22-Year-Old-Male-Farmer-from-Rural-Ethiop_2022_Clinical-Cases-in-Trop.md",
  "n_chunks": 28,
  "text_embedding": "Processed_embeddings/embeddings/text/69---A-22-Year-Old-Male-Farmer-from-Rural-Ethiop_2022_Clinical-Cases-in-Trop_text.npy",
  "image_embedding": "Processed_embeddings/embeddings/image/69---A-22-Year-Old-Male-Farmer-from-Rural-Ethiop_2022_Clinical-Cases-in-Trop_images.npy",
  "chunks": [
    {
      "id": 0,
      "text": "# page 1 6 9 a 2 2 - year - old male farmer from rural ethiopia with difficulty walking yohannes w. woldeamanuel clinical presentation history a 2 2 - year - old male farmer from rural northern ethiopia pre - sents to a hospital in the capital with difficulty walking. his problem started 1 0 years ago, when he woke from sleep one morning and noticed",
      "type": "text"
    },
    {
      "id": 1,
      "text": ", when he woke from sleep one morning and noticed weakness in both legs. there was no history of trauma and no prodromal symptoms ; he had been in excellent health before. the weakness in his legs rapidly progressed over 4 to 5 days, leading to him needing a cane for mobility. he had no back pain, sensory complaints, sphincter disturbance or upper limb symptoms.",
      "type": "text"
    },
    {
      "id": 2,
      "text": ", sphincter disturbance or upper limb symptoms. the start of his illness coincided with a period of drought and famine, when his diet almost exclusively consisted of grass peas lathyrus sativus, local name guaya, which is known to be drought - resistant fig. 6 9. 1. despite the monotonous diet, he had been engaged in hard physical labour on",
      "type": "text"
    },
    {
      "id": 3,
      "text": ", he had been engaged in hard physical labour on his family farm, where he was the main breadwin - ner, despite his young age. he lived with his mother and three sisters, who took care of household chores ; they con - sumed a similar diet but of overall smaller amounts of guaya. during that time, several similar cases of weakness among young male farmers occurred in",
      "type": "text"
    },
    {
      "id": 4,
      "text": "similar cases of weakness among young male farmers occurred in his village. his walking dif - ficulty finally meant that he could not return to farm work. at the age of 2 0, he moved to the capital city seeking an alter - native job. he migrated along with another young male farmer from his village who had suffered a similar fate ; he had weakness of both legs and arms",
      "type": "text"
    },
    {
      "id": 5,
      "text": "fate ; he had weakness of both legs and arms, which he had developed during the same period of drought. there was no history of cassava exposure in the region. clinical findings an alert young man with a normal mental state. the gait is spastic ‘ scissor gait ’, with foot - dragging and toe - scraping fig. 6 9. 2.",
      "type": "text"
    },
    {
      "id": 6,
      "text": "- scraping fig. 6 9. 2. there is mild bilateral lower limb spastic weak - ness of pyramidal pattern, with pathological brisk deep ten - don reflexes and sustained foot clonus. extensor plantar response is elicited on the right, while equivocal on the left. cranial nerves and upper limbs are normal. there is no sensory or bladder dysfunction",
      "type": "text"
    },
    {
      "id": 7,
      "text": "are normal. there is no sensory or bladder dysfunction. laboratory results full blood count, liver and renal function tests, cerebrospinal fluid, nerve conduction studies and electromyography are normal. his hiv - 1 serology is non - reactive. htlv - 1 and - 2 serology and mri are not available. • fig. 6 9. 1 lathyrus sativ",
      "type": "text"
    },
    {
      "id": 8,
      "text": ". 6 9. 1 lathyrus sativus local name guaya grass pea plant and its leguminous seeds. 1 8 9 # page 2 questions 1. what clinical syndrome can you apply for a diagnostic approach and how do you narrow down your differential diagnoses? 2. what management and disease prevention plans can be used? discussion a male, teenage farmer from rural northern",
      "type": "text"
    },
    {
      "id": 9,
      "text": "? discussion a male, teenage farmer from rural northern ethiopia develops irreversible spastic paraparesis. the onset of symp - toms coincides with a period of drought when diet mainly consists of grass peas. there is no sensory deficit and no blad - der dysfunction. another young male farmer from the same village is similarly affected. answer to question 1 what clinical syndrome can you apply",
      "type": "text"
    },
    {
      "id": 10,
      "text": "answer to question 1 what clinical syndrome can you apply for a diagnostic approach and how do you narrow down possible differential diagnoses? upper motor neuron lesion with spastic paraparesis is the cli - nical syndrome. absence of radicular symptoms, sensory level, sphincter disturbance, back pain, non - progression, hiv - seronegativity and negative family history",
      "type": "text"
    },
    {
      "id": 11,
      "text": "hiv - seronegativity and negative family history rule out most com - pressive, hereditary, infectious and metabolic myelopathies. among tropical myelopathies, htlv - associated myelop - athy ham is highly unlikely. ham has usually an insid - ious onset and a slowly progressive course, bladder impairment and sensory symptoms are prominent. neuro - cassavism konzo",
      "type": "text"
    },
    {
      "id": 12,
      "text": "are prominent. neuro - cassavism konzo may also present with a sudden - onset spas - tic paraparesis but is improbable in the absence of cassava exposure. male gender, pre - onset physical exertion, excessive prolonged guaya consumption and a history of similarly affected village members favour a distinct form of toxico - nutritional disease called neurolathyri",
      "type": "text"
    },
    {
      "id": 13,
      "text": "toxico - nutritional disease called neurolathyrism. answer to question 2 what management and disease prevention plans can be employed? neurolathyrism is a preventable neurotoxic myelopathy leading to permanent disability. treatment is symptomatic with anti - spastic drugs and physiotherapy. tendon and muscle release surgery can be employed to lengthen contrac - tures of calf muscles and",
      "type": "text"
    },
    {
      "id": 14,
      "text": "lengthen contrac - tures of calf muscles and hip adductors. walking canes, foot braces and wheelchairs need to be provided. education to avoid consumption of l. sativus and mea - sures to reduce toxin burden are important public health interventions. new cases of this preventable disease continue to occur. behaviour change communication among high - risk communities can promote positive practices to reduce toxin",
      "type": "text"
    },
    {
      "id": 15,
      "text": "- risk communities can promote positive practices to reduce toxin exposure. such practices include the use of metallic cooking utensils rather than traditional clay pots to avoid accrued tox - icity from iron - induced oxidation, addition of antioxidant seasonings, soaking seeds in lemon water and avoiding unripe seeds. the case continued … the patient received physiotherapy and muscle relaxants ; however, this achieved",
      "type": "text"
    },
    {
      "id": 16,
      "text": "therapy and muscle relaxants ; however, this achieved only mild short - lasting improvement of his spasticity. a walking cane and wheelchair were pro - vided. the patient was counselled to avoid further consump - tion of l. sativus. summary box neurolathyrism neurolathyrism is a preventable toxic myelopathy caused by excessive ingestion of the",
      "type": "text"
    },
    {
      "id": 17,
      "text": "toxic myelopathy caused by excessive ingestion of the lathyrus sativus grass pea. clinical presentation is an irreversible acute to subacute spastic paraparesis or quadriparesis without prominent sensory involvement. bladder and bowel function are maintained. l. sativus is a hardy, high - yield pest - and insect - resistant cash crop that can endure monsoon, drought",
      "type": "text"
    },
    {
      "id": 18,
      "text": "- resistant cash crop that can endure monsoon, drought or water - logging. it has been consumed in ancient egypt, europe, south asia and in the northern highlands of ethiopia. currently more than 1 0 0 million people in drought - and monsoon - prone areas use l. sativus as staple crop. being a multipurpose legume, it makes a protein - rich, filling diet",
      "type": "text"
    },
    {
      "id": 19,
      "text": ", it makes a protein - rich, filling diet. it is an ‘ almost perfect ’ crop, were it not for causing disability. l. sativus contains the neu - rotoxin β - n - oxalyl - a, b - diaminoproprionic acid β - odap, a glutamate receptor agonist that results in excitotoxicity",
      "type": "text"
    },
    {
      "id": 20,
      "text": "ate receptor agonist that results in excitotoxicity. toxicity is dose - dependent, and risk factors are prolonged heavy ingestion of grass peas, malnutrition, physical exertion, concurrent illness, illiteracy, male gender and young age. onset occurs within 3 to 6 months of monotonous exces - sive grass pea consumption. weakness that develops sud - denly or on waking",
      "type": "text"
    },
    {
      "id": 21,
      "text": "weakness that develops sud - denly or on waking from sleep is a classical presentation. stage 1 neurolathyrism presents with spastic gait and independent mobility ; stage 2 is requiring a cane for mobility ; stage 3 is • fig. 6 9. 2 images demonstrating the patient ’ s gait : paraplegic narrow - based ‘ scissor gait ’",
      "type": "text"
    },
    {
      "id": 22,
      "text": "- based ‘ scissor gait ’ with foot - dragging, and toe - scraping. 1 9 0 chapter 6 9 a 2 2 - year - old male farmer from rural ethiopia with difficulty walking # page 3 requiring a crutch ; stage 4 is characterized by the inability to bear weight with resultant contractures. by virtue of affecting young breadwinners of rural families",
      "type": "text"
    },
    {
      "id": 23,
      "text": "by virtue of affecting young breadwinners of rural families, neurolathyrism poses a high economic burden on poor com - munities in a setting where no social services or disability pensions are available. further reading 1. aronson jk. plant poisons and traditional medicines. in : farrar j, editor. manson ’ s tropical diseases. 2 3 rd ed. london :",
      "type": "text"
    },
    {
      "id": 24,
      "text": "tropical diseases. 2 3 rd ed. london : elsevier ; [ chapter 7 6 ]. 2. woldeamanuel yw, hassan a, zenebe g. neurolathyrism : two ethiopian case reports and review of the literature. j neurol ; 2 5 9 7 : 8. 3. tekle haimanot r, feleke a,",
      "type": "text"
    },
    {
      "id": 25,
      "text": "haimanot r, feleke a, lambein f. is lathyrism still endemic in northern ethiopia?- the case of legambo woreda district in the south wollo zone, amhara national regional state. ethiop j health dev ; 1 9 3 : 2 3 0 - 6. 4. bick as, meiner z, gotk",
      "type": "text"
    },
    {
      "id": 26,
      "text": "bick as, meiner z, gotkine m, levin n. using advanced imaging methods to study neurolathyrism. isr med assoc j ; 1 8 6 : 3 4 1 - 5. 5. lambein f, travella s, kuo yh. grass pea lathyrus sativus l.: orphan crop, neutraceutical or just",
      "type": "text"
    },
    {
      "id": 27,
      "text": ".: orphan crop, neutraceutical or just plain food? planta ; 2 5 0 : 8 2 1 - 3 8. 1 9 1 chapter 6 9 a 2 2 - year - old male farmer from rural ethiopia with difficulty walking",
      "type": "text"
    }
  ],
  "images": [
    {
      "path": "Processed/images/69---A-22-Year-Old-Male-Farmer-from-Rural-Ethiop_2022_Clinical-Cases-in-Trop/69---A-22-Year-Old-Male-Farmer-from-Rural-Ethiop_2022_Clinical-Cases-in-Trop_p1_img1.jpeg",
      "type": "image"
    },
    {
      "path": "Processed/images/69---A-22-Year-Old-Male-Farmer-from-Rural-Ethiop_2022_Clinical-Cases-in-Trop/69---A-22-Year-Old-Male-Farmer-from-Rural-Ethiop_2022_Clinical-Cases-in-Trop_p2_img1.jpeg",
      "type": "image"
    }
  ]
}