{
  "file": "7---A-28-Year-Old-Male-Fisherman-from-Malawi-Wi_2022_Clinical-Cases-in-Tropi.md",
  "n_chunks": 29,
  "text_embedding": "Processed_embeddings/embeddings/text/7---A-28-Year-Old-Male-Fisherman-from-Malawi-Wi_2022_Clinical-Cases-in-Tropi_text.npy",
  "image_embedding": "Processed_embeddings/embeddings/image/7---A-28-Year-Old-Male-Fisherman-from-Malawi-Wi_2022_Clinical-Cases-in-Tropi_images.npy",
  "chunks": [
    {
      "id": 0,
      "text": "# page 1 7 a 2 8 - year - old male fisherman from malawi with shortness of breath camilla rothe clinical presentation history a 2 8 - year - old malawian man presents to a local hospital with progressive shortness of breath over the past 5 days. he reports orthopnoea and paroxysmal nocturnal dyspnoea. he has also developed bilateral flank pain",
      "type": "text"
    },
    {
      "id": 1,
      "text": "noea. he has also developed bilateral flank pain in the past days, which is continuous and dull, and there is constant nausea. there is no cough and no fever. he was diagnosed with arterial hypertension 2 years ear - lier and prescribed antihypertensive drugs, which he never took. no investigations were done at that time. his medical history and family history are otherwise",
      "type": "text"
    },
    {
      "id": 2,
      "text": "time. his medical history and family history are otherwise unre - markable. a recent hiv test was negative. the patient is a fisherman from a town on the southern shore of lake malawi. clinical findings the 2 8 - year - old man is not looking chronically ill, but is in respiratory distress. his conjunctivae are notably pale. his blood pressure is",
      "type": "text"
    },
    {
      "id": 3,
      "text": "ae are notably pale. his blood pressure is 2 0 0 1 3 0 mmhg, pulse 6 6 bpm, temper - ature 3 6. 8 ° c and respiratory rate 3 2 breath cycles per minute. his apex beat is slightly displaced, but his heart sounds are clear and regular. the jugular venous pressure is not raised. there are bilateral fine crackles over the",
      "type": "text"
    },
    {
      "id": 4,
      "text": "raised. there are bilateral fine crackles over the lung bases. the abdomen is flat and non - tender. there is bilateral renal angle tenderness, and the kidneys are ballottable. there is no peripheral oedema. laboratory results his laboratory results on admission are shown in table 7. 1. imaging his chest radiograph on admission is shown in figure 7. 1",
      "type": "text"
    },
    {
      "id": 5,
      "text": "graph on admission is shown in figure 7. 1. table 7. 1 laboratory results on admission parameter patient reference range wbc 1 0 9 l 3. 8 4 - 1 0 haemoglobin mg dl 6. 0 1 3 - 1 5 mcv fl 9 9 platelets 1 0 9 l 5 0 - 4 0 0 creatinine μmol l < 1 2",
      "type": "text"
    },
    {
      "id": 6,
      "text": "creatinine μmol l < 1 2 0 bun mmol l 8 9. 3 < 1 7. 9 k + mmol l 7. 2 3. 5 - 5. 2 • fig. 7. 1 chest radiograph on admission. 1 7 # page 2 questions 1. what is your clinical impression? 2. what further investigations would you do to establish the diagnosis",
      "type": "text"
    },
    {
      "id": 7,
      "text": "what further investigations would you do to establish the diagnosis? discussion a young malawian fisherman presents with signs and symp - toms of left ventricular heart failure, hypertension and anae - mia. there is renal angle tenderness, and his kidneys appear enlarged. his creatinine is very high and he is hyperkalaemic. answer to question 1 what is",
      "type": "text"
    },
    {
      "id": 8,
      "text": "kalaemic. answer to question 1 what is your clinical impression? this young man presents with combined left - sided cardiac failure and renal failure. he was diagnosed with hypertension 2 years prior. it is unclear if his renal incompetence is a cause or the result of his raised blood pressure. the reason for the enlargement of his kidneys could either be primary e. g. poly",
      "type": "text"
    },
    {
      "id": 9,
      "text": "neys could either be primary e. g. polycystic kidneys or secondary as a result of post - renal obstruction with hydronephrosis. in renal com - promise secondary to hypertension, one would expect the kidneys to be small. being a fisherman, the patient has been in regular contact with schistosoma haematobium - infested water in lake malawi. chronic",
      "type": "text"
    },
    {
      "id": 10,
      "text": "um - infested water in lake malawi. chronic schistosomiasis with hydronephrosis is one of the top differential diagnoses to suspect. answer to question 2 what further investigations would you like to perform to establish the diagnosis? the most useful investigation at this point is an ultrasound of the kidneys to differentiate between, primary renal patholog - ical condition and a post",
      "type": "text"
    },
    {
      "id": 11,
      "text": "primary renal patholog - ical condition and a post - renal problem. if there was hydro - nephrosis, obstruction at the level of the bladder seems most likely because both kidneys appear enlarged. on cystoscopy, endoscopists can macroscopically estab - lish the diagnosis, but ideally, biopsies should be performed to look for evidence of granulomat",
      "type": "text"
    },
    {
      "id": 12,
      "text": "be performed to look for evidence of granulomatous inflammation and s. haematobium ova in the tissue and to rule out neoplasia. in chronic infection, urine microscopy may be negative for ova of s. haematobium. the case continued... despite high doses of furosemide, the patient remained oliguric. glucose and insulin were administered for",
      "type": "text"
    },
    {
      "id": 13,
      "text": "guric. glucose and insulin were administered for his hyperkalaemia. ultrasound showed bilateral hydronephrosis with massive dilatation of the renal pelvis and calyces. the remaining renal parenchyma was very thin in both kidneys. cystoscopy revealed a hyperaemic mucosa with multiple ‘ sandy patches ’ suggestive of granulomat",
      "type": "text"
    },
    {
      "id": 14,
      "text": "sandy patches ’ suggestive of granulomatous lesions in the mucosa. no tumour was seen. an endoscopic diagnosis of uro - genital schistosomiasis was made. histology was not available. the next day the patient deteriorated. he became drowsy and vomited repeatedly. he got progressively bradycardic, and there was a new per",
      "type": "text"
    },
    {
      "id": 15,
      "text": "bradycardic, and there was a new pericardial friction rub suggestive of uraemic pericarditis. he was taken to theatre and a bilateral percutaneous nephrostomy was done. the patient was transferred to the intensive care unit and peritoneal dialysis pd was started haemodialysis was not available. the patient improved rapidly, vomiting and drowsiness",
      "type": "text"
    },
    {
      "id": 16,
      "text": "patient improved rapidly, vomiting and drowsiness ceased and his friction rub disappeared. he was discharged home on pd. two months later he was readmitted with fever and abdominal pain. he was treated for suspected bacterial peri - tonitis but sadly died 3 weeks later still in the hospital. summary box genitourinary schistosomiasis genitourinary schisto",
      "type": "text"
    },
    {
      "id": 17,
      "text": "stosomiasis genitourinary schistosomiasis caused by schistosoma haematobium is endemic in large parts of africa and in the middle east. schistosomiasis is one of the most common tropical diseases in migrants from endemic countries and should actively be screened for. about 5 0 % of schistosoma eggs are shed through urine, the other half",
      "type": "text"
    },
    {
      "id": 18,
      "text": "soma eggs are shed through urine, the other half remain trapped in the tissue causing granulomatous inflammation. around 1 0 % of people infected progress to chronic late - stage disease. risk factors for disease progression are poorly understood and include intensity and duration of infection, host genetic factors and parasite strain differences. chronic infection leads to granulomatous inflammation of bladder wall and ureteral",
      "type": "text"
    },
    {
      "id": 19,
      "text": "omatous inflammation of bladder wall and ureteral mucosa resulting in obstructive uropathy, hydronephrosis, recurrent bacterial pyelonephritis and end - stage renal disease. it is also suspected to contribute to the development of squamous cell carcinoma of the bladder. the pathological changes can long go unnoticed. egg deposition in the female genital",
      "type": "text"
    },
    {
      "id": 20,
      "text": "go unnoticed. egg deposition in the female genital tract may result in dyspareunia, chronic lower abdominal pain, ectopic pregnancy and infertility and has also been associated with an increased risk of hiv infection. men may present with scrotal swelling, orchitis and prostatitis, haematospermia and oligospermia. • fig. 7. 2 cystoscopy",
      "type": "text"
    },
    {
      "id": 21,
      "text": ". • fig. 7. 2 cystoscopy findings of a patient with urogenital schistosomia - sis. the white arrows show ‘ sandy patches ’ left and hyperaemia of the bladder mucosa top. courtesy iran mendonc ¸ a da silva. 1 8 chapter 7 a 2 8 - year - old male fisherman from malawi with shortness of",
      "type": "text"
    },
    {
      "id": 22,
      "text": "- old male fisherman from malawi with shortness of breath # page 3 in advanced stages of schistosomiasis, the proof of schistosoma eggs in the urine is challenging because the adult flukes may have long died and egg production may have stopped. biopsy is often unavailable and serology is unhelpful in an endemic setting, because it can only detect exposure without indicating",
      "type": "text"
    },
    {
      "id": 23,
      "text": ", because it can only detect exposure without indicating the activity, duration or quantum of infection. a promising point - of - care diagnostic tool may be circulating anodic antigen caa, which is under development. the investigation of choice is ultrasound. hydronephrosis and bladder wall abnormalities can easily be demonstrated. on cystoscopy a hyperaemic mucosa with",
      "type": "text"
    },
    {
      "id": 24,
      "text": "stoscopy a hyperaemic mucosa with ‘ sandy patches ’ may be seen fig. 7. 2. sandy patches are raised, yellowish mucosal irregularities associated with heavy egg deposition surrounded by fibrous tissue pathognomonic for schistosomiasis. praziquantel may reverse the early stages of infection but has little role to",
      "type": "text"
    },
    {
      "id": 25,
      "text": "the early stages of infection but has little role to play in advanced hydronephrosis. it may still be given to kill remaining adult flukes. otherwise, late - stage urogenital schistosomiasis has to be managed symptomatically, which can be challenging in settings where renal replacement therapy is not an option. further reading 1. bustinduy al, king ch",
      "type": "text"
    },
    {
      "id": 26,
      "text": "reading 1. bustinduy al, king ch. schistosomiasis. in : farrar j, editor. manson ’ s tropical diseases. 2 3 rd ed. london : elsevier ; [ chapter 5 2 ]. 2. colley dg, bustinduy al, secor we, king ch. human schisto - somiasis. lancet ; 3",
      "type": "text"
    },
    {
      "id": 27,
      "text": "sto - somiasis. lancet ; 3 8 3 : 6 4. 3. poggensee g, feldmeier h. female genital schistosomiasis : facts and hypotheses. acta trop ; 7 9 3 : 1 9 3 - 2 1 0. 4. asundi a, belavsky a, liu xj, et al. prevalence of stron",
      "type": "text"
    },
    {
      "id": 28,
      "text": ", liu xj, et al. prevalence of strongyloidiasis and schistosomiasis among migrants : a systematic review and meta - analysis. lancet glob health ; 7 : e 2 3 6 - 4 8. 1 9 chapter 7 a 2 8 - year - old male fisherman from malawi with shortness of breath",
      "type": "text"
    }
  ],
  "images": [
    {
      "path": "Processed/images/7---A-28-Year-Old-Male-Fisherman-from-Malawi-Wi_2022_Clinical-Cases-in-Tropi/7---A-28-Year-Old-Male-Fisherman-from-Malawi-Wi_2022_Clinical-Cases-in-Tropi_p1_img1.jpeg",
      "type": "image"
    },
    {
      "path": "Processed/images/7---A-28-Year-Old-Male-Fisherman-from-Malawi-Wi_2022_Clinical-Cases-in-Tropi/7---A-28-Year-Old-Male-Fisherman-from-Malawi-Wi_2022_Clinical-Cases-in-Tropi_p2_img1.jpeg",
      "type": "image"
    }
  ]
}