{
  "file": "70---A-58-Year-Old-Woman-from-Sri-Lanka-With-Fev_2022_Clinical-Cases-in-Trop.md",
  "n_chunks": 35,
  "text_embedding": "Processed_embeddings/embeddings/text/70---A-58-Year-Old-Woman-from-Sri-Lanka-With-Fev_2022_Clinical-Cases-in-Trop_text.npy",
  "image_embedding": "Processed_embeddings/embeddings/image/70---A-58-Year-Old-Woman-from-Sri-Lanka-With-Fev_2022_Clinical-Cases-in-Trop_images.npy",
  "chunks": [
    {
      "id": 0,
      "text": "# page 1 7 0 a 5 8 - year - old woman from sri lanka with fever, deafness and confusion ranjan premaratna clinical presentation history a 5 8 - year - old sri lankan woman who resides in a rural area presents to a local hospital with high - grade fever, chills, body aches, non - productive cough and progressive shortness of breath for 1",
      "type": "text"
    },
    {
      "id": 1,
      "text": "productive cough and progressive shortness of breath for 1 0 days. two days previously she developed tin - nitus and hearing loss. one day prior to admission she became increasingly confused. clinical findings on admission the patient is confused, with a glasgow coma scale score of 1 3 1 5 e 4 v 4 m 5. her hearing is severely impaired who grade 3. temperature 3 9. 3",
      "type": "text"
    },
    {
      "id": 2,
      "text": "impaired who grade 3. temperature 3 9. 3 ° c 1 0 2. 7 ° f, heart rate 1 2 0 bpm, blood pressure 9 0 / 6 0 mmhg. there are enlarged axillary lymph nodes on the right side. there is no rash and no neck stiffness ; kernig ’ s and brudzinski ’ s signs are negative",
      "type": "text"
    },
    {
      "id": 3,
      "text": "brudzinski ’ s signs are negative. scattered crackles are audible on auscultation over the bases of both lungs. her liver is enlarged to 5 cm below the right costal margin and the spleen is just palpable. laboratory findings her basic laboratory results on admission are shown in table 7 0. 1 ; her cerebrospinal fluid results are shown in",
      "type": "text"
    },
    {
      "id": 4,
      "text": "; her cerebrospinal fluid results are shown in table 7 0. 2. her blood cultures grow no organisms ; leptospira and salmonella serologies are negative. leptospira - pcr is not available. a thick film for malaria parasites is negative as well. further investigations chest radiography does not show any pathological changes. her ecg shows sinus tachycardia",
      "type": "text"
    },
    {
      "id": 5,
      "text": "changes. her ecg shows sinus tachycardia. the eeg reveals wide - spread slowing ; the ct scan of the brain is normal. questions 1. what clinical sign will you be specifically looking for? 2. what antibiotic would you include in your empirical regimen? table 7 0. 1 laboratory results on admission parameter patient reference wbc 1 0 9 l 8. 5",
      "type": "text"
    },
    {
      "id": 6,
      "text": "patient reference wbc 1 0 9 l 8. 5 4 - 1 0 haemoglobin g dl 1 2. 4 1 2 - 1 6 platelets 1 0 9 l 0 - 3 5 0 ast u l 3 3 alt u l 6 8 3 - 2 5 alp u l 0 - 1 3 0 total bilirubin μmol l 2 5. 7 1 3",
      "type": "text"
    },
    {
      "id": 7,
      "text": "μmol l 2 5. 7 1 3. 7 - 3 0. 8 blood urea nitrogen mmol l 6. 4 2. 5 - 6. 4 creatinine μmol l 1 2 3. 8 7 1 - 1 0 6 c - reactive protein mg l 4 8 < 6 table 7 0. 2 cerebrospinal fluid results on admission parameter patient",
      "type": "text"
    },
    {
      "id": 8,
      "text": "cerebrospinal fluid results on admission parameter patient reference leukocytes cells μl 3 5 8 0 % lymphocytes 0 - 5 μl protein g l 0. 6 4 0. 1 5 - 0. 4 5 glucose mmol l 3. 2 5 ∗ 5 0 - 7 5 % of serum glucose ∗ paired random blood glucose 7.",
      "type": "text"
    },
    {
      "id": 9,
      "text": "serum glucose ∗ paired random blood glucose 7. 1 7 mmol l. 1 9 2 # page 2 discussion a 5 8 - year - old woman who is a rural resident of sri lanka presents in a septic state with confusion and hearing loss. on examination there is a regional axillary lymphadenopathy on the right side. she looks ill and is septic on admission.",
      "type": "text"
    },
    {
      "id": 10,
      "text": ". she looks ill and is septic on admission. fbc shows a normal white cell count but slight thrombocy - topenia. the liver transaminases are slightly raised, but bili - rubin and ap are normal. csf shows slight lymphocytic pleocytosis, a mildly raised protein and a slightly decreased glucose. brain ct scan shows no abnormal",
      "type": "text"
    },
    {
      "id": 11,
      "text": "decreased glucose. brain ct scan shows no abnormalities. answer to question 1 what clinical sign will you be specifically looking for? lymphadenopathy in the right axilla was detected on clinical examination of the patient. her acute presentation with signs of severe sepsis make an infectious aetiology of the regional lymphadenopathy most likely. it is crucial to per - form",
      "type": "text"
    },
    {
      "id": 12,
      "text": "most likely. it is crucial to per - form a meticulous examination in order to establish the port of entry of the microorganisms, which should be found in the skin area that drains to the enlarged regional lymph nodes. in asia, infection with orientia tsutsugamushi, the causa - tive pathogen of scrub typhus, is a common cause",
      "type": "text"
    },
    {
      "id": 13,
      "text": "of scrub typhus, is a common cause of fever, which is often associated with an eschar at the inocu - lation site and enlargement of the draining lymph nodes. however, the prevalence of eschar varies in different popula - tions and its absence does not rule out the diagnosis of scrub typhus. answer to question 2 what antibiotic would you",
      "type": "text"
    },
    {
      "id": 14,
      "text": "us. answer to question 2 what antibiotic would you include in your empirical regimen? in asia, scrub typhus must be considered in every patient presenting with an undifferentiated febrile illness, regardless of the presence or absence of an eschar. therefore doxycycline should be added to the empirical regimen to cover for o. tsutsugamushi infection",
      "type": "text"
    },
    {
      "id": 15,
      "text": "to cover for o. tsutsugamushi infection. doxycycline would also cover important differential diagnoses such as other rickettsial infections and leptospirosis. chloramphenicol or azithromycin is the accepted alterna - tive treatment if tetracyclines are contraindicated, as is the case in pregnant women or patients with tetracycline hyper",
      "type": "text"
    },
    {
      "id": 16,
      "text": "in pregnant women or patients with tetracycline hyper - sensitivity. children at any age with scrub typhus can be safely treated with doxycycline. of note, acute hearing loss or hearing impairment in a febrile patient from asia should always arouse strong suspi - cion of scrub typhus. however, no single clinical sign or lab - oratory test can",
      "type": "text"
    },
    {
      "id": 17,
      "text": "single clinical sign or lab - oratory test can rule in or rule out scrub typhus ; therefore empirical antirickettsial treatment is given based on clinical and epidemiological evidence. a definitive laboratory diag - nosis - if at all possible in the particular setting - can be established by demonstration of seroconversion in paired acute and convalescent serum samples or by",
      "type": "text"
    },
    {
      "id": 18,
      "text": "acute and convalescent serum samples or by pcr on pre - treatment buffy coat samples of an eschar biopsy. the case continued … on day 2 after admission the patient developed coarse tremors of both upper and lower limbs associated with sac - cadic oscillations of her eyes in all directions with further deterioration of level of consciousness gcs 8. at this point a",
      "type": "text"
    },
    {
      "id": 19,
      "text": "of consciousness gcs 8. at this point a careful clinical examination revealed a well - demarcated crater - like lesion in the right axilla hidden within the axillary folds. doxycycline therapy was commenced and the patient improved over the next 4 8 hours. she was discharged on day 6 after admission. her hearing had returned to normal and there were no other neurological",
      "type": "text"
    },
    {
      "id": 20,
      "text": "had returned to normal and there were no other neurological deficits. the patient ’ so. tsutsugamushi ifa - igg titre came back high > 1 :, supporting the suspected diagnosis of scrub typhus. summary box scrub typhus scrub typhus is a common cause of pyrexia in large parts of asia and northern australia. its epidemiology has",
      "type": "text"
    },
    {
      "id": 21,
      "text": "of asia and northern australia. its epidemiology has long been considered limited to the asia - pacific area but in was also first described in patients from south america. scrub typhus belongs to the tropical rickettsial infections and is caused by o. tsutsugamushi. the infection is transmitted by the bite of an infected larva chigger of a trombiculid mite.",
      "type": "text"
    },
    {
      "id": 22,
      "text": "va chigger of a trombiculid mite. infected mite larvae are found in a wide variety of habitats, from scrubs and primary forests to gardens, beaches, bamboo fields and oil palm or rubber estates. reservoirs of o. tsutsu - gamushi are rodents and the mites themselves, which can maintain the infection by vertical transmission. humans are accidental hosts. the incub",
      "type": "text"
    },
    {
      "id": 23,
      "text": "vertical transmission. humans are accidental hosts. the incubation period is 6 to 1 0 days. a painless papule occurs at the site of the bite, which later ulcerates and trans - forms into a black crust or ‘ eschar ’. patients present with fever, severe headache and myalgia, regional or generalized lymph - adenopathy and, at times",
      "type": "text"
    },
    {
      "id": 24,
      "text": "alized lymph - adenopathy and, at times, a macular or maculopapular rash. conjunctival suffusions, vomiting and diarrhoea as well as constipation can occur. cns involvement is common in scrub typhus, and presentations with diffuse encephalopathy or a reversible sen - sorineural deafness are well documented.",
      "type": "text"
    },
    {
      "id": 25,
      "text": "- sorineural deafness are well documented. in contrast, focal neurological signs are rare. cerebellar, brainstem and extrapy - ramidal manifestations have been reported, including opsoclo - nus, myoclonusandparkinsoniantremor. furthercomplications include myocarditis, interstitial pneumonia, ards and renal failure. immunity is",
      "type": "text"
    },
    {
      "id": 26,
      "text": "al pneumonia, ards and renal failure. immunity is short - lived and strain - specific. diagnosis can be challenging and, in many resource - limited settings, remains clinical. the diagnostic gold standard is the documentation of a significant rise in antibody titres in paired acute and convalescent serum samples. however, these serological tests are usually unavailable in resource - poor tropical areas. despite",
      "type": "text"
    },
    {
      "id": 27,
      "text": "usually unavailable in resource - poor tropical areas. despite controversies in sensitivity and speci - ficity, immunochromatographic rapid diagnostic tests have been developed for field use and are being used in the diag - nosis of scrub typhus in several endemic countries. elisa - based tests have a high sensitivity and specificity. pcr - based tests have been developed and are",
      "type": "text"
    },
    {
      "id": 28,
      "text": ". pcr - based tests have been developed and are mostly employed in genotypic characterization and for research purposes or as diagnostic tools in high - resource settings. culture of o. tsut - sugamushi from the blood takes several weeks and requires a biosafety level 3 facility. 1 9 3 chapter 7 0 a 5 8 - year - old woman from sri lanka with fever,",
      "type": "text"
    },
    {
      "id": 29,
      "text": "year - old woman from sri lanka with fever, deafness and confusion # page 3 scrub typhus is very responsive to antibiotic treatment, which should be given empirically once the diagnosis is sus - pected. standard treatment is with doxycycline 1 0 0 mg bid for 1 week. alternative options include tetracycline, azithromycin, rifampicin",
      "type": "text"
    },
    {
      "id": 30,
      "text": ", azithromycin, rifampicin and chloramphenicol. further reading 1. paris dh, day npj. tropical rickettsial infections. in : farrar j, edi - tor. manson ’ s tropical diseases. 2 3 rd ed. london : elsevier ; [ chapter 2 2 ]. 2. premaratna r, chandrasena",
      "type": "text"
    },
    {
      "id": 31,
      "text": "2. premaratna r, chandrasena tg, dassayake as, et al. acute hearing loss due to scrub typhus : a forgotten complication of a reemerging disease. clin infect dis ; 4 2 1 ; e 6 - 8. 3. weitzel t, dittrich s, lópez j, et al. endemic scrub ty",
      "type": "text"
    },
    {
      "id": 32,
      "text": "ópez j, et al. endemic scrub typhus in south america. n engl j med ; 3 7 5 1 0 ; 9 5 4 - 6 1. 4. saraswati k, day npj, mukaka m, blacksell sd. scrub typhus point - of - care testing : a systematic review and meta - analysis. plos negl trop",
      "type": "text"
    },
    {
      "id": 33,
      "text": "and meta - analysis. plos negl trop dis ; 1 2 3 ; e 3 3 0. https : doi. org 1 0. journal. pntd. 3 3 0. 5. gaillard t, briolant s, madamet m, et al. the end of a dogma : the safety of doxycycline use in young children for malaria treatment",
      "type": "text"
    },
    {
      "id": 34,
      "text": "xycycline use in young children for malaria treatment. malar j ; 1 6 : 1 4 8. 1 9 4 chapter 7 0 a 5 8 - year - old woman from sri lanka with fever, deafness and confusion",
      "type": "text"
    }
  ],
  "images": []
}