{
  "file": "71---A-71-Year-Old-Man-from-Japan-With-Eosinophili_2022_Clinical-Cases-in-Tr.md",
  "n_chunks": 42,
  "text_embedding": "Processed_embeddings/embeddings/text/71---A-71-Year-Old-Man-from-Japan-With-Eosinophili_2022_Clinical-Cases-in-Tr_text.npy",
  "image_embedding": "Processed_embeddings/embeddings/image/71---A-71-Year-Old-Man-from-Japan-With-Eosinophili_2022_Clinical-Cases-in-Tr_images.npy",
  "chunks": [
    {
      "id": 0,
      "text": "# page 1 7 1 a 7 1 - year - old man from japan with eosinophilia and a nodular lesion in the lung yukifumi nawa, haruhiko maruyama and masaki tomita clinical presentation history a 7 1 - year - old japanese man is referred to a local tertiary care hospital for further work - up of a no",
      "type": "text"
    },
    {
      "id": 1,
      "text": "care hospital for further work - up of a nodular lesion in his right lung. he is clinically well and does not report any complaints. the lesion was first detected 2 years earlier during a routine healthcheck. initiallyitwasoflinearshape. thepatienthasbeen regularly followed up since then. at his most recent follow - up visititwas",
      "type": "text"
    },
    {
      "id": 2,
      "text": "at his most recent follow - up visititwasfoundbychestradiographyfig. 7 1. 1 aandctscan fig. 7 1. 1 b, c that his linear lung shadow had turned into a nodular lesion of about 2 cm in diameter. the patient was born in kyushu district, southern japan, where he is still living. he has",
      "type": "text"
    },
    {
      "id": 3,
      "text": "japan, where he is still living. he has no history of travelling overseas. clinical findings the vital signs were normal. the chest was clear. the remainder of the physical examination was also normal. investigations his full blood count and total ige are shown in table 7 1. 1. liver and renal function tests as well as electrolytes are nor - mal. ldh and crp",
      "type": "text"
    },
    {
      "id": 4,
      "text": "are nor - mal. ldh and crp are not raised. serologies cryptococcus ag negative, aspergillus ag negative, β - d - glucan 6. 0 pg ml < 2 0 pg ml, quantiferon test qft - 2 g negative. imaging fluorodeoxyglucose - positron emission tomography fdg - pet - ct shows increased",
      "type": "text"
    },
    {
      "id": 5,
      "text": "tomography fdg - pet - ct shows increased fdg - uptake into the lesion in the right upper lobe fig. 7 1. 1 d - f. questions 1. what kind of diseases should be considered in your dif - ferential diagnosis? 2. what further information should you obtain from the patient? table 7 1. 1 full blood count results at presentation parameter",
      "type": "text"
    },
    {
      "id": 6,
      "text": ". 1 full blood count results at presentation parameter patient reference wbc 1 0 9 l 6. 5 4 - 1 0 haemoglobin g dl 1 5. 3 1 4 - 1 6 platelets 1 0 9 l 5 0 - 3 0 0 neutrophils % 4 6. 1 3 0 - 8 0 lymphocytes % 3 8. 6 1 5 - 5",
      "type": "text"
    },
    {
      "id": 7,
      "text": "tes % 3 8. 6 1 5 - 5 0 monocytes % 6. 4 1 - 1 2 eosinophils % 8. 3 0 - 6 total eosinophil count 1 0 9 l 0. 5 4 < 0. 4 5 basophils % 0. 6 0 - 2 ige u ml 1 8 5. 7 < 9 5 # page 2 discussion",
      "type": "text"
    },
    {
      "id": 8,
      "text": "5. 7 < 9 5 # page 2 discussion a 7 1 - year - old japanese man who is clinically well is worked up for a nodular lesion in his right lung. blood tests reveal a mild eosinophilia and a slightly raised ige. on pet scan the pulmonary lesion shows an increased fdg uptake. answer to question 1 what kinds of",
      "type": "text"
    },
    {
      "id": 9,
      "text": "uptake. answer to question 1 what kinds of diseases should be considered in your differential diagnoses? the most important differential diagnosis for a nodular lesion with or without cavitation in the lung is either pulmo - nary tuberculosis or lung cancer. the pet - ct is unable to • fig. 7 1. 1 chest x - ray a and ct scan b, c",
      "type": "text"
    },
    {
      "id": 10,
      "text": "x - ray a and ct scan b, c of the patient showing a nodular lesion in the right upper lobe. d - f fluorodeoxyglucose - positron emission tomography fdg - pet with increased fdg uptake into the lesion in the right upper lobe. 1 9 6 chapter 7 1 a 7 1 - year - old man from japan with",
      "type": "text"
    },
    {
      "id": 11,
      "text": "7 1 - year - old man from japan with eosinophilia and a nodular lesion in the lung # page 3 distinguish between a malignancy and an inflammatory lesion of other aetiology, e. g. an infectious process. systemic endemic mycoses e. g. histoplasmosis, blasto - mycosis and paracoccidioid",
      "type": "text"
    },
    {
      "id": 12,
      "text": "sto - mycosis and paracoccidioidomycosis may present with a wide variety of pulmonary lesions in otherwise asymptom - atic patients ; however, they are not endemic in east asia and the patient does not have a history of travelling abroad. in addition to abnormal findings on the chest radiograph, this patient shows eosinophilia and elevated total ige levels",
      "type": "text"
    },
    {
      "id": 13,
      "text": "eosinophilia and elevated total ige levels. one therefore needs to consider the possibility of pulmonary helminth infections, especially of lung fluke infection paragonimiasis. answer to question 2 what kind of information should you obtain from the patient? when suspecting lung fluke infection, it is important to find out if the patient may at any time have been exposed to this",
      "type": "text"
    },
    {
      "id": 14,
      "text": "patient may at any time have been exposed to this parasite. paragonimus species are endemic all over asia, in west and central africa and parts of latin america. if the patient lives in an endemic area, or has a positive travel history, one should find out if he or she has ever eaten raw or undercooked freshwater crabs, which may harbour the infective stage metacer",
      "type": "text"
    },
    {
      "id": 15,
      "text": "which may harbour the infective stage metacercariae of paragonimus species. also, consumption of raw wild boar meat is a risk, because wild boar act as paratenic hosts, harbouring juvenile worms. traditional medicine used in some east asian countries may contain raw crab meat and juice and potentially act as a source of infection. however, some patients have a negative exposure",
      "type": "text"
    },
    {
      "id": 16,
      "text": "infection. however, some patients have a negative exposure history, and it has been suggested that even con - taminated fingers and cooking utensils may act as a source of infection. the case continued … bronchoscopy did not reveal any signs of malignancy. cytology of the bronchoalveolar lavage bal fluid was negative for malignant cells and acid - fast bac",
      "type": "text"
    },
    {
      "id": 17,
      "text": "negative for malignant cells and acid - fast bacilli. the quantiferon test and a wide range of tumour markers were negative. in view of the elevated ige levels, the patient ’ s eosino - philia and the fact that the patient originated from southern japan, paragonimiasis was strongly suspected and the patient ’ s serum was submitted for immunodiagnosis of par -",
      "type": "text"
    },
    {
      "id": 18,
      "text": "s serum was submitted for immunodiagnosis of par - asitic diseases. multiple - dot elisa was strongly positive for p. westermani. the patient was treated with oral praziquantel 2 5 mg kg tds for 3 consecutive days. the lung lesion gradually faded and eventually disappeared. his serum antibody titre also declined. table 7 1. 2 predominant paragonimus species by",
      "type": "text"
    },
    {
      "id": 19,
      "text": "1. 2 predominant paragonimus species by region region predominant paragonimus spp. east asia p. westermani p. skrijabinia south and south - east asia p. heterotremusb africa p. africanus p. uterobilateralis north america p. kelicottii central and south america p. mexicanus asyn. p",
      "type": "text"
    },
    {
      "id": 20,
      "text": "south america p. mexicanus asyn. p. myazakii. bexception : philippines - p. westermani. • fig. 7 1. 2 chest x - ray of a patient with acute paragonimiasis, showing right - sided pleural effusion. • fig. 7 1. 3 paragonimus westermani egg in sputum. 1 9 7 chapter",
      "type": "text"
    },
    {
      "id": 21,
      "text": "mani egg in sputum. 1 9 7 chapter 7 1 a 7 1 - year - old man from japan with eosinophilia and a nodular lesion in the lung # page 4 summary box paragonimiasis paragonimiasis is a sub - acute to chronic lung disease caused by infection with lung flukes of the genus paragonimus. paragonimus",
      "type": "text"
    },
    {
      "id": 22,
      "text": "of the genus paragonimus. paragonimus westermani is the most widely distributed species in asia, but several additional species also cause disease table 7 1. 2. apart from asia, paragonimiasis occurs in the americas and in sub - saharan africa. adult flukes live in the lungs of a mammalian host felines, canines, humans. ova are cough",
      "type": "text"
    },
    {
      "id": 23,
      "text": "ines, canines, humans. ova are coughed up and either expectorated or swallowed and passed in the faeces. when eggs reach fresh water, miracidia hatch and infect a snail first intermediate host. after asexual multiplication, cercariae are released and infect a crab or crayfish second intermediate host. human infection occurs mainly via consumption of",
      "type": "text"
    },
    {
      "id": 24,
      "text": "intermediate host. human infection occurs mainly via consumption of raw or undercooked freshwater crabs or crayfish contaminated with paragonimus metacercariae. in addition, eating raw meat of wild boar, which is a paratenic host, is an important route of infection, especially in japan. venison deer meet has also been proven as the potential source of p. westermani infection in",
      "type": "text"
    },
    {
      "id": 25,
      "text": "the potential source of p. westermani infection in humans. because the range of paratenic hosts may even be wider, eating wild animal meat in general may be a risk factor for this disease. metacercariae excyst in the small intestine and penetrate the intestinal wall. they pass through the liver and diaphragm, invade the pleural space and finally",
      "type": "text"
    },
    {
      "id": 26,
      "text": "aphragm, invade the pleural space and finally enter the lung parenchyma where they mature into adults and produce eggs. juvenile worms sometimes migrate into subcutaneous soft tissue or the central nervous system to cause unexpected, potentially deleterious lesions. clinical features of the disease are similar to those of pulmo - nary tb or lung cancer. patients may have chronic cough,",
      "type": "text"
    },
    {
      "id": 27,
      "text": "or lung cancer. patients may have chronic cough, hae - moptysis, chest pain, fever, night sweats and abnormal findings on chest imaging. pleural effusion fig. 7 1. 2 with marked eosinophilia in the exudate and pneumothorax without apparent nodular lesion cavitation may occur in the early stages and or in light",
      "type": "text"
    },
    {
      "id": 28,
      "text": "may occur in the early stages and or in light infections. extrapulmonary paragonimiasis may present as painless, mobile subcutaneous swellings. migration into the cns may lead to acute eosinophilic meningoencephalitis and epilepsy. however, about 2 0 % of patients are asymptomatic and the disease is accidentally found on routine chest radiography,",
      "type": "text"
    },
    {
      "id": 29,
      "text": "disease is accidentally found on routine chest radiography, when nodules, ring shadows or cavities are typically seen. eosinophilia is prominent during acute and sub - acute infection but may be only mild or absent in chronic disease. the definitive diagnosis is made by detection of ova in sputum, bal fluid or faeces fig. 7 1. 3. however, sensitivity",
      "type": "text"
    },
    {
      "id": 30,
      "text": "fig. 7 1. 3. however, sensitivity is below 5 0 % in light infections. instead, an immunodiagnostic screening test such as multiple - dot elisa fig. 7 1. 4 should be used in com - bination with the patient ’ s history and additional laboratory results. serological tests e. g. elisa may detect early as well as chronic infections, and tit",
      "type": "text"
    },
    {
      "id": 31,
      "text": "detect early as well as chronic infections, and titres decline rapidly after cure. prazi - quantel is the drug of choice. a course of 2 5 mg kg tds for 3 consecutive days is usually effective against all paragonimus species. even in paragonimiasis - endemic areas, physicians often do not pay much attention to this disease and misdiagnose it as pulmo -",
      "type": "text"
    },
    {
      "id": 32,
      "text": "this disease and misdiagnose it as pulmo - nary tuberculosis or lung cancer. such diagnostic errors result in enormous socioeconomic loss, and create a mental and physical burden for the patient because of unnecessary hospitalization and laboratory investigations, surgical interventions and or long - term medication. figure 7 1. 5 shows a typical example of such a case, in which postoperative histopathology",
      "type": "text"
    },
    {
      "id": 33,
      "text": "case, in which postoperative histopathology revealed the presence of paragonimus eggs in the resected nodular lesion, which had been diagnosed as a lung cancer by fdg - pet imaging. • fig. 7 1. 4 multiple - dot elisa for helminthiases showing positive reaction against p. westermani antigen. nhs : normal human serum for",
      "type": "text"
    },
    {
      "id": 34,
      "text": "mani antigen. nhs : normal human serum for positive control ; pw : p. westermani ; pm : p. miyazakii ; fh : fasciola hepatica ; cs : clonorchis sinensis ; se : spirometra erinacei europaei ; cc : cysticercus cellulosae ; di : dirofilaria immitis ; tc",
      "type": "text"
    },
    {
      "id": 35,
      "text": ": dirofilaria immitis ; tc : toxocara canis ; as : ascaris sum ; asx : anisakis simplex ; gd : gnathostoma doloresi ; sr : strongyloides stercoralis. • fig. 7 1. 5 histopathology of the nodular lung lesion that was surgically resected",
      "type": "text"
    },
    {
      "id": 36,
      "text": "lung lesion that was surgically resected after diagnosis of lung cancer based on fdg - pet imaging. note the chronic granulomatous lesion containing numerous paragoni - mus eggs black arrows. foreign body giant cells white arrows are also seen in the tissue. 1 9 8 chapter 7 1 a 7 1 - year - old man from japan with eosinophilia",
      "type": "text"
    },
    {
      "id": 37,
      "text": "old man from japan with eosinophilia and a nodular lesion in the lung # page 5 further reading 1. sithithaworn p, sripa b, kaewkes s, et al. food - borne trematodes. in : farrar j, editor. manson ’ s tropical diseases. 2 3 rd ed. london : elsevier ;",
      "type": "text"
    },
    {
      "id": 38,
      "text": "2 3 rd ed. london : elsevier ; [ chapter 5 3 ]. 2. kong y, doanh pn, nawa y. paragonimus. in : xiao l, ryan u, yaoyu feng y, editors. biology of foodborne parasites. boca raton : crc press ;. p. 4 4 5 - 6 2. 3. nawa y",
      "type": "text"
    },
    {
      "id": 39,
      "text": "5 - 6 2. 3. nawa y, thaenkham u, doanh pn, blair d. paragonimus wester - mani and paragonimus species. in : motarjemi y, moy g, todd e, editors. encyclopedia of food safety : hazards and diseases. san diego, ca, usa : elsevier ;. p. 1",
      "type": "text"
    },
    {
      "id": 40,
      "text": ", usa : elsevier ;. p. 1 7 9 - 8 8. 4. nakamura - uchiyama f, mukae h, nawa y. paragonimiasis : a jap - anese perspective. clin chest med ; 2 3 2 : 4 0 9 - 2 0. 5. yoshida a, matsuo k, moribe j, et al",
      "type": "text"
    },
    {
      "id": 41,
      "text": "matsuo k, moribe j, et al. venison, another source of paragonimus westermani infection. parasitol int ; 6 5 : 6 0 7 - 1 2. 1 9 9 chapter 7 1 a 7 1 - year - old man from japan with eosinophilia and a nodular lesion in the lung",
      "type": "text"
    }
  ],
  "images": [
    {
      "path": "Processed/images/71---A-71-Year-Old-Man-from-Japan-With-Eosinophili_2022_Clinical-Cases-in-Tr/71---A-71-Year-Old-Man-from-Japan-With-Eosinophili_2022_Clinical-Cases-in-Tr_p2_img1.jpeg",
      "type": "image"
    },
    {
      "path": "Processed/images/71---A-71-Year-Old-Man-from-Japan-With-Eosinophili_2022_Clinical-Cases-in-Tr/71---A-71-Year-Old-Man-from-Japan-With-Eosinophili_2022_Clinical-Cases-in-Tr_p3_img1.jpeg",
      "type": "image"
    },
    {
      "path": "Processed/images/71---A-71-Year-Old-Man-from-Japan-With-Eosinophili_2022_Clinical-Cases-in-Tr/71---A-71-Year-Old-Man-from-Japan-With-Eosinophili_2022_Clinical-Cases-in-Tr_p3_img2.jpeg",
      "type": "image"
    },
    {
      "path": "Processed/images/71---A-71-Year-Old-Man-from-Japan-With-Eosinophili_2022_Clinical-Cases-in-Tr/71---A-71-Year-Old-Man-from-Japan-With-Eosinophili_2022_Clinical-Cases-in-Tr_p4_img1.jpeg",
      "type": "image"
    },
    {
      "path": "Processed/images/71---A-71-Year-Old-Man-from-Japan-With-Eosinophili_2022_Clinical-Cases-in-Tr/71---A-71-Year-Old-Man-from-Japan-With-Eosinophili_2022_Clinical-Cases-in-Tr_p4_img2.jpeg",
      "type": "image"
    }
  ]
}