{
  "file": "72---A-4-Year-Old-Boy-from-Mozambique-With-Sever_2022_Clinical-Cases-in-Trop.md",
  "n_chunks": 25,
  "text_embedding": "Processed_embeddings/embeddings/text/72---A-4-Year-Old-Boy-from-Mozambique-With-Sever_2022_Clinical-Cases-in-Trop_text.npy",
  "image_embedding": "Processed_embeddings/embeddings/image/72---A-4-Year-Old-Boy-from-Mozambique-With-Sever_2022_Clinical-Cases-in-Trop_images.npy",
  "chunks": [
    {
      "id": 0,
      "text": "# page 1 7 2 a 4 - year - old boy from mozambique with severe oedema and skin lesions charlotte adamczick clinical presentation history an oedematous, hiv - negative 4 - year - old boy from rural mozambique is seen at the paediatric department of a central hospital in malawi. he was admitted 5 days earlier with the suspected diagno - sis of nephrotic",
      "type": "text"
    },
    {
      "id": 1,
      "text": "with the suspected diagno - sis of nephrotic syndrome and was started on furosemide and prednisolone ; however, his oedema did not subside. three weeks earlier he had been treated for pneumonia at a health centre. clinical findings the little boy is miserable, refusing to eat and apathetic with a puffy face and pitting oedema on the lower legs.",
      "type": "text"
    },
    {
      "id": 2,
      "text": "and pitting oedema on the lower legs. his hair is brittle, sparse and fair in colour. the skin is dry and hyper - pigmented ; it is peeling off like ‘ flaky paint ’ fig. 7 2. 1 and there are ulcerative skin lesions, most prominently in the groins fig. 7 2. 2. laboratory results",
      "type": "text"
    },
    {
      "id": 3,
      "text": "ins fig. 7 2. 2. laboratory results albumin 2. 2 g dl reference range 3. 0 - 5. 2 g dl, haemoglo - bin 7 g dl 1 2 - 1 4 g dl. questions 1. what is the likely diagnosis and how can it be distin - guished from nephrotic syndrome? 2. how should the child be treated and",
      "type": "text"
    },
    {
      "id": 4,
      "text": "? 2. how should the child be treated and what is the prognosis? discussion three weeks after a severe bacterial infection, a 4 - year old boy from rural mozambique develops oedema. the skin is hyperpigmented and dry, peeling off and there is discolor - ation of his hair. treatment with furosemide has no influ - ence on the extent of the",
      "type": "text"
    },
    {
      "id": 5,
      "text": "no influ - ence on the extent of the oedema. clinically, the little boy • fig. 7 2. 1 a 5 - year - old boy with generalized oedema. the skin is hyper - pigmented and dry. it is peeling off like ‘ flaky paint ’. underneath, the skin is hypopigmented. • fig. 7 2.",
      "type": "text"
    },
    {
      "id": 6,
      "text": "hypopigmented. • fig. 7 2. 2 ulcerative skin lesions on the lower abdomen and in the groin where zinc ointment and gentian violet solution “ gv paint ” has been applied. 2 0 0 # page 2 is sick and refusing to eat or drink. he is anaemic and his serum albumin is low. answer to",
      "type": "text"
    },
    {
      "id": 7,
      "text": "and his serum albumin is low. answer to question 1 what is the likely diagnosis and how can it be distinguished from nephrotic syndrome? generalized oedema in a child can have various causes. in nephrotic syndrome, serum albumin is low and there is heavy proteinuria. lowserumalbuminishoweverinfluencedbymany factorssuchasnutrition,",
      "type": "text"
    },
    {
      "id": 8,
      "text": "encedbymany factorssuchasnutrition, liverfunctionandintestinalresorption. this child is displaying additional clinical features such as skin and hair changes as well as apathy. these are typical fea - tures of kwashiorkor, a form of severe acute malnutrition see summary box. a urine dipstick test should be done to check for protein. in nephrotic",
      "type": "text"
    },
    {
      "id": 9,
      "text": "be done to check for protein. in nephrotic syndrome, proteinuria exceeds 3. 5 g per day 4 + on a urine dipstick and the urine is often macroscopically frothy. in kwashiorkor, some proteinuria may be found but rarely exceeds 1 + on a dipstick test. answer to question 2 how should the child be treated and what",
      "type": "text"
    },
    {
      "id": 10,
      "text": "question 2 how should the child be treated and what is the prognosis? the child needs to be admitted to the high dependency area of the nutrition ward and treated according to who guide - lines for severe acute malnutrition with meticulously calcu - lated amounts of feeds and close monitoring. the risks of infection, diarrhoea, anaemia, cardiac and liver failure are",
      "type": "text"
    },
    {
      "id": 11,
      "text": ", anaemia, cardiac and liver failure are high. prophylactic antibiotics, monitoring of temperature and haemoglobin as well as careful fluid replacement, are part of the treatment scheme. the case continued … the skin in the groin and armpits continued to peel off and became superinfected. the lesions could successfully be trea - ted with gentian violet",
      "type": "text"
    },
    {
      "id": 12,
      "text": "successfully be trea - ted with gentian violet solution. initially the child did not tolerate 3 - hourly feeds and required feeding through a nasogastric tube. on day 5 in the nutrition rehabilitation unit he could eat by himself and the oedema started to settle. the transition to higher caloric feeds was tolerated well and he could be discharged into the community feeding program at",
      "type": "text"
    },
    {
      "id": 13,
      "text": "could be discharged into the community feeding program at day 1 5. summary box kwashiorkor kwashiorkor is a form of severe, acute malnutrition character - ized by hypoalbuminaemia and oedema. kwashiorkor mainly occurs in areas where people live on a monotonous diet and the staple food has a low protein - to - energy ratio e.",
      "type": "text"
    },
    {
      "id": 14,
      "text": "a low protein - to - energy ratio e. g. maize, cassava or bananas. it is uncommon in communities where diet is supplemented by animal protein. incidence peaks during the rainy season when staple food items and vegetables are in short supply. however, kwashiorkor is not just a consequence of a diet low in protein and micronutrients. infections often precede",
      "type": "text"
    },
    {
      "id": 15,
      "text": "and micronutrients. infections often precede the onset of the disease. they lead to low albumin levels in the context of acute phase reactions. diarrhoeal diseases and capillary leakage result in further loss of protein, nutrients and fluids. an imbalance between free radicals and insufficient levels of antioxidants leads to oxidative stress and damage of cell membranes.",
      "type": "text"
    },
    {
      "id": 16,
      "text": "ative stress and damage of cell membranes. hypoimmunoglobulinaemia leads to severe infections, contributing to the high fatality rates associated with kwashiorkor. the typical age at presentation is 1 to 3 years ; boys and girls are equally affected. hepatomegaly is a common finding. the hair becomes depigmented, fair or reddish in colour and is",
      "type": "text"
    },
    {
      "id": 17,
      "text": "pigmented, fair or reddish in colour and is easy to pluck. hyperpigmented, dry, damaged and infected skin may show pale patches ‘ flaky paint ’ dermatosis and ulcerations. children with kwashiorkor are miserable, apathetic and often refuse to eat. management is challenging and involves careful feeding with slowly increasing amounts of feeds with metic",
      "type": "text"
    },
    {
      "id": 18,
      "text": "feeding with slowly increasing amounts of feeds with meticulous monitoring of glucose levels, weight gain and fluid status. prophylactic broad - spectrum antibiotics should be given to all patients, because signs of infection including fever may be absent. diuretics are contraindicated because they further deplete the intravascular volume, causing hypotension. the oedema will settle once therapeutic feeding has",
      "type": "text"
    },
    {
      "id": 19,
      "text": ". the oedema will settle once therapeutic feeding has been established. patients should also receive folic acid, anthelmintics and, once stable, measles vaccination if unvaccinated. relapses are common and renal and liver function, as well as glucose levels, may be deranged well beyond the time of clinical recovery. case fatality rates from kwashiorkor are high",
      "type": "text"
    },
    {
      "id": 20,
      "text": "fatality rates from kwashiorkor are high, with a median of 2 0 - 3 0 %. additional infection with hiv further worsens the prognosis. further reading 1. abrams s, brabin bj, coulter jbs. nutrition - associated disease. in : farrar j, editor. manson ’ s tropical diseases. 2 3 rd ed. london : elsevier ;",
      "type": "text"
    },
    {
      "id": 21,
      "text": "2 3 rd ed. london : elsevier ; [ chapter 7 7 ]. 2. bwakura - dangarembizi m, amadi b, bourke cd, et al. health outcomes, pathogenesis and epidemiology of severe acute malnu - trition hope - sam : rationale and methods of a longitudinal observational study. bmj open ;",
      "type": "text"
    },
    {
      "id": 22,
      "text": "dinal observational study. bmj open ; 9 : e 7 7. 3. coulthard mg. oedema in kwashiorkor is caused by hypoalbumi - naemia. paediatr int child health ; 3 5 : 8 3 - 9. 4. who. guideline : updates on the management of severe acute malnutrition in infants and children. geneva : world",
      "type": "text"
    },
    {
      "id": 23,
      "text": "acute malnutrition in infants and children. geneva : world health orga - nisation. available from : https : apps. who. int iris bitstream handle 5 4 8 eng. pdf? ua = 1 5. heikens gt, bunn j, amadi b, et al. case management of hiv - infected severely malnourished children : challenges in the area of highest prevalence",
      "type": "text"
    },
    {
      "id": 24,
      "text": "nourished children : challenges in the area of highest prevalence. lancet ; 3 7 1 : 7. 2 0 1 chapter 7 2 a 4 - year - old boy from mozambique with severe oedema and skin lesions",
      "type": "text"
    }
  ],
  "images": [
    {
      "path": "Processed/images/72---A-4-Year-Old-Boy-from-Mozambique-With-Sever_2022_Clinical-Cases-in-Trop/72---A-4-Year-Old-Boy-from-Mozambique-With-Sever_2022_Clinical-Cases-in-Trop_p1_img1.jpeg",
      "type": "image"
    },
    {
      "path": "Processed/images/72---A-4-Year-Old-Boy-from-Mozambique-With-Sever_2022_Clinical-Cases-in-Trop/72---A-4-Year-Old-Boy-from-Mozambique-With-Sever_2022_Clinical-Cases-in-Trop_p1_img2.jpeg",
      "type": "image"
    }
  ]
}