{
  "file": "73---A-21-Year-Old-Male-Migrant-from-Rural-Mali-_2022_Clinical-Cases-in-Trop.md",
  "n_chunks": 37,
  "text_embedding": "Processed_embeddings/embeddings/text/73---A-21-Year-Old-Male-Migrant-from-Rural-Mali-_2022_Clinical-Cases-in-Trop_text.npy",
  "image_embedding": "Processed_embeddings/embeddings/image/73---A-21-Year-Old-Male-Migrant-from-Rural-Mali-_2022_Clinical-Cases-in-Trop_images.npy",
  "chunks": [
    {
      "id": 0,
      "text": "# page 1 7 3 a 2 1 - year - old male migrant from rural mali with massive splenomegaly camilla rothe clinical presentation history a 2 1 - year - old male migrant from rural mali is referred to the tropical medicine department of a university hospital in ger - many. he has just been worked - up for splenomegaly and bicytopenia at the hae",
      "type": "text"
    },
    {
      "id": 1,
      "text": "galy and bicytopenia at the haematology department. however, the underlying condition could not be established. clinically, the patient is quite well, he only reports inter - mittent fever, and some “ heaviness ” on the left side of his abdomen for some time the duration is difficult to specify. there are no night sweats and his weight",
      "type": "text"
    },
    {
      "id": 2,
      "text": "fy. there are no night sweats and his weight appears to be stable. the patient migrated from rural mali to germany and arrived 1 year prior. during his journey he crossed niger and spent a few weeks at a detention centre in libya until he made his way across the mediterranean and through italy to germany. he comes from a poor family and is unable to read and write. clinical findings",
      "type": "text"
    },
    {
      "id": 3,
      "text": "and is unable to read and write. clinical findings 2 1 - year - old young man, who appears clinically well. tem - perature 3 6. 1 ° c 9 6. 9 8 ° f, bp 1 2 0 8 0 mmhg, pulse 6 4 bpm. the spleen is massively enlarged around 1 5 cm below the left costal margin, but there",
      "type": "text"
    },
    {
      "id": 4,
      "text": "cm below the left costal margin, but there is no clinical anaemia and no lymphadenopathy. heart sounds are clear and there are no murmurs. the rest of the examination is normal. abdominal ultrasound spleen 2 1. 8 cm in longitudinal diameter, the parenchyma appears homogenous. the liver is normal in size and the paren",
      "type": "text"
    },
    {
      "id": 5,
      "text": ". the liver is normal in size and the parenchyma looks normal. the flow of the portal and splenic veins is normal. there is no lymphadenopathy and no free fluid. laboratory results the laboratory results are shown in table 7 3. 1. questions 1. what are the most important differential diagnoses in this patient? 2. how would you manage him?",
      "type": "text"
    },
    {
      "id": 6,
      "text": "patient? 2. how would you manage him? discussion a 2 1 - year old migrant from rural mali presents with massive splenomegaly, causing a feeling of heaviness in his abdomen and reports intermittent fever. the symptoms have been pre - sent for some time. table 7 3. 1 laboratory results at first presentation parameter patient reference range wbc 1 0 9 l",
      "type": "text"
    },
    {
      "id": 7,
      "text": "parameter patient reference range wbc 1 0 9 l 3. 3 4 - 1 0 neutrophils 1 0 9 l 2. 2 9 1. 8 - 7. 2 lymphocytes 1 0 9 l 1. 4 1. 5 - 4 monocytes 1 0 9 l 0. 2 8 0. 2 - 0. 5 eosinophils 1 0 9 l",
      "type": "text"
    },
    {
      "id": 8,
      "text": ". 5 eosinophils 1 0 9 l 0. 1 2 < 0. 5 haemoglobin g dl 1 3. 8 1 3 - 1 5 platelets 1 0 9 l 5 0 - 3 5 0 ldh u l 1 8 5 < 2 2 0 total bilirubin mg dl 0. 5 0. 2 - 1. 2 igm g l",
      "type": "text"
    },
    {
      "id": 9,
      "text": ". 2 - 1. 2 igm g l 8. 5 9 0. 4 - 2. 3 crp 0. 5 < 0. 5 esr mm h 9 2 1 < 1 5 3 0 plasmodium spp. thick and thin film negative negative p. falciparum ifat 1 : 2 5 6 < 1 : 2 # page 2 at presentation he appears",
      "type": "text"
    },
    {
      "id": 10,
      "text": "1 : 2 # page 2 at presentation he appears well and is afebrile. gross splenomegaly is the only abnormal finding confirmed by ultra - sound, which otherwise yields no pathological results. labora - tory results show mild bicytopenia, normal ldh and almost 4 - fold increased immunoglobulin m igm. the systemic inflammatory markers are not elevated",
      "type": "text"
    },
    {
      "id": 11,
      "text": "igm. the systemic inflammatory markers are not elevated. blood films for malaria parasites are negative, but malaria serology is positive. answer to question 1 what are the most important differential diagnoses in this patient? lymphoma or leukaemia is an important differential diagno - sis to have in a patient with splenomegaly and fever anywhere in the world. however, in our patient",
      "type": "text"
    },
    {
      "id": 12,
      "text": "anywhere in the world. however, in our patient it seems unlikely, because the differential count is normal, ldh, crp and esr are not elevated and the specialist work - up elsewhere did not yield a cause for his complaints. visceral leishmaniasis vl can present with massive hepatosplenomegaly, generalized lymphadenopathy and pancyto",
      "type": "text"
    },
    {
      "id": 13,
      "text": "generalized lymphadenopathy and pancytopenia. patients usually have a history of fever and weight loss and appear severely ill, which our patient did not. schistosomiasis is common in many parts of sub - saharan africa. chronic s. mansoni infection causes liver fibrosis and secondary portal hypertension with splenomegaly and hypersplenism. liver fibrosis in schi",
      "type": "text"
    },
    {
      "id": 14,
      "text": "y and hypersplenism. liver fibrosis in schistosomiasis so called “ pipestem fibro - sis ” is usually easy to detect on ultrasound. in our patient, the liver appeared normal, and the flow of portal and splenic veins was normal as well, making portal hypertension of any cause unlikely. bacterial endocarditis and brucellosis may cause",
      "type": "text"
    },
    {
      "id": 15,
      "text": "carditis and brucellosis may cause fever and splenomegaly ; however, the spleen tends to be only moder - ately increased in size and there were no murmurs on ardiac examination. ebv and cmv infections may cause ongoing fever and splenomegaly. typical laboratory features include relative and absolute lymphocytosis, elevated ldh and liver",
      "type": "text"
    },
    {
      "id": 16,
      "text": "lymphocytosis, elevated ldh and liver trans - aminases, which our patient does not have. in africa, most people will be exposed to both viruses already in childhood. our patient shows remarkably high igm titres, positive malaria serology and a negative blood film. the most likely differential diagnosis for this patient therefore is hyperreac - tive malarial splenomegal",
      "type": "text"
    },
    {
      "id": 17,
      "text": "hyperreac - tive malarial splenomegaly hms. hms is the most com - mon cause of massive splenomegaly in tropical areas with stable malaria transmission. answer to question 2 how would you manage the patient? an hiv test should be ordered in any patient from africa with a history of fever and or thrombocytopenia. serologies for schistosomiasis",
      "type": "text"
    },
    {
      "id": 18,
      "text": "ia. serologies for schistosomiasis and visceral leishmaniasis should be done and blood cultures taken for brucella species and bacterial endocarditis. for hms, malaria pcr should be ordered and anti - malarial treatment attempted. if splenomegaly remains unexplained, a bone marrow aspirate should be done to rule out a haemat",
      "type": "text"
    },
    {
      "id": 19,
      "text": "ate should be done to rule out a haematological disorder and look for intracellular leish - mania promastigotes. the case continued … hiv serology was negative ; ebv and cmv serologies indi - cated previous infection. serologies for schistosomiasis and leishmaniasis were also negative, and the blood culture did not yield any patho",
      "type": "text"
    },
    {
      "id": 20,
      "text": ", and the blood culture did not yield any pathogens. there were no ova of s. mansoni found in the stool. despite the negative blood film, pcr for p. falciparum came back positive, making a diagnosis of hyperreactive splenomegaly very likely. the patient received one single course of dihydroartemi - sinin piperaquine and the reported",
      "type": "text"
    },
    {
      "id": 21,
      "text": "mi - sinin piperaquine and the reported episodes of fever sub - sided. malaria pcr was still positive at follow - up 2 weeks later, but has remained negative since then. shortly after treatment, authorities threatened to deport the patient back to mali. a medical letter indicating that he was at high risk for splenic rupture, which at his home in rural mali would",
      "type": "text"
    },
    {
      "id": 22,
      "text": "ture, which at his home in rural mali would mean certain death, was recognized and he was permitted to stay. the patient has been monitored for a total of 2. 5 years at the time of writing. igm levels took 2 years to get back to normal. the size of the spleen slowly decreased ; but at his last visit, remained slightly enlarged 1 4 cm in",
      "type": "text"
    },
    {
      "id": 23,
      "text": "visit, remained slightly enlarged 1 4 cm in diameter. at his last visit, the young man was well and spoke fluent german. he went to school in germany and has learned to read and write. he planned to start vocational training to become a house painter. summary box hyperreactive malarial splenomegaly hms hms, formerly known as tropical splenomegaly syndrome tss",
      "type": "text"
    },
    {
      "id": 24,
      "text": "known as tropical splenomegaly syndrome tss, is one of the most common causes of massive spleno - megaly in tropical regions with stable malaria transmission. other important causes include lymphomas, chronic myeloid leukaemia, myelofibrosis, haemoglobinopathies, schistosomi - asis and visceral leishmaniasis. hms is",
      "type": "text"
    },
    {
      "id": 25,
      "text": "visceral leishmaniasis. hms is caused by an abnormal immune response to repeated infections with plasmodium falciparum, p. malariae or p. vivax that results in an overproduction of polyclonal igm. igm forms aggregates and immune complexes, which are phago - cytosed by the reticuloendothelial system",
      "type": "text"
    },
    {
      "id": 26,
      "text": "sed by the reticuloendothelial system, leading to massive splenomegaly and hypersplenism. hms is more common in women than in men and mainly affects the age group between 2 0 and 4 0 years. there seems to be a genetic background, with ethnic and familial clustering. hms has also been described in expatriates residing in malaria - endemic",
      "type": "text"
    },
    {
      "id": 27,
      "text": "in expatriates residing in malaria - endemic regions, and more and more cases are being described in refugees and migrants from malaria - endemic areas. diagnostic criteria were proposed by fakunle in and include splenomegaly extending > 1 0 cm below the left costal margin without any other cause, elevated igm, elevated anti - malarial antibodies and favourable response to",
      "type": "text"
    },
    {
      "id": 28,
      "text": "- malarial antibodies and favourable response to antimalarial prophylaxis. even though commonly quoted in the literature, fakunle ’ s criteria are of limited practical use for clinicians practicing in 2 0 3 chapter 7 3 a 2 1 - year - old male migrant from rural mali with massive splenomegaly # page 3 resource - constrained settings, where",
      "type": "text"
    },
    {
      "id": 29,
      "text": "# page 3 resource - constrained settings, where hms is naturally most common because malaria serology and igm levels are usually unavailable. under those circumstances, clinicians are often limited to presumptive treatment with antimalarials of a patient with massive splenomegaly, and hms may be difficult to dif - ferentiate from lymphoma. patients most commonly present with symptoms of",
      "type": "text"
    },
    {
      "id": 30,
      "text": "from lymphoma. patients most commonly present with symptoms of anae - mia and abdominal heaviness or discomfort, some report episodes of low - grade fever. full blood count usually shows anaemia, bi - or pancytopenia reflecting hypersplenism. malaria microscopy is usually negative, because parasitaemia is kept at bay and therefore very low. however, molecular methods such as",
      "type": "text"
    },
    {
      "id": 31,
      "text": "therefore very low. however, molecular methods such as pcr may be able to detect low - level parasitaemia, as highlighted in this case. treatment of hms is effective with antimalarials for the duration of exposure, i. e. in endemic settings, lifelong. in migrants living in malaria non - endemic countries, one treatment course of antimalarials is",
      "type": "text"
    },
    {
      "id": 32,
      "text": "one treatment course of antimalarials is enough to eliminate parasites as shown in this case, and repeated courses are not required. however, even after clearanc of infection splenic size and increased igm may still take a long time to get back to normal ranges. further reading 1. white nj. malaria. in : farrar j, editor. manson ’ s tropical",
      "type": "text"
    },
    {
      "id": 33,
      "text": "rar j, editor. manson ’ s tropical dis - eases. 2 3 rd ed. london : elsevier ; [ chapter 4 3 ]. 2. fakunle ym. tropical splenomegaly. part 1 : tropical africa. clin haematol ; 1 0 : 9 6 3 - 7 5. 3. bedu - addo g, bates i. causes",
      "type": "text"
    },
    {
      "id": 34,
      "text": "bedu - addo g, bates i. causes of massive tropical splenomegaly in ghana. lancet ; 3 6 0 : 4 4 9 - 5 4. 4. leoni s, buonfrate d, angheben a, et al. the hyper - reactive malar - ial splenomegaly : a systematic review of the literature. malar j ;",
      "type": "text"
    },
    {
      "id": 35,
      "text": "systematic review of the literature. malar j ; 1 4 : 1 8 5. 5. bisoffi z, leoni s, angheben a, et al. chronic malaria and hyper - reactive malarial splenomegaly : a retrospective study on the largest series observed in a non - endemic country. malar j ; 1 5 : 3 2 0. 2 0",
      "type": "text"
    },
    {
      "id": 36,
      "text": "; 1 5 : 3 2 0. 2 0 4 chapter 7 3 a 2 1 - year - old male migrant from rural mali with massive splenomegaly",
      "type": "text"
    }
  ],
  "images": []
}