{
  "file": "74---A-28-Year-Old-Woman-from-Sierra-Leone-With-_2022_Clinical-Cases-in-Trop.md",
  "n_chunks": 31,
  "text_embedding": "Processed_embeddings/embeddings/text/74---A-28-Year-Old-Woman-from-Sierra-Leone-With-_2022_Clinical-Cases-in-Trop_text.npy",
  "image_embedding": "Processed_embeddings/embeddings/image/74---A-28-Year-Old-Woman-from-Sierra-Leone-With-_2022_Clinical-Cases-in-Trop_images.npy",
  "chunks": [
    {
      "id": 0,
      "text": "# page 1 7 4 a 2 8 - year - old woman from sierra leone with fever and conjunctivitis benjamin jeffs clinical presentation history a 2 8 - year - old woman presents to a small rural hospital in eastern sierra leone with a 6 - day history of fever, weakness, sore throat and retrosternal chest pain. she has had loose stools twice a day",
      "type": "text"
    },
    {
      "id": 1,
      "text": ". she has had loose stools twice a day for the past 2 days. she was seen in a local health post the day before admission and given a course of artemether with amodiaquine and amoxicillin, but she had continued to get worse on this. her examination was unre - markable except some mild pharyngitis. on arrival in hosp",
      "type": "text"
    },
    {
      "id": 2,
      "text": "mild pharyngitis. on arrival in hospi - tal she was treated with iv ceftriaxone and she completed the course of her antimalarial medications. her malaria slide was negative. she remained on this treatment for 2 days but continued to get worse. on the second day after admission she develops conjunc - tivitis. by this stage she is very",
      "type": "text"
    },
    {
      "id": 3,
      "text": "- tivitis. by this stage she is very unwell and is unable to walk unaided. she has developed a cough and breathlessness. physical examination axillary temperature 3 8. 2 ° c 1 0 0. 8 ° f, blood pressure 8 0 / 5 5 mmhg, pulse rate 1 0 0 bpm. on chest auscultation she has bilateral fine crepitations",
      "type": "text"
    },
    {
      "id": 4,
      "text": "auscultation she has bilateral fine crepitations. investigations her chest radiograph reveals diffuse bilateral infiltrates. blood chemistry shows mild renal impairment and raised transaminases aspartate transaminase ast got 5 1 4 u l < 5 0 u l. questions 1. what is the differential diagnosis? 2. what tests would you do and how would you manage the",
      "type": "text"
    },
    {
      "id": 5,
      "text": "tests would you do and how would you manage the patient? discussion a young sierra leonean woman has a severe febrile illness with pharyngitis, conjunctivitis and chest involvement. she deteriorates on broad - spectrum antibiotics and antimalarials. answer to question 1 what is the differential diagnosis? adenovirus infections can cause conjunctiv",
      "type": "text"
    },
    {
      "id": 6,
      "text": "adenovirus infections can cause conjunctivitis and pharyngitis but these are normally mild. also, measles presents with fever, cough, coryza and a striking conjunctivitis. it may also cause pneumonitis, but at this stage you would expect to see a rash. mycoplasma pneumoniae can cause a pharyngitis and pneumonia but",
      "type": "text"
    },
    {
      "id": 7,
      "text": "can cause a pharyngitis and pneumonia but is rarely severe. other forms of pneumonia are possible but do not normally cause conjunctivitis. leptospirosis can start with a non - specific febrile illness. pulmonary involvement including haemorrhages is common and it can cause renal impairment. patients with severe lep - tospirosis tend to present with conjun",
      "type": "text"
    },
    {
      "id": 8,
      "text": "- tospirosis tend to present with conjunctival suffusions rather than with conjunctivitis. typhoid can present as a non - specific febrile illness. you would expect the patient to eventually improve on ceftriax - one, but prolonged clinical courses in typhoid are not uncommon. pharyngitis and conjunctivitis are",
      "type": "text"
    },
    {
      "id": 9,
      "text": "yngitis and conjunctivitis are usually not part of the clinical picture. lassa fever is quite common in eastern sierra leone, accounting for 1 6 - 2 0 % of hospital admissions in some stud - ies. all the signs and symptoms the patient has are consistent with lassa fever. answer to question 2 what tests would you do and how would you manage the patient",
      "type": "text"
    },
    {
      "id": 10,
      "text": "would you do and how would you manage the patient? lassa fever is a serious disease. it has caused nosocomial out - breaks in which many medical staff have died. therefore all procedures should be done with caution and the possibility 2 0 5 # page 2 of lassa fever should always be discussed with the laboratory. all specimens should be transported in sealed plastic containers. ser",
      "type": "text"
    },
    {
      "id": 11,
      "text": "specimens should be transported in sealed plastic containers. serological and pcr tests are available for the diagnosis of lassa fever, and an antigen - based rapid point - of - care test has been licensed. pcr tests are the most sensitive but are not available in most african countries. antigen tests demonstrate the pres - ence of the disease but may not detect low levels of the virus,",
      "type": "text"
    },
    {
      "id": 12,
      "text": "but may not detect low levels of the virus, especially if taken in the first days of illness. igm antibody tests can show a high rate of false positive tests and may be hard to interpret. the patient needs to be isolated until the results of the lassa fever tests are known. because the infection spreads through contact with blood or body fluids, the use of goggles, masks,",
      "type": "text"
    },
    {
      "id": 13,
      "text": "body fluids, the use of goggles, masks, double gloves and disposable waterproof surgical gowns is recommended when handling the patient until the diagnosis of a viral haemorrhagic fever has been ruled out. the patient should be isolated in a side room, which should ideally have an area outside for decontamination i. e. remov - ing potentially contaminated clothing. needles and sharps should be handled",
      "type": "text"
    },
    {
      "id": 14,
      "text": "contaminated clothing. needles and sharps should be handled with care by experienced staff. after signif - icant occupational exposure to the bodily fluid of a patient with lassa fever such as a needlestick injury, post - exposure prophylaxis with oral ribavirin should be considered. the treatment for lassa fever is with iv ribavirin, which is expensive and",
      "type": "text"
    },
    {
      "id": 15,
      "text": "iv ribavirin, which is expensive and not commonly available. it seems to improve survival, particularly when given during the first 6 days of symptomatic disease, but the quality of studies on this are poor. the case continued … the diagnosis of lassa fever was confirmed with antigen test - ing and the patient received iv ribavirin in a specialist isola -",
      "type": "text"
    },
    {
      "id": 16,
      "text": "ribavirin in a specialist isola - tion unit. unfortunately, the patient was already very unwell by this stage and died 2 days later. all of the patient ’ s family, close friends and medical staff were interviewed to determine whether they had had contact with the patient. all contacts were advised to monitor their temperature and seek medical help if they became unwell within 2",
      "type": "text"
    },
    {
      "id": 17,
      "text": "seek medical help if they became unwell within 2 1 days of the contact. summary box lassa fever lassa fever is a severe systemic disease caused by infection with an arenavirus. it is a zoonosis of rats of the genus mast - omys and infections in humans are likely to result from contact with infected rat urine. lassa fever is common in liberia,",
      "type": "text"
    },
    {
      "id": 18,
      "text": "urine. lassa fever is common in liberia, sierra leone, ghana and nigeria, although it probably occurs in a much larger area of sub - saharan west africa fig. 7 4. 1. cases have been imported to europe from other countries such as mali, c ^ ote d ’ ivoire and togo. there are up to 0 0 cases estimated a year with deaths,",
      "type": "text"
    },
    {
      "id": 19,
      "text": "to 0 0 cases estimated a year with deaths, although the confidence limits of this estimate are likely to be very broad. most cases are thought to be mild and patients may not even present to a health facility ; but in hospitalized patients, the case fatality rate may be as high as 2 0 %. lassa fever is more severe in pregnant women, with a higher case fatality rate",
      "type": "text"
    },
    {
      "id": 20,
      "text": "pregnant women, with a higher case fatality rate in the third trimester. it frequently results in premature labour or spontaneous abortion and about 9 0 % of fetuses of women infected with lassa fever die. the incubation period is 3 to 2 1 days. in individuals who are not pregnant the disease normally starts insidiously with fever, body aches and weakness. sore throat",
      "type": "text"
    },
    {
      "id": 21,
      "text": "with fever, body aches and weakness. sore throat and retrosternal chest pain are common, as are vague abdominal symptoms such as pain, diarrhoea and vomiting. cough and breathlessness may occur in some patients. conjunctivitis is common, especially late in the disease. frank bleeding is rare. raised liver trans - aminases are markers of severity and are",
      "type": "text"
    },
    {
      "id": 22,
      "text": "- aminases are markers of severity and are associated with a higher case fatality rate. serological and pcr tests are available for the diagnosis of lassa fever, and antigen - based rapid point - of - care tests have been licensed, although more testing on the sensitivity for dif - ferent strains is needed. because lassa fever is common, it should be considered in",
      "type": "text"
    },
    {
      "id": 23,
      "text": "ssa fever is common, it should be considered in anyone with an unexplained febrile condition who has visited an endemic area within the past 2 1 days and appropriate infection control precautions should be implemented. it is more common in people from rural than urban areas, but it does occur in towns. treatment with iv ribavirin is likely to be beneficial if given early in the",
      "type": "text"
    },
    {
      "id": 24,
      "text": "is likely to be beneficial if given early in the disease, but it should also be considered in patients who are diagnosed late. mali zambia guinea sierra leone nigeria liberia • fig. 7 4. 1 endemic areas for old world arenaviruses. only the two arenaviruses known to cause haemorrhagic fever, lassa and lujo, are shown. countries where clinical cases",
      "type": "text"
    },
    {
      "id": 25,
      "text": "lujo, are shown. countries where clinical cases of lassa fever have been confirmed are depicted in green. indirect evidence, such as anecdotal reports or seroprevalence data, exists for most of the other countries in west africa, shown in red. endemic countries for lujo virus are shown in blue. incidence and risk of disease may vary significantly within each country. adapted",
      "type": "text"
    },
    {
      "id": 26,
      "text": "of disease may vary significantly within each country. adapted from farrar, j., hotez, p., junghanss, t., et al.,. manson ’ s tropical diseases. in : farrar, j. ed. 2 3 rd ed. elsevier, london. fig. 1 6. 2. pp. 1 7 7 2 0 6 chapter 7 4 a 2",
      "type": "text"
    },
    {
      "id": 27,
      "text": "7 7 2 0 6 chapter 7 4 a 2 8 - year - old woman from sierra leone with fever and conjunctivitis # page 3 further reading 1. blumberg l, enria d, bausch dg. viral haemorrhagic fevers. in : farrar j, editor. manson ’ s tropical diseases. 2 3 rd ed. london : elsevier",
      "type": "text"
    },
    {
      "id": 28,
      "text": ". 2 3 rd ed. london : elsevier ; [ chapter 1 6 ]. 2. houlihan c, behrens r. lassa fever. bmj ; 3 5 8 : j. 3. mccormick jb, webb pa, krebs jw, et al. a prospective study of the epidemiology and ecology of lassa fever. j infect dis ; 1 5 5",
      "type": "text"
    },
    {
      "id": 29,
      "text": "fever. j infect dis ; 1 5 5 3 : 4 3 7 - 4 4. 4. mccormick jb, king ij, webb pa, et al. lassa fever. effective therapy with ribavirin. n engl j med ; 3 1 4 1 : 2 0 - 6. 5. bonwitt j, kelly ah, ansumana r, et",
      "type": "text"
    },
    {
      "id": 30,
      "text": ", kelly ah, ansumana r, et al. rat - atouille : a mixed method study to characterize rodent hunting and consumption in the context of lassa fever. ecohealth ; 1 3 : 2 3 4 - 4 7. 2 0 7 chapter 7 4 a 2 8 - year - old woman from sierra leone with fever and conjunctivitis",
      "type": "text"
    }
  ],
  "images": []
}