{
  "file": "75---A-25-Year-Old-Woman-from-Zambia-With-a-N_2022_Clinical-Cases-in-Tropica.md",
  "n_chunks": 40,
  "text_embedding": "Processed_embeddings/embeddings/text/75---A-25-Year-Old-Woman-from-Zambia-With-a-N_2022_Clinical-Cases-in-Tropica_text.npy",
  "image_embedding": "Processed_embeddings/embeddings/image/75---A-25-Year-Old-Woman-from-Zambia-With-a-N_2022_Clinical-Cases-in-Tropica_images.npy",
  "chunks": [
    {
      "id": 0,
      "text": "# page 1 7 5 a 2 5 - year - old woman from zambia with a new - onset seizure omar siddiqi clinical presentation history a 2 3 - year - old hiv - positive zambian woman is referred from a health centre to a local teaching hospital in lusaka after suffering her first ever seizure. the seizure occurred out of sleep. her son walked into her bedroom after hearing a",
      "type": "text"
    },
    {
      "id": 1,
      "text": ". her son walked into her bedroom after hearing a noise and found his mother on the floor unresponsive and shaking all four limbs. this continued for 5 to 1 0 minutes. the patient had been diagnosed with hiv infection 1 month earlier. she is not yet on antiretroviral therapy art but has been taking co - trimoxazole prophylaxis for 7 days. she",
      "type": "text"
    },
    {
      "id": 2,
      "text": "ole prophylaxis for 7 days. she was successfully treated for pulmonary tubercu - losis 4 years ago. the patient is unmarried with three children. she works in the hospital cafeteria. she does not drink alcohol or use any recreational drugs. clinical findings on examination she looks well, her gcs score is 1 5 1 5, her vital signs are normal and she is",
      "type": "text"
    },
    {
      "id": 3,
      "text": "5, her vital signs are normal and she is afebrile. there is no menin - gism. the chest is clear. the neurological examination is unremarkable. laboratory results the malaria rapid diagnostic test is negative. additional blood results are shown in table 7 5. 1. a lumbar puncture is done. the opening pressure is nor - mal. the cerebrospinal",
      "type": "text"
    },
    {
      "id": 4,
      "text": "pressure is nor - mal. the cerebrospinal fluid csf is clear. csf results are shown in table 7 5. 2. imaging and eeg results electroencephalography eeg demonstrates focal slowing in the right hemisphere fig. 7 5. 1. a ct scan of her brain shows frontal and parietal hypodense lesions in the white matter of the right hemisphere",
      "type": "text"
    },
    {
      "id": 5,
      "text": "lesions in the white matter of the right hemisphere fig. 7 5. 2. no contrast enhancement is present. questions 1. how would you manage this patient? 2. what is your general approach to a patient presenting with new - onset seizures in sub - saharan africa? table 7 5. 1 blood results on admission parameter patient reference range wbc 1 0 9 l 5. 8",
      "type": "text"
    },
    {
      "id": 6,
      "text": "reference range wbc 1 0 9 l 5. 8 4 - 1 0 haemoglobin g dl 1 1. 0 1 2 - 1 4 platelets 1 0 9 l 5 0 - 3 5 0 cd 4 count cells μl 0 0 serum sodium mmol l 3 0 - 1 4 5 serum glucose mmol l 4. 5 3. 9 - 5. 5 table",
      "type": "text"
    },
    {
      "id": 7,
      "text": ". 5 3. 9 - 5. 5 table 7 5. 2 csf results on admission parameter patient reference range leukocytes cells μl 5 0 - 5 csf protein g l 0. 7 8 0. 2 5 - 0. 5 5 csf glucose mmol l 2. 9 2. 2 5 - 2. 9 7 ∗ cryptococc",
      "type": "text"
    },
    {
      "id": 8,
      "text": "- 2. 9 7 ∗ cryptococcal antigen crag negative negative india ink stain negative negative gram stain negative negative ziehl - neelsen stain negative negative ∗ ½ to ⅔ of paired serum glucose sample. 2 0 8 # page 2 discussion a young zambian woman presents with a new - onset seizure. there are no focal neurological deficits on examination.",
      "type": "text"
    },
    {
      "id": 9,
      "text": "there are no focal neurological deficits on examination. the csf examination is normal, apart from a slightly raised protein level. neuroimaging reveals hypodense lesions with - out contrast enhancement restricted to the subcortical white matter. electroencephalography demonstrates focal slowing in the right hemisphere. the patient is hiv - positive, and her cd 4 count is low. she is not",
      "type": "text"
    },
    {
      "id": 10,
      "text": "her cd 4 count is low. she is not yet on antiretroviral treatment. answer to question 1 how would you manage this patient? the patient presents with a symptomatic seizure ; there are obvious lesions in her brain and she is hiv - positive with advanced immunosuppression. treatment should aim at both preventing further sei - zures antiepileptic treatment and managing the underlying condition",
      "type": "text"
    },
    {
      "id": 11,
      "text": "ures antiepileptic treatment and managing the underlying condition causative treatment. the patient and her guard - ians should be counselled about the nature of her epileptic disorder, respecting their beliefs and attitudes. the choice for an antiepileptic drug should take into account the local availability and costs for the patient. phenobarbitone is the most widely available and most affordable drug in sub",
      "type": "text"
    },
    {
      "id": 12,
      "text": "the most widely available and most affordable drug in sub - saharan africa, followed by carbamazepine. newer drugs with fewer interactions and a better side effect profile, such as levetiracetam, are not yet routinely available. phenytoin and valproic acid are also used but their delivery might be unreliable. reliability of supply is an important factor to consider",
      "type": "text"
    },
    {
      "id": 13,
      "text": ". reliability of supply is an important factor to consider, because the discontinuation of the antiepileptic medication might put the patient at risk of withdrawal sei - zures. when starting a patient on phenobarbitone or carba - mazepine, the effects of hepatic enzyme induction on antiretroviral therapy and hormonal contraception must be considered. syndromically,",
      "type": "text"
    },
    {
      "id": 14,
      "text": "tion must be considered. syndromically, focal brain lesion is the underlying pathol - ogy in our patient. differential diagnosis for focal brain lesions in an hiv patient with a new - onset seizure includes tuberculoma, progressive multifocal leukoencephalopathy pml, cerebral toxoplasmosis, cryptococcoma, brain abscess and primary cns lymphoma.",
      "type": "text"
    },
    {
      "id": 15,
      "text": "coma, brain abscess and primary cns lymphoma. neurocysticercosis, which can occur unrelated to hiv infection, also needs to be considered. • fig. 7 5. 1 eeg demonstrating a slow background with superimposed delta frequency slowing of the right hemisphere. • fig. 7 5. 2 ct scan showing right frontal and parietal hypodensities in the sub",
      "type": "text"
    },
    {
      "id": 16,
      "text": "and parietal hypodensities in the subcortical white matter. 2 0 9 chapter 7 5 a 2 5 - year - old woman from zambia with a new - onset seizure # page 3 lesions that selectively affect the white matter without contrast enhancement and without perifocal oedema are strongly suggestive of pml. there is no causative treatment available for pml",
      "type": "text"
    },
    {
      "id": 17,
      "text": "is no causative treatment available for pml. commencing antiretrovirals is currently the only therapeutic option. answer to question 2 what is your general approach to a patient presenting with new - onset seizures in sub - saharan africa? the approach is influenced by 1 the high prevalence of hiv and subsequent immunosuppression ; 2 the high bur - den of infection, including tuberculosis, bacterial",
      "type": "text"
    },
    {
      "id": 18,
      "text": "bur - den of infection, including tuberculosis, bacterial meningitis and tropical diseases, e. g. cerebral malaria ; and 3 the lack of resources, in particular, low availability of imaging studies and antiepileptic drugs aeds. cns infections are a prominent cause of epileptic seizures in sub - saharan africa. they can cause seizures during the acute illness acute symptomatic seizures, as",
      "type": "text"
    },
    {
      "id": 19,
      "text": "the acute illness acute symptomatic seizures, as well as weeks or months after the acute episode, if the infection leaves an epileptogenic ‘ scar ’ in the brain remote symptomatic seizures. three questions should be addressed when managing a patient with possible epileptic disorder : 1. is it actually an epileptic seizure epilepsy? 2. is there an underlying cause for the",
      "type": "text"
    },
    {
      "id": 20,
      "text": "? 2. is there an underlying cause for the seizure disorder which can be identified and treated? 3. does the patient require antiepileptic drug treatment and for how long should it be given? the available diagnostic and therapeutic means dictate the clinical procedure. mimics of epileptic seizures such as syncope and psychogenic non - epileptic attacks so - called pseudoseizures must be",
      "type": "text"
    },
    {
      "id": 21,
      "text": "ptic attacks so - called pseudoseizures must be considered. here, the history taken from the patient as well as from witnesses and guardians is decisive. feelings of lightheadedness before the loss of con - sciousness, pallor and brief reorientation after the fall are typ - ical for syncope. psychogenic non - epileptic attacks are characterized by eye closure",
      "type": "text"
    },
    {
      "id": 22,
      "text": "- epileptic attacks are characterized by eye closure, long duration and bizarre motor manifestations. they often occur when the patients are sub - jected to emotional stress, such as during spiritual rituals and church masses. in all patients with unknown hiv status, hiv testing should be performed. in all febrile patients, a cns infection including cerebral malaria should be ruled out. opportunis",
      "type": "text"
    },
    {
      "id": 23,
      "text": "including cerebral malaria should be ruled out. opportunis - tic cns infections should be considered in immunosup - pressed patients. in areas with high prevalence of t. solium, neurocysticercosis should be taken into consider - ation. in view of the limited resources, the diagnosis will be based on clinical and epidemiological evidence ; hence, the knowledge of local distribution and prevalence",
      "type": "text"
    },
    {
      "id": 24,
      "text": "; hence, the knowledge of local distribution and prevalence of possi - ble causes is helpful. when initiating antiepileptic treatment, the issues of availability, including reliability of supply, affordability and interactions between aeds and the patient ’ s medica - tions, must be taken into consideration particularly, antire - trovirals, antituberculous drugs and contraceptives",
      "type": "text"
    },
    {
      "id": 25,
      "text": ", antituberculous drugs and contraceptives. treatment of women of child - bearing age might pose some additional challenges. in all women of child - bearing age, folic acid 5 mg day should be added to the regimen. aeds recommended for women of child - bearing age in resource - rich settings with low hiv prevalence, such as lamotrigine, are not",
      "type": "text"
    },
    {
      "id": 26,
      "text": ", such as lamotrigine, are not available in sub - saharan africa and might have adverse interactions with arvs, especially prote - ase inhibitors. in those cases where several aeds are avail - able, the specific drug chosen for epilepsy treatment of a woman of child - bearing age will be a trade - off between the health of the fetus and that of the mother",
      "type": "text"
    },
    {
      "id": 27,
      "text": "the health of the fetus and that of the mother. here, one should consider that leaving out a drug because of its possible fetal toxicity, such as valproic acid, and using an enzyme - inducing drug with a better record regarding foetal malformations instead, might lead to a virological failure that would jeopar - dize both the mother and the child. counselling",
      "type": "text"
    },
    {
      "id": 28,
      "text": "dize both the mother and the child. counselling the patients and their guardians is of para - mount importance. an epileptic seizure is a dramatic event. in some african communities, epileptic disorder is still attributed to supernatural causes. patients who have experi - enced epileptic seizures might become socially stigmatized. patient - tailored, non - judgemental counselling, taking into account the",
      "type": "text"
    },
    {
      "id": 29,
      "text": "non - judgemental counselling, taking into account the patient ’ s perception of the disease, might assist in securing the patient ’ s cooperation. involving local health workers from the community might help overcome miscon - ceptions and reduce stigma. the case continued … the patient was started on carbamazepine 2 0 0 mg bid. val - proic acid was initially requested",
      "type": "text"
    },
    {
      "id": 30,
      "text": "bid. val - proic acid was initially requested but the patient could not afford it. jc - virus dna was later detected in the csf as part of a research study, further confirming the suspected diagnosis of pml. she was commenced on art and remained on carba - mazepine. after 6 months, she remained seizure - free and carbamazepine was stopped",
      "type": "text"
    },
    {
      "id": 31,
      "text": "- free and carbamazepine was stopped. after 1 year of art, the patient ’ s cd 4 count reached 5 3 5 cells μl and she had returned to work. summary box seizure management in hiv hiv patients are at risk for developing seizures related to hiv - associated neurological diseases and metabolic disturbances. the decision to initiate aeds in an hiv patient",
      "type": "text"
    },
    {
      "id": 32,
      "text": "decision to initiate aeds in an hiv patient with seizures depends on their aetiology and the duration for which the patient remains at risk for seizure activity. if the cause is readily reversible, such as hypoglycemia, there is no need to initiate antiepileptic treatment. if the patient has a seizure related to a reversible process of medium duration such as an oppor",
      "type": "text"
    },
    {
      "id": 33,
      "text": "a reversible process of medium duration such as an opportunistic infection oi, it is reasonable to initiate an aed and continue it for 3 to 6 months after treatment for the oi has been completed. if a patient develops persistent seizure activity without a reversible cause, then a diagnosis of epilepsy should be given and long - term aed will be required. ideally, one should select an aed that",
      "type": "text"
    },
    {
      "id": 34,
      "text": "required. ideally, one should select an aed that avoids hepatic metabolism because of drug - drug interactions with antiretroviral therapy. however, this may not be possible in a resource - limited setting where the only available drugs are hepatically 2 1 0 chapter 7 5 a 2 5 - year - old woman from zambia with a new - onset seizure # page 4 metabolized agents such as",
      "type": "text"
    },
    {
      "id": 35,
      "text": "onset seizure # page 4 metabolized agents such as carbamazepine, phenobarbital and valproic acid. in this case valproic acid is the recommended agent, because it is a cytochrome p 4 5 0 enzyme inhibitor as opposed to carbamazepine and phenobarbitone, which are cytochrome p 4 5 0 enzyme inducers. when",
      "type": "text"
    },
    {
      "id": 36,
      "text": "chrome p 4 5 0 enzyme inducers. when long - term treatment with carbamazepine or phenobarbital is the only option, the patient needs to be monitored closely for virological failure. further reading 1. heckmann je, bhigjee ai. tropical neurology. in : farrar j, editor. manson ’ s tropical diseases. 2 3 rd ed.",
      "type": "text"
    },
    {
      "id": 37,
      "text": "� s tropical diseases. 2 3 rd ed. london : elsevier ; [ chapter 7 1 ]. 2. siddiqi ok, elafros ma, bositis cm, et al. new - onset seizure in hiv - infected adult zambians : a search for causes and consequences. neurology ; 8 8 5 : 4 7 7 - 8 2. 3. radhakrishnan k",
      "type": "text"
    },
    {
      "id": 38,
      "text": "- 8 2. 3. radhakrishnan k. challenges in the management of epilepsy in resource - poor countries. nat rev neurol ; 5 6 : 3 2 3 - 3 0. 4. siddiqi o, birbeck gl. safe treatment of seizures in the setting of hiv aids. curr treat options neurol ; 1 5 4 : 5 2 9 - 4 3.",
      "type": "text"
    },
    {
      "id": 39,
      "text": "5 4 : 5 2 9 - 4 3. 5. bonello m, michael bd, solomon t. infective causes of epilepsy. semin neurol ; 3 5 3 : 2 3 5 - 4 4. 2 1 1 chapter 7 5 a 2 5 - year - old woman from zambia with a new - onset seizure",
      "type": "text"
    }
  ],
  "images": [
    {
      "path": "Processed/images/75---A-25-Year-Old-Woman-from-Zambia-With-a-N_2022_Clinical-Cases-in-Tropica/75---A-25-Year-Old-Woman-from-Zambia-With-a-N_2022_Clinical-Cases-in-Tropica_p2_img1.jpeg",
      "type": "image"
    },
    {
      "path": "Processed/images/75---A-25-Year-Old-Woman-from-Zambia-With-a-N_2022_Clinical-Cases-in-Tropica/75---A-25-Year-Old-Woman-from-Zambia-With-a-N_2022_Clinical-Cases-in-Tropica_p2_img2.jpeg",
      "type": "image"
    }
  ]
}