{
  "file": "76---A-55-Year-Old-Woman-from-Turkey-With-Feve_2022_Clinical-Cases-in-Tropic.md",
  "n_chunks": 25,
  "text_embedding": "Processed_embeddings/embeddings/text/76---A-55-Year-Old-Woman-from-Turkey-With-Feve_2022_Clinical-Cases-in-Tropic_text.npy",
  "image_embedding": "Processed_embeddings/embeddings/image/76---A-55-Year-Old-Woman-from-Turkey-With-Feve_2022_Clinical-Cases-in-Tropic_images.npy",
  "chunks": [
    {
      "id": 0,
      "text": "# page 1 7 6 a 5 5 - year old woman from turkey with fever of unknown origin andreas j. morguet and thomas schneider clinical presentation history a 5 5 - year - old woman of turkish provenance presents to a hospital in germany with intermittent fever up to 3 9. 5 ° c 1 0 3. 1 ° f, night sweats, chest pain and fatigue. the",
      "type": "text"
    },
    {
      "id": 1,
      "text": ", night sweats, chest pain and fatigue. the patient had visited her relatives in turkey several weeks before. there is a history of rheumatic fever in her childhood and mechanical mitral and aortic valve replacement at the age of 3 7 and 5 3 years, respectively st jude medical prostheses. clinical findings the patient ’ s blood pressure and heart rate are within normal limits",
      "type": "text"
    },
    {
      "id": 2,
      "text": "s blood pressure and heart rate are within normal limits. there are unremarkable prosthetic heart sounds and a systolic grade 1 murmur over the aortic area without radia - tion. liver and spleen are not enlarged. no lymph nodes are palpable. no haemorrhages or petechiae are detectable. laboratory results there is slight anaemia hb 1",
      "type": "text"
    },
    {
      "id": 3,
      "text": "laboratory results there is slight anaemia hb 1 1. 5 g dl [ reference > 1 2 g dl ]. white blood cell count, lymphocyte - neutrophil ratio and platelet count are within normal limits. the c - reactive protein is 1 5 mg dl reference < 0. 5 mg dl. serum creatinine and transaminases are not elevated.",
      "type": "text"
    },
    {
      "id": 4,
      "text": "ine and transaminases are not elevated. blood cultures are negative. urinary cultures yield enterobacteriaceae. additional investigations chest radiography shows no infiltrates. transthoracic echo - cardiography demonstrates competent prosthetic valves. the patient is diagnosed with a urinary tract infection and treated withco - trimoxazole. her fever settles andthe patient �",
      "type": "text"
    },
    {
      "id": 5,
      "text": "azole. her fever settles andthe patient ’ s condition improves, but she complains of increasing dys - pnoea and eventually slips into congestive heart failure. questions 1. what are differential diagnoses in this patient after deterioration? 2. what are the most promising next diagnostic steps? discussion a 5 5 - year old turkish woman presents with fever of unknown origin. she",
      "type": "text"
    },
    {
      "id": 6,
      "text": "turkish woman presents with fever of unknown origin. she has travelled to turkey shortly before and has a history of double heart valve replacement. treat - ment with co - trimoxazole results in some improvement, but then the patient develops signs of congestive heart failure. answer to question 1 what are differential diagnoses in this patient after deterioration? urosepsis could have been the underlying",
      "type": "text"
    },
    {
      "id": 7,
      "text": "deterioration? urosepsis could have been the underlying cause of the dete - rioration in this patient. however, urinary tract infection is usually easily managed with a short course of early antibiotic treatment. the patient ’ s preceding stay in turkey should raise the suspicion of another infection not detected so far, such as brucellosis, tuberculosis or q - fever.",
      "type": "text"
    },
    {
      "id": 8,
      "text": "cellosis, tuberculosis or q - fever. answer to question 2 what are the most promising next diagnostic steps? with two prosthetic heart valves, our patient has an increased risk of infective endocarditis. transoesophageal echocardiog - raphy is indicated to rule out cardiac involvement. cultiva - tion of blood cultures should be extended to up to 6",
      "type": "text"
    },
    {
      "id": 9,
      "text": "of blood cultures should be extended to up to 6 weeks in culture - negative endocarditis to reveal brucella or coxiella species. the case continued … after 4 weeks, the blood cultures taken initially grew brucella melitensis biovar 2. transoesophageal echocardiography revealed a large vegetation attached to the prosthetic mitral valve fig. 7",
      "type": "text"
    },
    {
      "id": 10,
      "text": "attached to the prosthetic mitral valve fig. 7 6. 1. these findings led to the diagnosis of active brucella endocarditis. treatment with rifampicin, doxycy - cline and gentamicin was initiated. the patient improved rapidly. c - reactive protein returned to normal after 6 weeks of triple therapy. two months later, however, an annular",
      "type": "text"
    },
    {
      "id": 11,
      "text": ". two months later, however, an annular 2 1 2 # page 2 abscess cavity around the aortic prosthesis was demonstrated on echocardiography ; the patient at that time was on oral rifampicin and doxycycline. finally, she gave her consent to a third thoracotomy, for prostheses exchange. after sur - gery she made a complete",
      "type": "text"
    },
    {
      "id": 12,
      "text": "exchange. after sur - gery she made a complete and sustained recovery. summary box brucellosis brucellosis is one of the most common zoonotic infections worldwide. its true incidence is unknown, because it typically affects rural communities and it is difficult to diagnose. hot spots of the disease are eastern europe, the middle east, central and south asia, central and south america",
      "type": "text"
    },
    {
      "id": 13,
      "text": ", central and south asia, central and south america and africa. the disease is caused by intracellular bacteria of the genus brucella. the brucella species most importantly involved in human disease are b. melitensis goats, sheep, camels, b. abortus cattle, b. suis pigs and b. canis dogs. brucellosis is most commonly",
      "type": "text"
    },
    {
      "id": 14,
      "text": "is dogs. brucellosis is most commonly acquired by eating raw or undercooked meat and offal or untreated dairy products. also, close contact with infected livestock poses a risk. it is an important occupational hazard among herdsmen, dairy farmers, abattoir workers and laboratory technicians. symptoms are non - specific, with fever, sweating, fatigue, weight loss, headache",
      "type": "text"
    },
    {
      "id": 15,
      "text": "fever, sweating, fatigue, weight loss, headache and joint pain persisting for weeks or even months. its presentation as a non - specific febrile illness poses a differential diagnostic challenge in geographical regions where malaria and tuberculosis are highly prevalent and diagnostic resources are scarce, such as in sub - saharan africa. in the latter context, brucellosis is frequently missed as a major ae",
      "type": "text"
    },
    {
      "id": 16,
      "text": "cellosis is frequently missed as a major aetiology of fever, as has been shown from tanzania. brucellosis may involve nearly every organ of the body. although endocarditis is a less common manifestation of the disease, cardiac valve involvement was the most frequent cause of death from brucellosis in the past. definitive diagnosis requires the isolation of the bacteria from",
      "type": "text"
    },
    {
      "id": 17,
      "text": ". definitive diagnosis requires the isolation of the bacteria from the blood, body fluids or tissues. this can be challenging as culture may take several weeks. in endemic settings, serological tests are often the only available diagnostic test and their inter - pretation may be challenging. treatment of brucellosis requires combination antibiotic therapy of several weeks ’ to several months ’ duration to prevent rela",
      "type": "text"
    },
    {
      "id": 18,
      "text": "� to several months ’ duration to prevent relapses. the choice of the regimen and treatment duration depend upon clinical course and organ manifestation. drugs most commonly used are doxycycline, gentamicin, rifampicin and co - trimoxazole. in the case of cardiac valve involvement, spondylitis or neu - robrucellosis",
      "type": "text"
    },
    {
      "id": 19,
      "text": "litis or neu - robrucellosis, extended parenteral antimicrobial therapy is recommended. patients with brucella endocarditis will frequently require valve replacement in addition to antibiotic therapy. further reading 1. beeching nj, madkour mm. brucellosis. in : farrar j, editor. manson ’ s tropical diseases. 2 3 rd",
      "type": "text"
    },
    {
      "id": 20,
      "text": "manson ’ s tropical diseases. 2 3 rd ed. london : elsevier ; [ chapter 2 8 ]. 2. dean as, crump l, greter h, et al. global burden of human bru - cellosis : a systematic review of disease frequency. plos negl trop dis ; 6 : e. 3. dean as, crump l, greter",
      "type": "text"
    },
    {
      "id": 21,
      "text": ". dean as, crump l, greter h, et al. clinical manifestations of human brucellosis : a systematic review and meta - analysis. plos negl trop dis ; 6 : e. 4. crump ja, morrissey ab, nicholson wl, et al. etiology of severe non - malaria febrile illness in northern tanzania : a prospective cohort",
      "type": "text"
    },
    {
      "id": 22,
      "text": "brile illness in northern tanzania : a prospective cohort study. plos negl trop dis ; 7 : e. 5. yagupsky p, morata p, colmenero jd, et al. laboratory diagnosis of human brucellosis. clin microbiol rev ; 3 3 : e 3 - 1 9. • fig. 7 6. 1 transoes",
      "type": "text"
    },
    {
      "id": 23,
      "text": "• fig. 7 6. 1 transoesophageal echocardiography showing a two - cornered vegetation arrow measuring about 1 8 mm 7 mm attached to the posterolateral left atrial side of a st jude medical prosthesis in mitral position lv, left ventricle ; la, left atrium. 2 1 3 chapter 7 6 a 5 5 - year old",
      "type": "text"
    },
    {
      "id": 24,
      "text": "3 chapter 7 6 a 5 5 - year old woman from turkey with fever of unknown origin",
      "type": "text"
    }
  ],
  "images": [
    {
      "path": "Processed/images/76---A-55-Year-Old-Woman-from-Turkey-With-Feve_2022_Clinical-Cases-in-Tropic/76---A-55-Year-Old-Woman-from-Turkey-With-Feve_2022_Clinical-Cases-in-Tropic_p2_img1.jpeg",
      "type": "image"
    }
  ]
}