{
  "file": "77---A-51-Year-Old-Female-Traveller-Returning-from-Cen_2022_Clinical-Cases-i.md",
  "n_chunks": 27,
  "text_embedding": "Processed_embeddings/embeddings/text/77---A-51-Year-Old-Female-Traveller-Returning-from-Cen_2022_Clinical-Cases-i_text.npy",
  "image_embedding": "Processed_embeddings/embeddings/image/77---A-51-Year-Old-Female-Traveller-Returning-from-Cen_2022_Clinical-Cases-i_images.npy",
  "chunks": [
    {
      "id": 0,
      "text": "# page 1 7 7 a 5 1 - year - old female traveller returning from central america with conjunctivitis, rash and peripheral oedema andreas neumayr and johannes blum clinical presentation history a 5 1 - year - old female swiss traveller presented to the outpa - tient department 6 days after returning from a 2 - week hol - iday to guatemala and el salvador",
      "type": "text"
    },
    {
      "id": 1,
      "text": "week hol - iday to guatemala and el salvador. four days after her return, the patient noticed a generalized slightly pruritic maculopapular rash on the face, trunk, and extremities. there was no fever and no other accompanying symptoms. on the next day the rash worsened and a non - purulent bilat - eral conjunctivitis",
      "type": "text"
    },
    {
      "id": 2,
      "text": "ent bilat - eral conjunctivitis developed. the patient did not report any chronic underlying disease nor the intake of any medication. clinical findings the patient was afebrile. upon inspection there was con - junctivitis and a generalised maculopapular rash, also involv - ing the face. additionally, the patient showed tender oedema of the",
      "type": "text"
    },
    {
      "id": 3,
      "text": "ally, the patient showed tender oedema of the hands, elbows, knees and feet fig. 7 7. 1. there was also generalized lymphadenopathy cervical, axillary, and inguinal. laboratory results the full blood count was normal. crp was 8 mg l < 5 and creatinine was very mildly elevated 8 7 μmol l, range",
      "type": "text"
    },
    {
      "id": 4,
      "text": "mildly elevated 8 7 μmol l, range 3 5 - 8 0 μmol l. liver function tests were normal. questions 1. what are your differential diagnoses? 2. what diagnostic tests would you perform? discussion six days after returning from a 2 - week holiday to guate - mala and el salvador, a 5 1 - year - old female swiss traveller presents with",
      "type": "text"
    },
    {
      "id": 5,
      "text": "1 - year - old female swiss traveller presents with a slightly pruritic disseminated maculo - papular rash, conjunctivitis, peripheral painful oedema hands, elbows, knees and feet and a generalized lym - phadenopathy. answer to question 1 what are your differential diagnoses? the clinical presentation is highly suggestive of an arbo - viral",
      "type": "text"
    },
    {
      "id": 6,
      "text": "is highly suggestive of an arbo - viral infection, which is also in line with the putative incu - bation period. the three most important arboviral infections in central and south america are dengue, chi - kungunya and zika. dengue is endemic throughout much • fig. 7 7. 1 conjunctivitis, maculopapular skin rash,",
      "type": "text"
    },
    {
      "id": 7,
      "text": "tivitis, maculopapular skin rash, and peripheral oedema of the patient. 2 1 4 # page 2 of central and south america, and it is the most frequent arboviral infection in travellers returning from the tropics. chikungunya was absent in central and south america until the virus was introduced in. after its introduc - tion, the virus spread to most",
      "type": "text"
    },
    {
      "id": 8,
      "text": "introduc - tion, the virus spread to most tropical regions of the american continent. zika was absent in central and south america until, when the virus was introduced to brazil and caused a pandemic affecting most tropical regions of the american continent in the subsequent years. acute dengue, chikungunya, and zika infections have similar presentations and may be clinically indistinguishable. however",
      "type": "text"
    },
    {
      "id": 9,
      "text": "may be clinically indistinguishable. however, the presence of a skin rash, conjunctivitis and peripheral oedema in an afebrile patient is highly suggestive of a zika virus infection table 7 7. 1. answer to question 2 what diagnostic tests would you perform? when testing for arboviral infections, the kinetics of the dif - ferent test",
      "type": "text"
    },
    {
      "id": 10,
      "text": "the kinetics of the dif - ferent test parameters have to be taken into account. during the early phase of infection, viral rna and viral antigen e. g. dengue specific ns 1 are circulating in the blood and can be detected by rt - pcr and specific antigen assays, respec - tively. after some days, viraemia is fading, terminated by",
      "type": "text"
    },
    {
      "id": 11,
      "text": ", viraemia is fading, terminated by the host ’ s immune response, and viral rna and antigen become undetectable in the blood samples, while now spe - cific igm and igg rise and become detectable fig. 7 7. 2. the diagnosis is made by the detection of viral rna, viral antigen or specific igm, or by",
      "type": "text"
    },
    {
      "id": 12,
      "text": "viral antigen or specific igm, or by the documentation of a four - fold rise of specific igg antibody titres in paired acute and convalescent serum samples. in resource - poor countries, as well as in daily clinical practice in travel medicine, rapid diag - nostic tests rdts for dengue testing for ns 1 - ag, igm, and igg",
      "type": "text"
    },
    {
      "id": 13,
      "text": "1 - ag, igm, and igg and chikungunya testing for igm are widely available and often the primarily performed diagnostic tests. rdts to diagnose zika virus infections are under development. in our case, rdts for dengue and chikungunya were negative. the case continued … because the performed rdts for dengue and chikungunya both showed a negative",
      "type": "text"
    },
    {
      "id": 14,
      "text": "dengue and chikungunya both showed a negative result, the patient ’ s blood samples were sent to a reference laboratory for arboviruses and our clinical suspicion of a zika virus infection was confirmed by pcr as well as seroconversion table 7 7. 2. a rise in table 7 7. 1 comparative clinical symptom patterns observed in dengue, chikungunya and zika infections.",
      "type": "text"
    },
    {
      "id": 15,
      "text": "dengue, chikungunya and zika infections. dengue chikungunya zika incubation period days 4 - 1 0 3 - 7 3 - 1 2 asymptomatic infection % 5 0 - 8 0 3 fever +++ +++ + headache +++ ++ + conjunctivitis -++ arthralgias ++ +++ + myalgias ++ + + skin rash ++ ++ +++ peripheral",
      "type": "text"
    },
    {
      "id": 16,
      "text": "as ++ + + skin rash ++ ++ +++ peripheral oedema -++ haemorrhagic manifestations ++ +- circulatory collapse shock +- thrombocytopenia ++ ++- lymphadenopathy ++ ++ + • fig. 7 7. 2 kinetics of the different arboviral test parameters. table 7 7. 2 blood test results first serum sample † second serum",
      "type": "text"
    },
    {
      "id": 17,
      "text": "blood test results first serum sample † second serum sample ‡ interpretation dengue igm iift negative negative negative dengue igg iift 1 : 2 0 1 : cross - reactivity dengue ns 1 - ag negative negative negative chikungunya igm elisa negative nd negative chikungunya igm iift nd negative negative chikungunya igg iift nd negative negative",
      "type": "text"
    },
    {
      "id": 18,
      "text": "kungunya igg iift nd negative negative zika igm iift negative 1 : 6 4 0 positive zika igg iift 1 : 2 0 1 : positive zika rt - pcr positive nd positive † obtained 6 days after onset of symptoms ‡ obtained 7 days after the first serum sample iift : indirect immunofluorescence test ; rt - pcr : real -",
      "type": "text"
    },
    {
      "id": 19,
      "text": "orescence test ; rt - pcr : real - time reverse transcription polymerase chain reaction ; elisa : enzyme - linked immunosorbent assay ; nd : not done. 2 1 5 chapter 7 7 a 5 1 - year - old female traveller returning from central america with conjunctivitis, rash... # page 3 anti - dengue igg was interpreted as cross - re",
      "type": "text"
    },
    {
      "id": 20,
      "text": "- dengue igg was interpreted as cross - reactivity which is common among viruses of the same family. summary box acute arboviral infection acute dengue, chikungunya, and zika infections have similar presentations and are often clinically indistinguishable. although the pattern of clinical symptoms can point towards the correct diagnosis, specific molecular or immunological tests are nec - essary to",
      "type": "text"
    },
    {
      "id": 21,
      "text": "or immunological tests are nec - essary to make a final diagnosis. interpretation of serological test results demands some caution, because cross - reactivity of antibodies directed against viruses belonging to the same family of viruses may be misleading. although dengue virus ns 1 antigen tests are mostly specific for dengue virus infection, serological assays may show cross - reactivity with zika virus zi",
      "type": "text"
    },
    {
      "id": 22,
      "text": "may show cross - reactivity with zika virus zikv specific antibodies as in our case. the diagnostic value of rt - pcr for detection of zika virus rna in the blood is limited because viraemia is usually low and limited to the first few days after disease onset. however, zika virus rna detection in urine provides a feasible alternative : zikv is detectable with higher rna",
      "type": "text"
    },
    {
      "id": 23,
      "text": "alternative : zikv is detectable with higher rna loads and for a longer period 1 0 - 2 0 days after onset of symptoms in urine samples than in serum samples. arboviral infections are self - limiting and, in the absence of specific treatment options, clinical management is exclusively supportive. special features of zika virus include its sexual transmissibility, the potential to trigger post - infectious",
      "type": "text"
    },
    {
      "id": 24,
      "text": "missibility, the potential to trigger post - infectious guillan - barr e - syndrome, and, in the case of intrauterine infection, its ability to cause severe foetopathy primarily microcephaly. further reading 1. young pr, ng lfp, hall ra, et al. arbovirus infections. in : farrar j, editor. manson ’ s",
      "type": "text"
    },
    {
      "id": 25,
      "text": "farrar j, editor. manson ’ s tropical diseases. 2 3 rd ed. london : elsevier ; [ chapter 1 4 ]. 2. baud d, gubler dj, schaub b, et al. an update on zika virus infec - tion. lancet ; 3 9 0 7 : 1 0 9. 3. peters r, stevenson m. zika virus",
      "type": "text"
    },
    {
      "id": 26,
      "text": "3. peters r, stevenson m. zika virus diagnosis : challenges and solu - tions. clin microbiol infect ; 2 5 2 : 1 4 2 - 6. 2 1 6 chapter 7 7 a 5 1 - year - old female traveller returning from central america with conjunctivitis, rash...",
      "type": "text"
    }
  ],
  "images": [
    {
      "path": "Processed/images/77---A-51-Year-Old-Female-Traveller-Returning-from-Cen_2022_Clinical-Cases-i/77---A-51-Year-Old-Female-Traveller-Returning-from-Cen_2022_Clinical-Cases-i_p1_img1.jpeg",
      "type": "image"
    },
    {
      "path": "Processed/images/77---A-51-Year-Old-Female-Traveller-Returning-from-Cen_2022_Clinical-Cases-i/77---A-51-Year-Old-Female-Traveller-Returning-from-Cen_2022_Clinical-Cases-i_p2_img1.jpeg",
      "type": "image"
    }
  ]
}