{
  "file": "78---A-42-Year-Old-British-Man-Living-in-Malawi_2022_Clinical-Cases-in-Tropi.md",
  "n_chunks": 34,
  "text_embedding": "Processed_embeddings/embeddings/text/78---A-42-Year-Old-British-Man-Living-in-Malawi_2022_Clinical-Cases-in-Tropi_text.npy",
  "image_embedding": "Processed_embeddings/embeddings/image/78---A-42-Year-Old-British-Man-Living-in-Malawi_2022_Clinical-Cases-in-Tropi_images.npy",
  "chunks": [
    {
      "id": 0,
      "text": "# page 1 7 8 a 4 2 - year - old british man living in malawi with anaphylactic shock anthony d. harries clinical presentation history a 4 2 - year - old british male expatriate who has lived in malawi for 1 8 months presents to the local hospital emer - gency room with a florid itchy rash, difficulty in breathing and a feeling he is going",
      "type": "text"
    },
    {
      "id": 1,
      "text": ", difficulty in breathing and a feeling he is going to die. he thinks he might have been bitten on his ankle by a tick 2 days previously while out walk - ing in the countryside. twenty - four hours after this event he noticed a circumscribed, painless, indurated lesion on the inside of his left ankle and this was accompanied by fever and arthralgia",
      "type": "text"
    },
    {
      "id": 2,
      "text": "and this was accompanied by fever and arthralgia. he went to a clinic where a blood film for malaria parasites was reported negative. he was treated with paracetamol. on the day of admission, he developed a wide - spread itchy rash and shortly afterwards became progressively unable to breathe and felt faint. there was a family history of allergy. he had kept bees in the",
      "type": "text"
    },
    {
      "id": 3,
      "text": "history of allergy. he had kept bees in the united kingdom and had frequently been stung without ill effect. however, 9 months previously he had been bitten by insects while at lake malawi and had developed an asthmatic attack which resolved spontaneously over 2 days. clinical findings on examination, he is clammy, in a state of collapse and has a widespread urticarial rash.",
      "type": "text"
    },
    {
      "id": 4,
      "text": "collapse and has a widespread urticarial rash. there is respiratory distress and stridor. there is an indurated circumscribed swelling on the inside of his left ankle fig. 7 8. 1. his vital signs are : temperature 3 8 ° c, pulse rate 1 3 0 bpm, systolic blood pressure 6 0 mmhg. chest auscultation reveals expiratory whee",
      "type": "text"
    },
    {
      "id": 5,
      "text": ". chest auscultation reveals expiratory wheezes. laboratory results haemoglobin 1 7. 4 d dl ; white cell count 6. 1 g l poly - morphs 8 5 %, lymphocytes 1 0 %; erythrocyte sedimentation rate 5 mm hour ; bloodfilmnegativeformalariaparasites ; chest radiograph normal ; stool and urine",
      "type": "text"
    },
    {
      "id": 6,
      "text": "ites ; chest radiograph normal ; stool and urine microscopy negative. questions 1. based on the clinical history and examination and inves - tigations done, what are the possible causes of this man ’ s illness? 2. how should he be further managed? discussion this male british expatriate presents with the clinical pic - ture of anaphylactic shock. he relates this",
      "type": "text"
    },
    {
      "id": 7,
      "text": "of anaphylactic shock. he relates this to a tick bite he suffered few days prior. on admission is also febrile • fig. 7 8. 1 circumscribed, painless slighly erythematous swelling on the inside of the left ankle. 2 1 7 # page 2 and besides his rash has an erythematous lesion on his ankle.",
      "type": "text"
    },
    {
      "id": 8,
      "text": "erythematous lesion on his ankle. answer to question 1 based on the clinical history and examination and investigations done, what are the possible causes of this man ’ s illness? with a story of possible tick bite, a positive family history of allergy, a history of bee keeping, an asthmatic episode after insect bites 9 months previously in addition to the dramatic clinical presentation",
      "type": "text"
    },
    {
      "id": 9,
      "text": "9 months previously in addition to the dramatic clinical presentation of urticarial rash and anaphylactic shock, the initial diagnosis was of a possible hypersensitivity reaction to a tick bite. other differentials to include are inva - sive helminthiasis such as acute schistosomiasis katayama syndrome, acute fascioliasis and loeffler ’ s syndrome the acute",
      "type": "text"
    },
    {
      "id": 10,
      "text": "and loeffler ’ s syndrome the acute pulmonary stage of infection with ascaris lumbricoides ; rickettsial disease ; and connective tissue disease. both in allergic reactions and in invasive helminth infections though, eosinophilia would be typical which is absent in this case. answer to question 2 how should he be further managed? a firm diagnosis",
      "type": "text"
    },
    {
      "id": 11,
      "text": "how should he be further managed? a firm diagnosis has not been made and he needs to remain in the hospital under observation receiving treatment as needed for his intermittent allergic manifestations. the case continued … a diagnosis of anaphylactic shock is made and 0. 5 ml of 1 : adrenaline is given by deep intramuscular injection with good effect. he is admitted to hospital and",
      "type": "text"
    },
    {
      "id": 12,
      "text": "with good effect. he is admitted to hospital and over the next 2 days he is treated with intermittent injections of intramus - cular adrenaline, intravenous hydrocortisone and oral anti - histaminics for intermittent episodes of widespread urticaria associated with stridor and audible wheezing. on day 3 of his hospital admission, his condition changes. the",
      "type": "text"
    },
    {
      "id": 13,
      "text": "of his hospital admission, his condition changes. the stridor and wheezing cease, the urticarial rash is replaced by a diffuse erythematous rash fig. 7 8. 2, his face becomes slightly puffy, he has a bad headache and a sustained fever of 3 8 to 3 9 ° c. on direct enquiry, he says he visited a national game park",
      "type": "text"
    },
    {
      "id": 14,
      "text": "enquiry, he says he visited a national game park 2 weeks before this current illness where he has suffered numerous painful bites by tsetse flies. the fever, headache, puffy face and erythematous rash suggest trypano - somiasis and the circumscribed swelling on the ankle is now recognized to be a “ trypanosomal chancre ”. a",
      "type": "text"
    },
    {
      "id": 15,
      "text": "panosomal chancre ”. a thick blood film reveals 5 to 1 0 trypanosomes per high power field and the diagnosis of trypanosomiasis is confirmed. he is given a test dose of suramin 0. 2 5 g with no ill effect, 0. 5 g 2 days later, 1. 0 g another 2 days later and this is",
      "type": "text"
    },
    {
      "id": 16,
      "text": ". 0 g another 2 days later and this is followed by weekly doses of 1. 0 g to a total of 5. 7 5 g suramin without ill effect. 2 4 hours after the first dose of suramin, his cerebro - spinal fluid csf is examined by lumbar puncture to assess whether there has been central nervous system invasion - his csf is normal.",
      "type": "text"
    },
    {
      "id": 17,
      "text": "nervous system invasion - his csf is normal. his urine is monitored weekly during the sur - amin treatment ; towards the end of treatment his urine shows protein, casts and white cells, but these all disappear a few weeks after treatment has finished. summary box human african trypanosomiasis hat the patient was diagnosed with hat. east african trypano - somiasis trypan",
      "type": "text"
    },
    {
      "id": 18,
      "text": "east african trypano - somiasis trypanosoma brucei rhodesiense appears epidemiologically and clinically likely. it is primarily a zoonosis, and animal reservoir hosts include domestic and game animals ; its clinical course therefore tends to be rapid with a high case fatality rate if untreated. in contrast, west african • fig. 7 8. 2 abdominal rash",
      "type": "text"
    },
    {
      "id": 19,
      "text": "african • fig. 7 8. 2 abdominal rash. table 7 8. 1 standard treatment for human african trypanosomiasis by species and stage west african trypanosomiasis t. brucei gambiense east african trypanosomiasis t. brucei rhodesiense first stage pentamidine im or iv od 7 days or fexinidaz",
      "type": "text"
    },
    {
      "id": 20,
      "text": "or iv od 7 days or fexinidazole po od 1 0 days suramin iv, 6 injections, e. g. days 0, 1, 3, 7, 1 4, 2 1. or pentamidine im or iv od 7 days second stage nifurtimox - eflornithine combination therapy nect nifurtimox po tds 1 0 days",
      "type": "text"
    },
    {
      "id": 21,
      "text": "ct nifurtimox po tds 1 0 days + eflornithine iv bd 7 days or fexinidazole po od 1 0 days melarsoprol iv od 1 0 days im ¼ intramuscularly, iv ¼ intravenously, po ¼ orally, od ¼ once daily, bd ¼ twice daily, tds ¼ three",
      "type": "text"
    },
    {
      "id": 22,
      "text": "bd ¼ twice daily, tds ¼ three times a day after b € uscher, p., et al.. lancet. 2 1 8 chapter 7 8 a 4 2 - year - old british man living in malawi with anaphylactic shock # page 3 trypanosomiasis is considered an anthroponotic disease. the parasite, t. brucei gambien",
      "type": "text"
    },
    {
      "id": 23,
      "text": ". the parasite, t. brucei gambiense, is adapted to the human host, causing chronic symptoms and leading to the classic picture of “ sleeping sickness ”, i. e. a chronic encephalopathy. the reasons for the dramatic presentation of trypanosomiasis with anaphylaxis as with the case of this patient can only be speculative,",
      "type": "text"
    },
    {
      "id": 24,
      "text": "case of this patient can only be speculative, but his “ allergic ” preponderance may have made him hypersensitive to the invasive trypanosomes as they migrated from the subcutaneous tissues of the chancre to the blood. gold standard of diagnosis is the demonstration of trypanosomes in blood smears by microscopy. why trypanosomes were",
      "type": "text"
    },
    {
      "id": 25,
      "text": "ars by microscopy. why trypanosomes were not identified in the first blood smear 2 4 hours after his illness started is not clear - they may not have been present in sufficient numbers in the blood at that stage or they may have been missed by the laboratory technician who was focused on searching for malaria parasites. suramin is the treatment of choice for early stage east african trypano",
      "type": "text"
    },
    {
      "id": 26,
      "text": "of choice for early stage east african trypanosomiasis table 7 8. 1. it needs to be administered carefully with an initial test dose in case of hypersensitivity reactions. it is potentially nephrotoxic, hence the need for urine monitoring. in all cases of trypanosomiasis, it is essential to check the csf for stage determination. it is best",
      "type": "text"
    },
    {
      "id": 27,
      "text": "the csf for stage determination. it is best to perform the lumbar puncture 2 4 hours after the first dose of suramin to avoid introducing trypanosomes from the blood into the csf during lumbar puncture. if there are > 5 cells μl in the csf or try - panosomes are found, this is considered stage 2 neurological involvement.",
      "type": "text"
    },
    {
      "id": 28,
      "text": "found, this is considered stage 2 neurological involvement. treatment in case of second stage east african trypanosomiasis is with melarsoprol, a trivalent arsenical drug with severe potential toxic effects table 7 8. 1. further reading 1. burri c, chappus f, brun r. human african trypanosomiasis. pages 6 0",
      "type": "text"
    },
    {
      "id": 29,
      "text": "trypanosomiasis. pages 6 0 6 - 6 2 1. in : farrar j, hotez p, junghanss t, kang g, lalloo d, white nj, editors. manson ’ s tropical diseases. 2 3 rd ed. london : elsevier saunders ; [ chapter 4 5 ]. 2. thwaites ge, day npj",
      "type": "text"
    },
    {
      "id": 30,
      "text": "2. thwaites ge, day npj. approach to fever in the returning traveler. n engl j med ; 3 7 6 : 5 4 8 - 6 0. https : doi. org 1 0. nejmra 4 3 5. 3. b € uscher p, cecchi g, jamonneau v, et al. human african trypanosom",
      "type": "text"
    },
    {
      "id": 31,
      "text": ", et al. human african trypanosomiasis. lancet ; 3 9 0 :. https : doi. org 1 0. s 1 7 0 - 6. 4. world health organization. human african trypanosomiasis. available from : http : www. who. int trypanosomiasis african en. 5. neuberger a, melt",
      "type": "text"
    },
    {
      "id": 32,
      "text": "african en. 5. neuberger a, meltzer e, leshem e, et al. the changing epidemi - ology of human african trypanosomiasis among patients from nonendemic countries. plos one ; 9 2 : e 7. https : doi. org 1 0. journal. pone. 6 4 7. 2 1 9 chapter 7 8 a 4 2",
      "type": "text"
    },
    {
      "id": 33,
      "text": ". 2 1 9 chapter 7 8 a 4 2 - year - old british man living in malawi with anaphylactic shock",
      "type": "text"
    }
  ],
  "images": [
    {
      "path": "Processed/images/78---A-42-Year-Old-British-Man-Living-in-Malawi_2022_Clinical-Cases-in-Tropi/78---A-42-Year-Old-British-Man-Living-in-Malawi_2022_Clinical-Cases-in-Tropi_p1_img1.jpeg",
      "type": "image"
    },
    {
      "path": "Processed/images/78---A-42-Year-Old-British-Man-Living-in-Malawi_2022_Clinical-Cases-in-Tropi/78---A-42-Year-Old-British-Man-Living-in-Malawi_2022_Clinical-Cases-in-Tropi_p2_img1.jpeg",
      "type": "image"
    }
  ]
}