{
  "file": "79---A-34-Year-Old-Male-Immigrant-from-Peru-With-Ch_2022_Clinical-Cases-in-T.md",
  "n_chunks": 33,
  "text_embedding": "Processed_embeddings/embeddings/text/79---A-34-Year-Old-Male-Immigrant-from-Peru-With-Ch_2022_Clinical-Cases-in-T_text.npy",
  "image_embedding": "Processed_embeddings/embeddings/image/79---A-34-Year-Old-Male-Immigrant-from-Peru-With-Ch_2022_Clinical-Cases-in-T_images.npy",
  "chunks": [
    {
      "id": 0,
      "text": "# page 1 7 9 a 3 4 - year - old male immigrant from peru with chronic diarrhoea and severe weight loss thomas weitzel and cristina goens clinical presentation history a 3 4 - year - old man presents to a hospital in chile with a 6 - month history of severe chronic diarrhoea associated with colicky abdominal pain and weight loss of approximately 2 0 kg.",
      "type": "text"
    },
    {
      "id": 1,
      "text": "pain and weight loss of approximately 2 0 kg. for more than 1 2 years he has suffered from recur - rent episodes of diarrhoea and abdominal cramps ; the fre - quency of these episodes appears to have increased in the past 2 years. the patient originates from northern peru but has been living in chile for the past 9 years. he reports that his peru - vian",
      "type": "text"
    },
    {
      "id": 2,
      "text": "9 years. he reports that his peru - vian wife and children are healthy, but that his mother and one brother suffered from chronic abdominal symptoms of unknown origin, leading to wasting and subsequent death at the age of 4 5 and 2 8 years, respectively. clinical findings the patient is cachectic with a severe loss of muscle mass and a body weight of 4 4 kg bmi 1 7",
      "type": "text"
    },
    {
      "id": 3,
      "text": "a body weight of 4 4 kg bmi 1 7. apart from slight pain on abdominal palpation, the physical examination is normal : he is afebrile, liver and spleen are not enlarged, there is no palpable lymphadenopathy and no peripheral oedema. laboratory results his laboratory results on admission are shown in table 7 9. 1. other investigations",
      "type": "text"
    },
    {
      "id": 4,
      "text": "shown in table 7 9. 1. other investigations abdominal ct scan and abdominal mri are without any pathological findings. oesophagogastroduodenoscopy appeared macroscopically normal. histology of a duodenal biopsy is shown in fig. 7 9. 1. table 7 9. 1 laboratory results parameter patient reference wbc 1 0 9 l 1",
      "type": "text"
    },
    {
      "id": 5,
      "text": "parameter patient reference wbc 1 0 9 l 1 1. 7 4. 5 - 1 1. 0 platelets 1 0 9 l 5 0 - 4 5 0 haemoglobin g dl 1 2. 4 1 3. 5 - 1 7. 5 protein g dl 4. 9 6. 0 - 8. 0 albumin g dl 2. 2 3. 5 - 5",
      "type": "text"
    },
    {
      "id": 6,
      "text": "g dl 2. 2 3. 5 - 5. 0 esr mm h 2 6 1 - 1 4 hiv test negative -• fig. 7 9. 1 duodenal biopsy with signs of chronic duodenitis and mul - tiple elongated structures arrows compatible with a helminth infection h & e stain, magnification 4 0 0. 2 2 0",
      "type": "text"
    },
    {
      "id": 7,
      "text": ", magnification 4 0 0. 2 2 0 # page 2 questions 1. which helminth infections can cause such clinical manifes - tations and which parasitological examinations should urgently be performed to clarify the histopathology report? 2. would you order any additional investigations? discussion a migrant of peruvian origin living in chile presents with chronic diarrhoea and abdominal pain",
      "type": "text"
    },
    {
      "id": 8,
      "text": "chile presents with chronic diarrhoea and abdominal pain, leading to severe weight loss and cachexia. laboratory values show signs of malabsorption and inflammation. the physical examination, abdominal imaging and upper gi endoscopy are unremark - able, but the pathologist reports structures compatible with helminth infection in duodenal biopsies. answer to question 1 which helmin",
      "type": "text"
    },
    {
      "id": 9,
      "text": "biopsies. answer to question 1 which helminth infections can cause such clinical manifestations and which parasitological examinations should urgently be performed to clarify the histopathology report? chronic diarrhoea, malabsorption and wasting are usually not associated with intestinal helminth infections. therefore diagnosis and treatment are often delayed. the two main hel - minth species capable of",
      "type": "text"
    },
    {
      "id": 10,
      "text": "the two main hel - minth species capable of causing chronic diarrhoea and wast - ing are strongyloides stercoralis and capillaria philippinensis see case 5 8. in immunocompromised patients, intestinal protozoa such as cryptosporidium species or cystoisospora belli might cause similar manifestations. our patient originated from northern peru,",
      "type": "text"
    },
    {
      "id": 11,
      "text": "manifestations. our patient originated from northern peru, a tropical region highly endemic for s. stercoralis. routine ova and parasite stool tests might be ordered ; but most importantly, specific tests to detect larvae of s. stercoralis such as an agar plate method or the baermann technique should be performed. the latter has the advantage of being technically simple and providing results",
      "type": "text"
    },
    {
      "id": 12,
      "text": "has the advantage of being technically simple and providing results within a few hours. if stool samples are positive, respiratory samples and urine should also be examined for s. strongyloides larvae. answer to question 2 would you order any additional investigations? because s. stercoralis is the most probable cause of this severe disease, serology for htlv - 1 should be ordered. ht",
      "type": "text"
    },
    {
      "id": 13,
      "text": "for htlv - 1 should be ordered. htlv - 1 is an important risk factor for s. stercoralis hyperinfection syn - drome, and peru is endemic for this retrovirus. the family history of the patient also hints at this virus that is commonly transmitted by breastfeeding. the case continued … the patient was hospitalized and stabilized under symptom - atic treatment and parenteral",
      "type": "text"
    },
    {
      "id": 14,
      "text": "zed under symptom - atic treatment and parenteral nutrition. after the histopa - thology report was received, a fresh stool sample was sent to the parasitology laboratory for baermann testing, which demonstrated a high load of rhabditiform larvae of s. stercor - alis fig. 7 9. 2 a. numerous larvae were also present in respi - rat",
      "type": "text"
    },
    {
      "id": 15,
      "text": "numerous larvae were also present in respi - ratory secretions fig. 7 9. 2 b, but not in urine. oral treatment with ivermectin 2 0 0 μg kg per day 7 days was initiated and repeated after 2 weeks. htlv - 1 co - infection was confirmed by serology. the patient recovered from diarrhoea and other abdominal symptoms within",
      "type": "text"
    },
    {
      "id": 16,
      "text": "recovered from diarrhoea and other abdominal symptoms within weeks. parasitological follow - up examination after 3 months was negative. at that point, the patient had gained 1 3 kg and was without postprandial abdominal cramps for the first time in more than 1 0 years. baermann testing of the family and other household members revealed asymptomatic s. stercoralis infection",
      "type": "text"
    },
    {
      "id": 17,
      "text": "asymptomatic s. stercoralis infection of his wife and one of the two children. his wife tested htlv - 1 positive, but both children were negative. • fig. 7 9. 2 a baermann technique showing high load of motile rhabditiform larvae of s. stercoralis in a stool sample. b rhabditiform larvae",
      "type": "text"
    },
    {
      "id": 18,
      "text": "a stool sample. b rhabditiform larvae are also present in a wet mount preparation of respiratory secretion. 2 2 1 chapter 7 9 a 3 4 - year - old male immigrant from peru with chronic diarrhoea and severe weight loss # page 3 summary box htlv - 1 - associated strongyloides stercoralis hyperin - fection syndrome s. stercor",
      "type": "text"
    },
    {
      "id": 19,
      "text": "hyperin - fection syndrome s. stercoralis is a soil - transmitted nematode, capable of main - taining chronic intestinal infection through a cycle of auto - infection. it is a poverty - associated neglected disease, endemic in most tropical and subtropical regions worldwide. strongyloidiasis is not unusual in returning travellers, who typically present with non - specific gastrointestinal complaints",
      "type": "text"
    },
    {
      "id": 20,
      "text": "who typically present with non - specific gastrointestinal complaints and or eosinophilia see case 2 0. in immunocompromised patients, the parasite may multiply massively, resulting in severe and potentially fatal com - plications, commonly called “ hyperinfection syndrome ”. corti - costeroids play a major role as a risk factor for strongyloides hyperinfection syndrome.",
      "type": "text"
    },
    {
      "id": 21,
      "text": "factor for strongyloides hyperinfection syndrome. in addition, htlv - 1 infection is an important predisposing condition. htlv - 1 is a neglected retrovirus, which is primarily transmitted by breastfeeding, but also by sexual contact and blood products. it causes a th 1 - predominant t - cell proliferation and a marked shift towards type 1 cytokines. this",
      "type": "text"
    },
    {
      "id": 22,
      "text": "marked shift towards type 1 cytokines. this immunological imbalance affects the th 2 - mediated control of s. stercoralis, with the risk of accelerated auto - infection leading to increased loads of stron - gyloides adults and larvae. in hiv aids, t - cell response is shifted towards th 2 cytokines ; therefore hiv infection is not usually associated with",
      "type": "text"
    },
    {
      "id": 23,
      "text": "es ; therefore hiv infection is not usually associated with strongyloides hyperinfection syndrome, even though some cases have been described, e. g. in the context of immune reconstitution inflam - matory syndrome iris. htlv - 1 - associated s. stercoralis hyperinfection syndrome mostly presents as severe chronic diarrhoea, malabsorption, and wasting. disseminated forms,",
      "type": "text"
    },
    {
      "id": 24,
      "text": "malabsorption, and wasting. disseminated forms, which are characterized by inva - sion of extraintestinal tissues apart from the lung passage of larvae, a more rapid progress and a high lethality, are more typically found in patients under corticosteroid therapy. because patients with hyperinfection lack common hallmarks of strongy - loidiasis, such as eosinophil",
      "type": "text"
    },
    {
      "id": 25,
      "text": "loidiasis, such as eosinophilia and elevated ige levels, diagnosis is often delayed or missed. the drug of choice for patients with strongyloides hyperin - fection syndrome is ivermectin given over prolonged periods of time e. g. 7 days for two or more cycles. patients with signs of dissemination e. g. larvae in urine should",
      "type": "text"
    },
    {
      "id": 26,
      "text": "dissemination e. g. larvae in urine should be treated with iver - mectin and albendazole in combination with broad - spectrum antibiotics to prevent gram - negative infections e. g. sepsis or meningitis commonly associated with larval dissemination. management can be challenging in severely ill patients inca - pable of resorbing ivermectin from the gastrointestinal",
      "type": "text"
    },
    {
      "id": 27,
      "text": "sorbing ivermectin from the gastrointestinal tract, e. g. in paralytic ileus, because no parenteral anthelminthic drugs are licensed for use in humans. however, parenteral ivermectin is commonly administered in veterinary medicine and some case reports describe successful subcutaneous treatment with a vet - erinary formulation of the drug.",
      "type": "text"
    },
    {
      "id": 28,
      "text": "vet - erinary formulation of the drug. because treatment failures might occur, patients require close follow - up. family members should be screened for both s. stercoralis and htlv - 1 infection. patients originating from endemic countries should be screened for strongyloides infection before initiation of any immunosuppres - sive therapy. further reading 1. brooker sj, bundy",
      "type": "text"
    },
    {
      "id": 29,
      "text": ". further reading 1. brooker sj, bundy dap. soil - transmitted helminths geohel - minths. in : farrar j, editor. manson ’ s tropical diseases. 2 3 rd ed. london : elsevier ; [ chapter 5 5 ]. 2. solomon t. virus infections of the nervous system. in : farrar j, editor. manson ’",
      "type": "text"
    },
    {
      "id": 30,
      "text": ": farrar j, editor. manson ’ s tropical diseases. 2 3 rd ed. london : elsevier ; [ chapter 2 1 ]. 3. keiser pb, nutman tb. strongyloides stercoralis in the immuno - compromised population. clin microbiol rev ; 1 7 : 2 0 8 - 1 7. 4. carvalho em",
      "type": "text"
    },
    {
      "id": 31,
      "text": "- 1 7. 4. carvalho em, da fonseca porto a. epidemiological and clinical interaction between htlv - 1 and strongyloides stercoralis. parasite immunol ; 2 6 : 4 8 7 - 9 7. 5. toledo r, muñoz - antoli c, esteban jg. strongyloidiasis with emphasis on human infections and",
      "type": "text"
    },
    {
      "id": 32,
      "text": "gyloidiasis with emphasis on human infections and its different clinical forms. adv parasitol ; 8 8 : 1 6 5 - 2 4 1. 2 2 2 chapter 7 9 a 3 4 - year - old male immigrant from peru with chronic diarrhoea and severe weight loss",
      "type": "text"
    }
  ],
  "images": [
    {
      "path": "Processed/images/79---A-34-Year-Old-Male-Immigrant-from-Peru-With-Ch_2022_Clinical-Cases-in-T/79---A-34-Year-Old-Male-Immigrant-from-Peru-With-Ch_2022_Clinical-Cases-in-T_p1_img1.jpeg",
      "type": "image"
    },
    {
      "path": "Processed/images/79---A-34-Year-Old-Male-Immigrant-from-Peru-With-Ch_2022_Clinical-Cases-in-T/79---A-34-Year-Old-Male-Immigrant-from-Peru-With-Ch_2022_Clinical-Cases-in-T_p2_img1.jpeg",
      "type": "image"
    }
  ]
}