{
  "file": "8---A-26-Year-Old-Female-Traveller-Returning-from_2022_Clinical-Cases-in-Tro.md",
  "n_chunks": 21,
  "text_embedding": "Processed_embeddings/embeddings/text/8---A-26-Year-Old-Female-Traveller-Returning-from_2022_Clinical-Cases-in-Tro_text.npy",
  "image_embedding": "Processed_embeddings/embeddings/image/8---A-26-Year-Old-Female-Traveller-Returning-from_2022_Clinical-Cases-in-Tro_images.npy",
  "chunks": [
    {
      "id": 0,
      "text": "# page 1 8 a 2 6 - year - old female traveller returning from ghana with a boil on the leg camilla rothe clinical presentation history a 2 6 - year - old german student presents to the clinic because of a localized swelling on her left leg. she has just returned from a 6 - week trip to ghana. the swelling has developed slowly over the past 3 weeks. it is",
      "type": "text"
    },
    {
      "id": 1,
      "text": "developed slowly over the past 3 weeks. it is itchy, but not painful. there is no history of fever ; no history of arthropod bites. the patient is otherwise fine. clinical findings there is localized swelling on the left leg, about 1. 5 cm in diameter fig. 8. 1. the skin surrounding the swelling is slightly hyperaemic. the boil is covered by",
      "type": "text"
    },
    {
      "id": 2,
      "text": "slightly hyperaemic. the boil is covered by a blackish scab. there is no lymphadenopathy. the patient is afebrile while the rest of the physical examination is normal. questions 1. what are your most important differential diagnoses? 2. how would you approach this patient? discussion a young traveller presents with a localized swelling on her leg after backpacking in",
      "type": "text"
    },
    {
      "id": 3,
      "text": "with a localized swelling on her leg after backpacking in ghana. the swelling has been growing slowly and there are no systemic signs or symptoms. answer to question 1 what are your most important differential diagnoses? there is a localized swelling with a central scab. this lesion may look similar to an eschar seen in rickettsial disease or in cutaneous anthrax, yet the",
      "type": "text"
    },
    {
      "id": 4,
      "text": "disease or in cutaneous anthrax, yet the absence of systemic symptoms renders these differentials unlikely. the clinical presentation suggests a topical process. spider bites may cause lesions with an eschar - like central necrosis e. g. the brown recluse spider ; however, the slow growth of the lesion over several weeks makes this differential unlikely. localized bacterial skin and",
      "type": "text"
    },
    {
      "id": 5,
      "text": "weeks makes this differential unlikely. localized bacterial skin and soft - tissue infections such as folliculitides, furuncles, carbuncles or abscesses are very com - mon among backpacking travellers. a hot and humid tropical climate combined with low standards of hygiene favour bac - terial and fungal skin infections. itchy mosquito bites may serve as a portal of entry. bacterial spread",
      "type": "text"
    },
    {
      "id": 6,
      "text": "may serve as a portal of entry. bacterial spread often occurs via scratching or contaminated items such as towels and shavers. another important differential diagnosis in this case is an infestation with fly maggots myiasis. the slow growth of the boil, the absence of lymphadenopathy and systemic symptoms as well as the localized itch make myiasis the most likely differential diagnosis.",
      "type": "text"
    },
    {
      "id": 7,
      "text": "make myiasis the most likely differential diagnosis. • fig. 8. 1 boil on the left leg covered with a dark scab. courtesy dr sebastian dieckmann 2 0 # page 2 answer to question 2 how would you approach this patient? gently remove the scab and take a closer look at the lesion using a magnifying glass. the case continued … the scab",
      "type": "text"
    },
    {
      "id": 8,
      "text": "fying glass. the case continued … the scab was removed and a whitish matter was detected underneath. using a magnifying glass, one could see that the matter was not a pustular head but appeared to be pul - sating and oozing transparent fluid. this appearance is typ - ical of myiasis - the pulsating end of the larva seen contains",
      "type": "text"
    },
    {
      "id": 9,
      "text": "pulsating end of the larva seen contains the respiratory spiracles. the lesion was covered with white petroleum jelly and bandaged. the patient returned 2 days later for review. the maggot of a tumbu fly was easily removed with a pair of forceps. the remaining lesion looked clean and no further treatment was required. summary box myiasis myiasis is",
      "type": "text"
    },
    {
      "id": 10,
      "text": ". summary box myiasis myiasis is the infestation of live humans and vertebrate animals with larvae maggots of flies, which feed on the host ’ s dead or living tissue, liquid body - substance or ingested food. it derives from the greek word “ myia ” which means “ fly.” cutaneous furuncular myi",
      "type": "text"
    },
    {
      "id": 11,
      "text": ".” cutaneous furuncular myiasis is one of the most common travel - associated skin disorders. in sub - saharan africa, myiasis is usually caused by the larvae of cordylobia anthropophaga, also known as tumbu fly, mango fly or putzi fly. adult female flies deposit their eggs on sandy ground or on damp laundry spread out on",
      "type": "text"
    },
    {
      "id": 12,
      "text": "on sandy ground or on damp laundry spread out on the ground or hung on a clothesline to dry. normal hosts are dogs and rodents. humans become infected when lying on the ground or wearing contami - nated clothes without prior hot ironing. larvae hatch and burrow into the skin. over the following 2 to 3 weeks the developing larvae cause an itchy and at times painful",
      "type": "text"
    },
    {
      "id": 13,
      "text": "the developing larvae cause an itchy and at times painful ‘ blind boil.’ lesions are usually sterile because of bacteriostatic substances produced in the larvae ’ s guts. treatment aims to deprive the larvae of oxygen, which prompts them to extrude from the skin. this can be achieved by applying white petroleum jelly or liquid paraffin on the lesion to",
      "type": "text"
    },
    {
      "id": 14,
      "text": "or liquid paraffin on the lesion to block their respiratory spiracles. immature larvae are best left to develop for a while because they are difficult to retrieve, and maceration of the larva can lead to inflammation and superinfection. even untreated, cutaneous myiasis is self - limiting because the mature larva has to leave the host and pupate elsewhere",
      "type": "text"
    },
    {
      "id": 15,
      "text": "va has to leave the host and pupate elsewhere. in central and south america, myiasis is caused by derma - tobia hominis, the human botfly fig. 8. 2. unlike the tumbu fly, this species lays its eggs directly on exposed skin. furthermore, it deposits its ova on blood - sucking insects such as mosquitoes, flies",
      "type": "text"
    },
    {
      "id": 16,
      "text": "blood - sucking insects such as mosquitoes, flies or ticks, which afterwards convey them to the human host, a technique called ‘ hitch - hiking.’ removal of botfly larvae can be slightly challenging because of their shape, and the process may require local anaesthesia and cruciate incision. additional forms of myiasis exist whereby larvae may invade various",
      "type": "text"
    },
    {
      "id": 17,
      "text": "myiasis exist whereby larvae may invade various body cavities such as nasal sinuses, ears, mouth, eye, vagina or anus body cavity myiasis. wounds can be infested as well. further reading 1. mumcuoglu ky. other ectoparasites : leeches, myiasis and sand fleas. in : farrar j, editor.",
      "type": "text"
    },
    {
      "id": 18,
      "text": "as. in : farrar j, editor. manson ’ s tropical diseases. 2 3 rd ed. london : elsevier ; [ chapter 6 0 ]. 2. solomon m, lachish t, schwartz e. cutaneous myiasis. curr infect dis rep ; 1 8 2 8 : 1 - 7. 3. francesconi f, lupi o.",
      "type": "text"
    },
    {
      "id": 19,
      "text": ". francesconi f, lupi o. myiasis. clin microbiol rev ; 2 5 1 : 7 9 - 1 0 5. 4. vasievich mp, martinez villarreal jd, tomecki kj. got the travel bug? a review of common infections, infestations, bites and stings among returning travelers. am j clin der",
      "type": "text"
    },
    {
      "id": 20,
      "text": "ings among returning travelers. am j clin dermatol ; 1 7 : 4 5 1 - 6 2. • fig. 8. 2 larva of a botfly dermatobia hominis. courtesy dr sebastian dieckmann 2 1 chapter 8 a 2 6 - year - old female traveller returning from ghana with a boil on the leg",
      "type": "text"
    }
  ],
  "images": [
    {
      "path": "Processed/images/8---A-26-Year-Old-Female-Traveller-Returning-from_2022_Clinical-Cases-in-Tro/8---A-26-Year-Old-Female-Traveller-Returning-from_2022_Clinical-Cases-in-Tro_p1_img1.jpeg",
      "type": "image"
    },
    {
      "path": "Processed/images/8---A-26-Year-Old-Female-Traveller-Returning-from_2022_Clinical-Cases-in-Tro/8---A-26-Year-Old-Female-Traveller-Returning-from_2022_Clinical-Cases-in-Tro_p2_img1.jpeg",
      "type": "image"
    }
  ]
}