{
  "file": "80---A-62-Year-Old-Man-from-Thailand-With-a_2022_Clinical-Cases-in-Tropical-.md",
  "n_chunks": 27,
  "text_embedding": "Processed_embeddings/embeddings/text/80---A-62-Year-Old-Man-from-Thailand-With-a_2022_Clinical-Cases-in-Tropical-_text.npy",
  "image_embedding": "Processed_embeddings/embeddings/image/80---A-62-Year-Old-Man-from-Thailand-With-a_2022_Clinical-Cases-in-Tropical-_images.npy",
  "chunks": [
    {
      "id": 0,
      "text": "# page 1 8 0 a 6 2 - year - old man from thailand with a liver mass prakasit sa - ngaimwibool and yukifumi nawa clinical presentation history a 6 2 - year - old male thai police sergeant major from kalasin province in northeast thailand presents at an urban hospital for his annual physical check - up. on abdominal ultrasonog",
      "type": "text"
    },
    {
      "id": 1,
      "text": "physical check - up. on abdominal ultrasonog - raphy, a solitary mass is found in the liver. he denies any clinical symptoms, there is no weight loss, no jaundice and no other gastrointestinal symptoms. he is referred to a hospital in khon kaen for further investigations and treatment. clinical findings he appears in good health and vital signs are normal. phys",
      "type": "text"
    },
    {
      "id": 2,
      "text": "in good health and vital signs are normal. phys - ical examination shows no jaundice. liver and spleen are not palpable. no liver stigmata are found nor is any lymphade - nopathy detected. laboratory results his laboratory results are shown in table 8 0. 1. imaging abdominal mri reveals a single solid liver mass in the right liver lobe segments vi",
      "type": "text"
    },
    {
      "id": 3,
      "text": "solid liver mass in the right liver lobe segments vi vii, fig. 8 0. 1. questions 1. what is your differential diagnosis? 2. what additional information should you obtain from the patient? discussion a 6 2 - year - old asymptomatic thai man undergoes his annual physical check - up. ultrasound incidentally detects a solitary liver mass. liver function tests are",
      "type": "text"
    },
    {
      "id": 4,
      "text": "cts a solitary liver mass. liver function tests are normal, and hepatitis b serology suggests previous infection. the ca 1 9 - 9 level is markedly elevated. answer to question 1 what is your differential diagnosis? the most important differential diagnoses in this thai man in his sixties are hepatocellular carcinoma, cholangiocarci - noma cca, a metastatic tumour",
      "type": "text"
    },
    {
      "id": 5,
      "text": "ci - noma cca, a metastatic tumour and some infections, including tuberculosis. in an otherwise asymptomatic patient with a high serum ca 1 9 - 9 level without a history and signs of chronic viral hepatitis, cca is the most likely diagnosis. metastatic cancer should be considered and thorough investigation is required to detect the primary site of the tumour. table 8 0. 1",
      "type": "text"
    },
    {
      "id": 6,
      "text": "site of the tumour. table 8 0. 1 laboratory results of the thai patient with a liver mass parameter patient reference ast u l 2 6 4 - 3 6 alt u l 3 2 alp u l 1 2 1 total bilirubin mg dl 0. 6 0. 3 - 1. 5 direct bilirubin mg dl 0. 2 0. 0 - 0.",
      "type": "text"
    },
    {
      "id": 7,
      "text": "dl 0. 2 0. 0 - 0. 5 hbsag meia negative negative anti - hbs elisa, iu l 2 4. 1 3 0. 0 - 1 0. 0 hbeag elisa negative negative anti - hbc elisa positive negative anti - hcv negative negative afp u ml 2. 8 0. 0 - 1 0. 0 cea μg l 1",
      "type": "text"
    },
    {
      "id": 8,
      "text": "1 0. 0 cea μg l 1 8. 9 6 0. 0 - 2. 5 ca 1 9 - 9 u ml 3 4 2. 8 0 0. 0 - 3 7. # page 2 • fig. 8 0. 1 abdominal mri revealing a single solid liver mass lesion at the segment vi vii. no marked bile duct dilatation is seen.",
      "type": "text"
    },
    {
      "id": 9,
      "text": "no marked bile duct dilatation is seen. • fig. 8 0. 2 a a single heterogenous whitish - yellow mass, size 9 9 cm in diameter at the segment vii and viii. the dilated bile duct with a small parasite arrow. the liver parenchyma appears non - cirrhotic ; b the adjacent dilated bile duct contains a few liver flu",
      "type": "text"
    },
    {
      "id": 10,
      "text": "adjacent dilated bile duct contains a few liver flukes o. viverrini ; and c the histology of the tumour shows infiltrative compact glandular structures, lined by dysplastic columnar cells with necrosis. 2 2 4 chapter 8 0 a 6 2 - year - old man from thailand with a liver mass # page 3 answer to question 2 what additional",
      "type": "text"
    },
    {
      "id": 11,
      "text": "mass # page 3 answer to question 2 what additional information should you obtain from the patient? kalasin, where the patient comes from, is a province in northeast thailand. given his region of origin it is important to ask for a history of eating raw or undercooked freshwater fish, which frequently contains metacercariae of the liver fluke, opisthorchis viver",
      "type": "text"
    },
    {
      "id": 12,
      "text": "fluke, opisthorchis viverrini. traditional food containing undercooked freshwater fish is usually eaten among the villagers in the region including their children. exposure to the fluke early in life is an impor - tant risk factor for the development of cca. liver fluke infection is easily treated with praziquantel ; however, re - infection is common in an",
      "type": "text"
    },
    {
      "id": 13,
      "text": "; however, re - infection is common in an area where traditional food is regularly consumed. the case continued … the patient was admitted to the hospital and underwent hemihepatectomy. a large tumour 9 9 cm of whitish - yellowish colour was found in the right liver lobe. in addi - tion, liver flukes were detected in the adjacent bile duct fig. 8 0",
      "type": "text"
    },
    {
      "id": 14,
      "text": "detected in the adjacent bile duct fig. 8 0. 2 a and b. the liver parenchyma itself appeared non - cirrhotic. histology confirmed intrahepatic cca fig. 8 0. 2 c and the patient was started on postoperative chemotherapy. additional past medical history taken after surgery revealed that he had a history of liver fluke infection and praziquantel treatment",
      "type": "text"
    },
    {
      "id": 15,
      "text": "liver fluke infection and praziquantel treatment in the past 1 0 years at the local primary care unit. summary box cholangiocarcinoma cca is strongly associated with chronic liver fluke infection. o. viverrini and clonorchis sinensis are therefore classified by who as biological carcinogens. the greater mekong subregion has the highest reported incidence of liver",
      "type": "text"
    },
    {
      "id": 16,
      "text": "subregion has the highest reported incidence of liver fluke - associated cca in the world. it is also endemic in east asia southern china, korea, northern vietnam because of c. sinensis infection, and in kazakhstan, siberia, other parts of russia and various european countries, where o. felineus is the major parasite. the infection is acquired by eating raw freshwater fish and",
      "type": "text"
    },
    {
      "id": 17,
      "text": "the infection is acquired by eating raw freshwater fish and uncooked fermented fish containing metacercariae of the parasites. adult worms live in the small intrahepatic bile ducts of their definitive host, which includes humans, cats, dogs and other mammals. they can live in the bile duct for over 2 0 years and re - infection may occur. prevalence and intensity of infection increase",
      "type": "text"
    },
    {
      "id": 18,
      "text": "infection may occur. prevalence and intensity of infection increase with age. chronic infection may lead to periductal fibrosis, cholecystitis and gallstones. mutagenesis is thought to be triggered by chronic mechanical and chemical irritation as well as immunological fac - tors. besides the infection itself, cultural and lifestyle factors have recently been found to be relevant risk factors for cca ;",
      "type": "text"
    },
    {
      "id": 19,
      "text": "been found to be relevant risk factors for cca ; among others, a combination of alcohol use and smoking. the complex interaction of risk factors besides fluke infection may explain why despite the widespread availability of prazi - quantel and massive control efforts, cca remains a major health problem in endemic regions in asia. cca may long be asymptomatic, as shown in this case. screening",
      "type": "text"
    },
    {
      "id": 20,
      "text": "tomatic, as shown in this case. screening and early detection of cca is crucial but challenging. in thailand, a comprehensive approach to prevention and control of liver fluke infection has been implemented under the “ cholangiocarcinoma screening and care program ” cascap. also, ecohealth - based integrated control programmes such as the “ lawa model ” have been successfully",
      "type": "text"
    },
    {
      "id": 21,
      "text": "“ lawa model ” have been successfully propagated at the community level. the “ lawa model ” referring to the fluke - endemic lawa lake region in thailand is a programme which includes treatment with anthelmintic drugs, intensive health education methods, ecosystem monitoring and active commu - nity participation. further reading 1. sithithaworn p, sri",
      "type": "text"
    },
    {
      "id": 22,
      "text": "reading 1. sithithaworn p, sripa b, kaewkes s, et al. food - borne trematodes. in : farrar j, editor. manson ’ s tropical infectious diseases. 2 3 rd ed. london : elsevier ; [ chapter 5 3 ]. 2. sithithaworn p, andrews rh, de nv, et al. the",
      "type": "text"
    },
    {
      "id": 23,
      "text": "andrews rh, de nv, et al. the current status of opisthorchiasis and clonorchiasis in the mekong basin. parasitol int ; 6 1 1 : 1 0 - 6. 3. sripa b, tangkawattana s, sangnikul t. the lawa model : a sustain - able, integrated opisthorchiasis control program",
      "type": "text"
    },
    {
      "id": 24,
      "text": "able, integrated opisthorchiasis control program using the eco - health approach in the lawa lake region of thailand. parasitol int ; 6 6 4 : 3 4 6 - 5 4. 4. khuntikeo n, titapun a, loilome w, et al. current perspectives on opisthorchiasis control and cholangiocarcinoma",
      "type": "text"
    },
    {
      "id": 25,
      "text": "isthorchiasis control and cholangiocarcinoma detection in southeast asia. front med lausanne ; 5 : 1 1 7. 5. steele ja, richter ch, echaubard p, et al. thinking beyond opisthorchis viverrini for risk of cholangiocarcinoma in the lower mekong region : a systematic review and meta - analysis. infect",
      "type": "text"
    },
    {
      "id": 26,
      "text": "a systematic review and meta - analysis. infect dis poverty ; 7 : 4 4. 2 2 5 chapter 8 0 a 6 2 - year - old man from thailand with a liver mass",
      "type": "text"
    }
  ],
  "images": [
    {
      "path": "Processed/images/80---A-62-Year-Old-Man-from-Thailand-With-a_2022_Clinical-Cases-in-Tropical-/80---A-62-Year-Old-Man-from-Thailand-With-a_2022_Clinical-Cases-in-Tropical-_p2_img1.jpeg",
      "type": "image"
    },
    {
      "path": "Processed/images/80---A-62-Year-Old-Man-from-Thailand-With-a_2022_Clinical-Cases-in-Tropical-/80---A-62-Year-Old-Man-from-Thailand-With-a_2022_Clinical-Cases-in-Tropical-_p2_img2.jpeg",
      "type": "image"
    }
  ]
}