{
  "file": "81---A-33-Year-Old-Refugee-from-Afghanistan-With-_2022_Clinical-Cases-in-Tro.md",
  "n_chunks": 31,
  "text_embedding": "Processed_embeddings/embeddings/text/81---A-33-Year-Old-Refugee-from-Afghanistan-With-_2022_Clinical-Cases-in-Tro_text.npy",
  "image_embedding": "Processed_embeddings/embeddings/image/81---A-33-Year-Old-Refugee-from-Afghanistan-With-_2022_Clinical-Cases-in-Tro_images.npy",
  "chunks": [
    {
      "id": 0,
      "text": "# page 1 8 1 a 3 3 - year - old refugee from afghanistan with recurrent fever and back pain peter sothmann and cassandra aldrich clinical presentation history a 3 3 - year - old male refugee from afghanistan presents to a german clinic with a 6 - month history of recurrent fever, night sweats and progressive back pain. after leaving afghan - istan with his wife and",
      "type": "text"
    },
    {
      "id": 1,
      "text": "after leaving afghan - istan with his wife and two children, the family first lived in a refugee camp in iran. there, the patient started feeling ill about 6 months ago and was treated with tablets for several weeks. initially he also received intragluteal injections. his symptoms subsided whilst on medication but recurred after the treatment ended. after crossing turkey and eastern europe, the",
      "type": "text"
    },
    {
      "id": 2,
      "text": "ended. after crossing turkey and eastern europe, the family reached germany 4 months ago. all med - ical documents were lost during the journey. clinical findings the patient is afebrile and in fair general condition. vital signs are normal. on examination, there is marked spinal tenderness in the lumbar region. the remaining examination is unremarkable. laboratory results and imaging differential blood count,",
      "type": "text"
    },
    {
      "id": 3,
      "text": "remarkable. laboratory results and imaging differential blood count, liver and renal function tests as well as ldh are normal. c - reactive protein and erythrocyte sed - imentation rate are slightly raised at 2 6 mg l < 5 mg l and 4 0 mm hour < 2 0 mm hour, respectively. urinalysis is unremarkable. mri of the spine reveals signal enhancement of",
      "type": "text"
    },
    {
      "id": 4,
      "text": "remarkable. mri of the spine reveals signal enhancement of the l 3 and l 4 vertebral bodies, the corresponding vertebral disc and the right psoas muscle, as well as disc space narrowing and irregularities of both adjacent vertebral endplates fig. 8 1. 1 a and b. a chest x - ray shows no abnormalities. questions 1. what are",
      "type": "text"
    },
    {
      "id": 5,
      "text": "no abnormalities. questions 1. what are the most likely differential diagnoses in this patient? 2. which investigations are useful to determine the causative agent? discussion a male afghan refugee presents with a 6 - month history of recurrent fever, night sweats and progressive back pain. phys - ical examination reveals localized lumbar spinal tenderness. crp and esr are slightly",
      "type": "text"
    },
    {
      "id": 6,
      "text": "tenderness. crp and esr are slightly raised and an mri of the spine shows spondylodiscitis of l 3 l 4 with involvement of the psoas muscle. answer to question 1 what are the most likely differential diagnoses in this patient? spondylitis in a febrile young adult is likely to be infectious. globally, tuberculosis is the main cause of",
      "type": "text"
    },
    {
      "id": 7,
      "text": "infectious. globally, tuberculosis is the main cause of infectious spon - dylitis. spinal brucellosis may be equally common or even predominant in highly endemic countries, such as afghanistan. other infectious causes of spondylitis mirror those of osteomyelitis and usually follow haematogenous spread from a distant site of infection. the spectrum of pathogens includes staphy",
      "type": "text"
    },
    {
      "id": 8,
      "text": "infection. the spectrum of pathogens includes staphylococcus aureus, pyogenic and non - pyogenic streptococci and gram - negative bacteria such as salmonella species. in addition, histoplasmosis, actinomycosis and melioidosis may be relevant causes depending on local epidemiology. 2 2 6 # page 2 answer to",
      "type": "text"
    },
    {
      "id": 9,
      "text": "ology. 2 2 6 # page 2 answer to question 2 which investigations are useful to determine the causative agent? it is not possible to reliably distinguish spinal tuberculosis from brucellosis by x - ray or ct mri imaging ; microbiolog - ical testing is required. in patients from highly endemic countries, serological testing and interferon gamma release assays igra",
      "type": "text"
    },
    {
      "id": 10,
      "text": "and interferon gamma release assays igra are of limited diagnostic value, because they are not able to distinguish between active and latent past infection. definitive diagnosis requires isolation of the caus - ative agent from blood or tissue samples. spinal tuberculosis is rarely accompanied by pulmonary involvement, and sputum samples often remain negative. in brucellosis, the sensitivity of blood culture is",
      "type": "text"
    },
    {
      "id": 11,
      "text": "cellosis, the sensitivity of blood culture is generally high in acute disease and decreases over time. bone marrow cultures have a better yield at all stages of disease. ct - guided percutaneous vertebral biopsy and subsequent tissue culture and molecular analysis is the diagnostic gold standard in infectious spondylitis. histopathology should be performed simultaneously to rule out malignancy and to",
      "type": "text"
    },
    {
      "id": 12,
      "text": "be performed simultaneously to rule out malignancy and to confirm granulomatous inflammation, which is a feature of both tuberculosis caseous and brucellosis non - caseous. it is important to notify laboratory staff that brucellosis is suspected : brucella cultures are highly infectious and require biosafety level 3 handling ; they may also have a prolonged time to positivity although",
      "type": "text"
    },
    {
      "id": 13,
      "text": "they may also have a prolonged time to positivity although this is less of an issue with mod - ern automated blood culture systems. the case continued … several blood cultures are taken but remain negative. spu - tum samples are negative for acid - fast bacilli. a ct - guided biopsy of the lesion is performed without complications. culture of the tissue sample reveals brucella mel",
      "type": "text"
    },
    {
      "id": 14,
      "text": "culture of the tissue sample reveals brucella melitensis as the causative agent. no additional sites of infection are iden - tified on imaging. importantly, there is no sign of endocar - ditis on echocardiography. the presentation is classified as “ complicated brucellosis ” with spondylitis and para - vertebral abscess formation accord",
      "type": "text"
    },
    {
      "id": 15,
      "text": "is and para - vertebral abscess formation accord - ing to who criteria, which requires a prolonged course of antimicrobial combination therapy. the patient is treated with doxycycline 1 0 0 mg twice daily and rifampicin 9 0 0 mg daily for 1 6 weeks. additionally, intramuscular strep - tomycin 1 g daily is given for the",
      "type": "text"
    },
    {
      "id": 16,
      "text": "tomycin 1 g daily is given for the first 3 weeks of treatment. the fever subsides after several days and inflammation parameters return to normal several weeks after initiation of antimicrobial therapy. a second mri at the end of treat - ment shows full resolution of the paravertebral abscess. one year post treatment completion, the patient shows no signs of relapse. • fig",
      "type": "text"
    },
    {
      "id": 17,
      "text": "patient shows no signs of relapse. • fig. 8 1. 1 a and b mri of the spine reveals signal enhancement of the l 3 and l 4 vertebral bodies, the correspond - ing vertebral disc and the right psoas muscle, as well as disc space narrowing and irregularities of both adjacent vertebral endplates. 2 2 7 chapter 8 1 a",
      "type": "text"
    },
    {
      "id": 18,
      "text": "endplates. 2 2 7 chapter 8 1 a 3 3 - year - old refugee from afghanistan with recurrent fever and back pain # page 3 summary box brucellosis brucellosis is a common zoonotic bacterial infection and an important differential diagnosis in prolonged febrile illness. cur - rently, around 0 0 cases of brucellosis are reported to the who",
      "type": "text"
    },
    {
      "id": 19,
      "text": "of brucellosis are reported to the who each year, with global incidence rates increasing. b. melitensis is the most common cause of brucellosis worldwide and mainly infects camels, sheep and goats. frequent routes of animal - to - human transmission include consumption of unpas - teurized dairy products as well as exposure to bodily fluids and aerosols during",
      "type": "text"
    },
    {
      "id": 20,
      "text": "as exposure to bodily fluids and aerosols during animal birth or slaughter. the possibility of air - borne transmission requires special safety precautions while handling brucella cultures in the laboratory biosafety level 3. in the early stages, brucellosis usually presents as a non - focal febrile illness. clinical signs and symptoms are non - specific and may include night sweats, fatigue,",
      "type": "text"
    },
    {
      "id": 21,
      "text": "- specific and may include night sweats, fatigue, lymphadenopathy and hepatosplenomegaly. localized infection develops frequently during the course of disease and may affect the musculoskeletal, genitourinary, central nervous or cardiovascular system. osteoarticular involvement is particularly common up to 4 0 % of cases and often presents as peripheral arthritis, sacroiliitis or",
      "type": "text"
    },
    {
      "id": 22,
      "text": "presents as peripheral arthritis, sacroiliitis or spondylitis. serological diagnostic tests are widely available but fail to distinguish current from past infection in areas of high ende - micity. blood culture has a high sensitivity in acute disease and tissue culture is considered the gold standard in localized infection. brucellosis therapy generally requires a combination of antimicrobials with activity in the",
      "type": "text"
    },
    {
      "id": 23,
      "text": "a combination of antimicrobials with activity in the acidic intracellular environment, as well as a prolonged course of treatment to avoid treatment failure and relapse. preferred drug combinations of brucellosis are doxycylin plus an aminoglycoside streptomycin or genta - micin or plus rifampicin. in neurobrucellosis",
      "type": "text"
    },
    {
      "id": 24,
      "text": "fampicin. in neurobrucellosis, ceftriaxone is combined with doxycyclin and rifampicin. if contraindications occur, ciprofloxacin and cotrimoxazole may be used. treatment duration is between six weeks and several months depending upon organ manifestation and severity. although most osteoarticular complications can be",
      "type": "text"
    },
    {
      "id": 25,
      "text": "ity. although most osteoarticular complications can be treated with a standard course of 6 weeks ’ duration, brucella spondylitis requires prolonged treatment for at least 1 2 weeks to avoid relapse. furthermore, surgical intervention may be required in cases of vertebral instability or epidural and paravertebral abscess formation. further reading 1. beeching",
      "type": "text"
    },
    {
      "id": 26,
      "text": "abscess formation. further reading 1. beeching nj, monir makdour m. brucellosis. in : farrar j, editor. manson ’ s tropical diseases 2 3 rd ed. london : elsevier ; chapter 2 8. 2. gouliouris t, aliyu sh, brown nm. spondylodiscitis : update on diagnosis and",
      "type": "text"
    },
    {
      "id": 27,
      "text": "spondylodiscitis : update on diagnosis and management. j antimicrob chemother ; 6 5 suppl. 3 : 1 1 - 2 4. https : doi. org 1 0. jac dkq 3 0 3. 3. pappasg, akritidisn, bosilkovskim, etal. brucellosis. nenglj med ; 3 5",
      "type": "text"
    },
    {
      "id": 28,
      "text": "losis. nenglj med ; 3 5 2 2 2 : 3 6. https : doi. org 1 0. nejmra 7 0. 4. corbel mj. brucellosis in humans and animals. who ;. p. 1 - 1 0 2. 5. yousefi - nooraie r, mortaz - hejri s, meh",
      "type": "text"
    },
    {
      "id": 29,
      "text": ", mortaz - hejri s, mehrani m, et al. antibiotics for treating human brucellosis. cochrane database syst rev ; 1 0 1 0 : cd 7 9. https : doi. org 1 0.. cd 7 9. pub 2. 2 2 8 chapter 8 1 a 3 3 - year - old refugee from afghanistan with recurrent fever and back",
      "type": "text"
    },
    {
      "id": 30,
      "text": "old refugee from afghanistan with recurrent fever and back pain",
      "type": "text"
    }
  ],
  "images": [
    {
      "path": "Processed/images/81---A-33-Year-Old-Refugee-from-Afghanistan-With-_2022_Clinical-Cases-in-Tro/81---A-33-Year-Old-Refugee-from-Afghanistan-With-_2022_Clinical-Cases-in-Tro_p2_img1.jpeg",
      "type": "image"
    },
    {
      "path": "Processed/images/81---A-33-Year-Old-Refugee-from-Afghanistan-With-_2022_Clinical-Cases-in-Tro/81---A-33-Year-Old-Refugee-from-Afghanistan-With-_2022_Clinical-Cases-in-Tro_p2_img2.jpeg",
      "type": "image"
    }
  ]
}