{
  "file": "82---A-31-Year-Old-Man-from-Guatemala-With-Acute-_2022_Clinical-Cases-in-Tro.md",
  "n_chunks": 28,
  "text_embedding": "Processed_embeddings/embeddings/text/82---A-31-Year-Old-Man-from-Guatemala-With-Acute-_2022_Clinical-Cases-in-Tro_text.npy",
  "image_embedding": "Processed_embeddings/embeddings/image/82---A-31-Year-Old-Man-from-Guatemala-With-Acute-_2022_Clinical-Cases-in-Tro_images.npy",
  "chunks": [
    {
      "id": 0,
      "text": "# page 1 8 2 a 3 1 - year - old man from guatemala with acute weakness and numbness of the leg cesar g. berto and christina m. coyle clinical presentation history a 3 1 - year - old guatemalan man with no past medical history presents to a hospital in new york city with several minutes of weakness and numbness of the leg. his symptoms resolved just before his",
      "type": "text"
    },
    {
      "id": 1,
      "text": "of the leg. his symptoms resolved just before his arrival at the hospital. two weeks previously, he also had two episodes of facial twitching that subsided without intervention after 1 0 seconds. he was born and lived in a rural area of guatemala before immigrating to new york 5 years ago. in guatemala, his family owned uncorralled pigs and his house did not have sanitation",
      "type": "text"
    },
    {
      "id": 2,
      "text": "ralled pigs and his house did not have sanitation services. clinical findings his vitals were normal. cranial nerves were intact. motor and sensory examinations were normal. deep tendon reflexes and gait was normal. the rest of the exam was unremarkable. laboratory results cell blood count and serum chemistry were within normal limits. imaging the computed tomography ct and magnetic resonance",
      "type": "text"
    },
    {
      "id": 3,
      "text": "imaging the computed tomography ct and magnetic resonance imaging mri on admission are shown in figures 8 2. 1 and 8 2. 2. a ct angiography showed patent cerebral arteries. questions 1. what is the most likely diagnosis and what is the patho - physiology of this disease? 2. what is the approach to diagnosis and treatment? discussion a young, previously healthy",
      "type": "text"
    },
    {
      "id": 4,
      "text": "diagnosis and treatment? discussion a young, previously healthy man from guatemala presents with transitory ischemic attack. imaging reveals parenchymal calcified lesions, complex cystic structures in the subarach - noid space and an old lacunar infarct proximal to a cyst with a normal ct angiography. answer to question 1 what is the most",
      "type": "text"
    },
    {
      "id": 5,
      "text": "graphy. answer to question 1 what is the most likely diagnosis and what is the pathophysiology of this disease? these findings and the epidemiological risk factors are highly suggestive of subarachnoid neurocysticercosis. the clinical expression of neurocysticercosis is pleomor - phic and depends on the location, burden of disease and host • fig",
      "type": "text"
    },
    {
      "id": 6,
      "text": "the location, burden of disease and host • fig. 8 2. 1 ct of the head demonstrates multiple calcifications in the brain parenchyma yellow arrows. 2 2 9 # page 2 inflammatory response. disease in the parenchyma behaves differently from neurocysticercosis involving the extra - parenchymal space. therefore clinical presentation and therapeutic interventions for each location are",
      "type": "text"
    },
    {
      "id": 7,
      "text": "therefore clinical presentation and therapeutic interventions for each location are different. sub - arachnoid neurocysticercosis sancc is probably the most severe form of neurocysticercosis. in the subarachnoid space, the parasite can undergo an aberrant continued growth and reach large sizes, especially when it is located in the sylvian fissure. sancc also",
      "type": "text"
    },
    {
      "id": 8,
      "text": "in the sylvian fissure. sancc also has a high frequency of concomitant asymptomatic spinal involvement. therefore an mri of the spine should always be included. the pathogenesis of the subarachnoid form is largely mediated by the host ’ s inflammatory response. clinically, it can manifest as meningitis, communicating hydrocepha -",
      "type": "text"
    },
    {
      "id": 9,
      "text": "as meningitis, communicating hydrocepha - lus, focal neurological symptoms and cerebrovascular disease. increased intracranial pressure because of hydrocephalus is the most common presentation. vascular involvement is a common, but frequently unrecognized manifestation of sancc. the inflammation of the vessel can result in occlu - sive endarteritis, aneurysm formation and thrombosis",
      "type": "text"
    },
    {
      "id": 10,
      "text": "arteritis, aneurysm formation and thrombosis. small perforating vessels are most affected, resulting in lacunar infarcts proximal to cysts as seen in this patient. in many instances, the ct angiography will be negative. answer to question 2 what is the approach to diagnosis and treatment? imaging is the cornerstone in the diagnosis of sancc. ct",
      "type": "text"
    },
    {
      "id": 11,
      "text": "the cornerstone in the diagnosis of sancc. ct is sensitive at detecting parenchymal calcifications, but mri is superior in delineating cysts in the subarachnoid space and assessing the amount of inflammation. the serological gold standard, the immunoblot, has a sensitivity of 9 8 % and spec - ificity close to 1 0 0 % in patients",
      "type": "text"
    },
    {
      "id": 12,
      "text": "ficity close to 1 0 0 % in patients with two or more lesions ; the sensitivity decreases in cases with a single or calcified lesion. the immunoblot is always positive in sancc because of the high burden of disease. circulating parasite antigen pro - vides additional information on the presence of viable cysts, and can be used to monitor efficacy of therapy.",
      "type": "text"
    },
    {
      "id": 13,
      "text": "and can be used to monitor efficacy of therapy. principles of treatment for parenchymal neurocysticerco - sis cannot be extrapolated to those patients with sancc. antiparasitics are always indicated in the treatment of sancc and many experts recommend dual therapy with albendazole and praziquantel. the duration of treatment is still controversial, but cur -",
      "type": "text"
    },
    {
      "id": 14,
      "text": "duration of treatment is still controversial, but cur - rent guidelines recommend treating until resolution on neuroimaging. corticosteroids are also critical to reduce the inflamma - tion secondary to antiparasitic treatment. a careful taper of steroids should be employed to avoid complications, such as hydrocephalus, meningitis, and vasculitis. patients may need a long course of treatment",
      "type": "text"
    },
    {
      "id": 15,
      "text": "itis. patients may need a long course of treatment with neuroimaging every 3 months to assess the clinical response. the case continued … a serum immunoblot for cysticercosis run at the centers for disease control and prevention cdc was positive. the serum cysticercosis antigen was positive at the beginning of therapy. a spine mri did not show evidence of spinal involvement.",
      "type": "text"
    },
    {
      "id": 16,
      "text": "spine mri did not show evidence of spinal involvement. the patient was begun on a high dose of pred - nisone followed by a taper, and dual therapy with albenda - zole and praziquantel. after 9 months of treatment, his serum antigen was negative and his lesions resolved on imag - ing. he has been followed closely with no recurrence",
      "type": "text"
    },
    {
      "id": 17,
      "text": ". he has been followed closely with no recurrence. summary box subarachnoid neurocysticercosis neurocysticercosis is caused by the larval form of taenia solium in the central nervous system. it is endemic in latin america, asia and africa, where its transmission is favoured by poor sanitary conditions. the mechanism of transmission is fa",
      "type": "text"
    },
    {
      "id": 18,
      "text": "poor sanitary conditions. the mechanism of transmission is faecal - oral and person to person, but requires the presence of free - roaming pigs to perpetuate the life cycle. subarachnoid neurocysticercosis is the most severe form because of the large dimension of the cysts, exuberant inflam - matory response leading to complications and slow response to •",
      "type": "text"
    },
    {
      "id": 19,
      "text": "matory response leading to complications and slow response to • fig. 8 2. 2 mri of the head on t 1 sequence reveals dilation of the suprasellar and sylvian cistern yellow arrow. peripheral enhancement orange arrow is evidenced after the administration of gadolinium. corre - sponding fluid filled septated cystic lesions blue arrow are seen surrounding the proxim",
      "type": "text"
    },
    {
      "id": 20,
      "text": "cystic lesions blue arrow are seen surrounding the proximal middle cerebral arteries on t 2 sequence. an old lacunar infarct in the right frontal white matter proximal to an interhemispheric cyst was also found not shown. 2 3 0 chapter 8 2 a 3 1 - year - old man from guatemala with acute weakness and numbness of the leg # page 3",
      "type": "text"
    },
    {
      "id": 21,
      "text": "weakness and numbness of the leg # page 3 therapy. neuroimaging and serology are complementary for diagnosis. mri is superior for the detection of subarachnoid cysts than ct, and the serological gold standard is the immunoblot. compared with the parenchymal form, sancc needs a longer duration and usually double the antiparasitic treatment along with cortic",
      "type": "text"
    },
    {
      "id": 22,
      "text": "double the antiparasitic treatment along with corticosteroids. neuroimaging and serum antigen should be repeated periodically to assess for clinical response and decision to stop treatment. further reading 1. baily g, garcia hh. other cestode infections : intestinal cestodes, cysticercosis, other larval cestode infections. in : farrar j",
      "type": "text"
    },
    {
      "id": 23,
      "text": "cestode infections. in : farrar j, editor. manson ’ s tropical diseases. 2 3 rd ed. london : elsevier ; [ chapter 5 7 ]. 2. coyle cm. neurocysticerosis : an individualized approach. infect dis clin north am ; 3 3 1 : 1 5 3 - 6 8. https : doi. org 1 0",
      "type": "text"
    },
    {
      "id": 24,
      "text": "6 8. https : doi. org 1 0. j. idc.. 1 0. 0 0 7. 3. garcia hh, nash te, del brutto oh. clinical symptoms, diagnosis, and treatment of neurocysticercosis. lancet neurol ; 1 3 1 2 : 1 5. https : doi. org 1 0. s 1 4 4 - 8",
      "type": "text"
    },
    {
      "id": 25,
      "text": "org 1 0. s 1 4 4 - 8. 4. white ac jr., coyle cm, rajshekhar v, et al. diagnosis and treat - ment of neurocysticercosis : clinical practice guidelines by the infectious diseases society of america idsa and the american society of tropical medicine and hygiene astmh. clin infect dis ; 6 6 8 : 6 3",
      "type": "text"
    },
    {
      "id": 26,
      "text": "infect dis ; 6 6 8 : 6 3. 5. fleury a, carrillo - mezo r, flisser a, et al. subarachnoid basal neurocysticercosis : a focus on the most severe form of the disease. expert rev anti infect ther ; 9 1 : 1 2 3 - 3 3. https : doi.",
      "type": "text"
    },
    {
      "id": 27,
      "text": "2 3 - 3 3. https : doi. org 1 0. eri. 1 0. 1 5 0. 2 3 1 chapter 8 2 a 3 1 - year - old man from guatemala with acute weakness and numbness of the leg",
      "type": "text"
    }
  ],
  "images": [
    {
      "path": "Processed/images/82---A-31-Year-Old-Man-from-Guatemala-With-Acute-_2022_Clinical-Cases-in-Tro/82---A-31-Year-Old-Man-from-Guatemala-With-Acute-_2022_Clinical-Cases-in-Tro_p1_img1.jpeg",
      "type": "image"
    },
    {
      "path": "Processed/images/82---A-31-Year-Old-Man-from-Guatemala-With-Acute-_2022_Clinical-Cases-in-Tro/82---A-31-Year-Old-Man-from-Guatemala-With-Acute-_2022_Clinical-Cases-in-Tro_p2_img1.jpeg",
      "type": "image"
    }
  ]
}