{
  "file": "83---An-18-Year-Old-Man-from-India-With-a-Pale-P_2022_Clinical-Cases-in-Trop.md",
  "n_chunks": 24,
  "text_embedding": "Processed_embeddings/embeddings/text/83---An-18-Year-Old-Man-from-India-With-a-Pale-P_2022_Clinical-Cases-in-Trop_text.npy",
  "image_embedding": "Processed_embeddings/embeddings/image/83---An-18-Year-Old-Man-from-India-With-a-Pale-P_2022_Clinical-Cases-in-Trop_images.npy",
  "chunks": [
    {
      "id": 0,
      "text": "# page 1 8 3 an 1 8 - year - old man from india with a pale patch on his right upper limb stephen l. walker and saba m. lambert clinical presentation history an 1 8 - year - old man from india has noticed a pale patch on his right arm and forearm for 3 months. it is not itchy or painful, but he reports reduced sensation in the affected",
      "type": "text"
    },
    {
      "id": 1,
      "text": "painful, but he reports reduced sensation in the affected area. he also complains of mild numbness of the little finger of the right hand but no weakness he is right - handed. otherwise he is well. there is no family history of skin problems. clinical findings there is a 2 0 cm by 1 0 cm hypopigmented macule on the outer aspect of the right arm extending on",
      "type": "text"
    },
    {
      "id": 2,
      "text": "on the outer aspect of the right arm extending on to the forearm fig. 8 3. 1. the affected skin is dry. the sensation within the hypopigmented area is reduced compared with the nor - mally pigmented skin. the rest of the skin examination is normal. both ulnar nerves are palpable, however the right ulnar nerve is thickened. there",
      "type": "text"
    },
    {
      "id": 3,
      "text": "the right ulnar nerve is thickened. there is reduced sensation on the tip and ulnar border of the right little finger. there are no other neurological abnormalities. questions 1. what common skin conditions cause hypopigmentation? 2. what further investigations are required? discussion an 1 8 - year - old man from india presents with a hypopigmen - ted macular le",
      "type": "text"
    },
    {
      "id": 4,
      "text": "with a hypopigmen - ted macular lesion on the right arm with reduced sensation. a hypopigmented anaesthetic patch is a cardinal sign of leprosy. the combination of a skin problem and signs of a neuropathy should always raise the suspicion of leprosy. answer to question 1 what common skin conditions cause hypopigmentation? hypopigmented skin lesions",
      "type": "text"
    },
    {
      "id": 5,
      "text": "hypopigmentation? hypopigmented skin lesions are very common. hypopig - mentation may be a non - specific sequela of any inflamma - tory or traumatic process such as dermatitis or a burn. • fig. 8 3. 1 a hypopigmented macular skin lesion with reduced sensa - tion on the right arm of an 1 8 - year -",
      "type": "text"
    },
    {
      "id": 6,
      "text": "the right arm of an 1 8 - year - old indian male. 2 3 2 # page 2 common causes of hypopigmentation include pityriasis alba, pityriasis versicolor and seborrheic dermatitis. vitiligo causes depigmentation rather than hypopigmentation. in leprosy - endemic countries any skin problem causing reduced pigmentation may",
      "type": "text"
    },
    {
      "id": 7,
      "text": "endemic countries any skin problem causing reduced pigmentation may cause an individual to seek advice because of concern about leprosy. leprosy awareness campaigns often advise people to get pale patches checked. answer to question 2 what additional investigations are required? no additional investigations are required because the patient has the two clinical cardinal signs of leprosy - a hypopigmen - ted skin lesion with",
      "type": "text"
    },
    {
      "id": 8,
      "text": "a hypopigmen - ted skin lesion with reduced sensation and a thickened nerve. however, where available, clinicians may elect to perform a skin biopsy and slit - skin smears. in this case a skin biopsy is likely to show granulomatous dermatitis with destruction of cutaneous nerves and a slit - skin smear is likely to be negative. the case",
      "type": "text"
    },
    {
      "id": 9,
      "text": "skin smear is likely to be negative. the case continued … the patient was diagnosed with paucibacillary leprosy and commenced on rifampicin and dapsone which he took for 6 months. the sensory neuropathy was treated with oral prednisolone 3 0 mg daily which was reduced by 5 mg each month. the patient was counselled extensively about the cause of le",
      "type": "text"
    },
    {
      "id": 10,
      "text": "patient was counselled extensively about the cause of leprosy and that he was not an infection risk to his family or friends, who were examined and had no signs of leprosy. he was advised how to care for his hands and avoid trauma. he made a full recovery. summary box leprosy leprosy is a disease predominantly of the skin and peripheral nerves",
      "type": "text"
    },
    {
      "id": 11,
      "text": "disease predominantly of the skin and peripheral nerves caused by mycobacterium leprae and mycobacterium lepromatosis. the organisms cannot be grown in culture. the vast majority ofindividuals exposed tothe infection do not develop clinical disease, but those who dodevelop a varietyofclinicalsigns determined by their immunological response to the bacteria. individuals with high cell - medi",
      "type": "text"
    },
    {
      "id": 12,
      "text": "to the bacteria. individuals with high cell - mediated immunity develop tuberculoid leprosy or borderline tuberculoid leprosy with one or a few hypopigmented anaesthetic skin patches and thickened peripheralnerves. bacteriaareusuallynotseenintheskinbiopsies or slit - skin smears of these individuals. individuals who do not mount a cell",
      "type": "text"
    },
    {
      "id": 13,
      "text": "these individuals. individuals who do not mount a cell - mediated response to m. leprae develop lepromatous leprosy with infiltration of the skin and many skin lesions. these individuals have lots of bacteria in their skin and nasal secretions. the world health organization categorises leprosy according to the number of skin lesions for the purpose of treatment with",
      "type": "text"
    },
    {
      "id": 14,
      "text": "of skin lesions for the purpose of treatment with multi - drug therapy. individuals with paucibacillary leprosy five skin lesions or fewer are treated for 6 months and those with multibacillary leprosy six or more for 1 2 months table 8 3. 1. in, the who recommended that all leprosy patients receive treatment with three drugs. the who regime",
      "type": "text"
    },
    {
      "id": 15,
      "text": "patients receive treatment with three drugs. the who regime is rifampicin 6 0 0 mg, clofazimine 3 0 0 mg, dapsone 1 0 0 mg once per month and dapsone 1 0 0 mg and clofazimine 5 0 mg daily on the other days table 8 3. 2. prior to this, patients with paucibacillary leprosy",
      "type": "text"
    },
    {
      "id": 16,
      "text": ", patients with paucibacillary leprosy received two drugs dapsone and rifampicin for 6 months. multi - drug therapy is provided free of charge to patients. individuals with recent onset of sensory or motor loss defined as within the last 6 months are treated with oral corticosteroids, in addition to multi - drug therapy, to improve nerve function. in rare circumstances",
      "type": "text"
    },
    {
      "id": 17,
      "text": "therapy, to improve nerve function. in rare circumstances leprosy may manifest without skin changes - pure neural leprosy - which makes the diagnosis challenging. the diagnosis of leprosy remains largely clinical as there is no diagnostic or screening test for all cases. presentations and clinical forms are very varied. the majority of individuals with leprosy do not have identifiable bacteria in slit -",
      "type": "text"
    },
    {
      "id": 18,
      "text": "sy do not have identifiable bacteria in slit - skin smears or skin biopsies. further reading 1. walker sl, withington sj, lockwood dng. leprosy. in : farrar j, editor. manson ’ s tropical diseases. 2 3 rd ed. london : elsevier ; [ chapter 4 1 ]. 2. the world health organization. guidelines for",
      "type": "text"
    },
    {
      "id": 19,
      "text": "]. 2. the world health organization. guidelines for the diagnosis, treatment and prevention of leprosy. new delhi : who, regional office for south - east asia ;. available at : http : nlep. nic. in pdf who % 2 0 guidelines % 2 0 for % 2 0 leprosy. pdf accessed 1 1 october. 3. lockwood dnj",
      "type": "text"
    },
    {
      "id": 20,
      "text": "1 1 october. 3. lockwood dnj, lambert s, srikantam a, et al. three drugs are unnecessary for treating paucibacillary leprosy - a critique of the who guidelines. plos negl trop dis ; 1 3 1 0 : e 6 7 1. https : doi. org 1 0. journal. pntd. 6 7 1.",
      "type": "text"
    },
    {
      "id": 21,
      "text": ". journal. pntd. 6 7 1. 4. saleem md, oussedik e, picardo m, et al. acquired disorders with hypopigmentation : a clinical approach to diagnosis and treatment. j am acad dermatol ; 8 0 5 : 5 0. table 8 3. 1 who classification of leprosy and recommended duration of treatment classification number of patches",
      "type": "text"
    },
    {
      "id": 22,
      "text": "sy and recommended duration of treatment classification number of patches duration of treatment paucibacillary 5 6 months table 8 3. 2 who treatment of leprosy once monthly all other days daily rifampicin 6 0 0 mg - clofazimine 3 0 0 mg 5 0 mg dapsone 1 0 0 mg 1 0 0 mg 2 3 3 chapter 8 3 an 1 8 -",
      "type": "text"
    },
    {
      "id": 23,
      "text": "2 3 3 chapter 8 3 an 1 8 - year - old man from india with a pale patch on his right upper limb",
      "type": "text"
    }
  ],
  "images": [
    {
      "path": "Processed/images/83---An-18-Year-Old-Man-from-India-With-a-Pale-P_2022_Clinical-Cases-in-Trop/83---An-18-Year-Old-Man-from-India-With-a-Pale-P_2022_Clinical-Cases-in-Trop_p1_img1.jpeg",
      "type": "image"
    }
  ]
}