{
  "file": "85---A-55-Year-Old-Female-Pig-Farmer-from-Vietnam-_2022_Clinical-Cases-in-Tr.md",
  "n_chunks": 33,
  "text_embedding": "Processed_embeddings/embeddings/text/85---A-55-Year-Old-Female-Pig-Farmer-from-Vietnam-_2022_Clinical-Cases-in-Tr_text.npy",
  "image_embedding": "Processed_embeddings/embeddings/image/85---A-55-Year-Old-Female-Pig-Farmer-from-Vietnam-_2022_Clinical-Cases-in-Tr_images.npy",
  "chunks": [
    {
      "id": 0,
      "text": "# page 1 8 5 a 5 5 - year - old female pig farmer from vietnam with fever and impaired consciousness thi thuy ngan nguyen and jeremy day clinical presentation history a 5 5 - year - old woman presents to a hospital in rural vietnam with a 1 - day history of fever, headache and vomiting. her blood film is negative for malaria and she is treated with fluids and",
      "type": "text"
    },
    {
      "id": 1,
      "text": "negative for malaria and she is treated with fluids and paracetamol. on the second day of illness she develops confusion and is referred to a hospital in ho chi minh city for further investigation. the patient has a history of type 2 diabetes and hyperten - sion, she has been on treatment for 4 years. she raises pigs on her smallholding and works as a butcher in a",
      "type": "text"
    },
    {
      "id": 2,
      "text": "her smallholding and works as a butcher in a local market selling pork and chicken. clinical findings on admission, she is confused with a glasgow coma score of 1 2 1 5 e 3 m 5 v 4, there is fever 3 8. 5 ° c or 1 0 1. 3 ° f, tachycardia 1 2 4 bpm, hypotension 8 5 / 6 0",
      "type": "text"
    },
    {
      "id": 3,
      "text": "bpm, hypotension 8 5 / 6 0 mmhg, tachypnoea 3 2 breaths per minute, and hypoxia o 2 satu - ration 8 6 % on ambient air. she has neck stiffness and pho - tophobia. there are no focal neurological signs. she has a diffuse petechial rash over her trunk fig. 8 5. 1 and",
      "type": "text"
    },
    {
      "id": 4,
      "text": "over her trunk fig. 8 5. 1 and marked purpuric non - blanching lesions on her left leg fig. 8 5. 2. the rest of her examination is unremarkable. laboratory results her laboratory results on admission are shown in table 8 5. 1. further investigations non - contrast - enhanced ct scan of the brain is unremark - able. electrocardio",
      "type": "text"
    },
    {
      "id": 5,
      "text": "brain is unremark - able. electrocardiogram shows sinus tachycardia and is oth - erwise normal. chest x - ray is unremarkable. • fig. 8 5. 1 petechial rash on the trunk of the patient. • fig. 8 5. 2 purpuric, non - blanching rash on the leg. 2 3 7 # page 2",
      "type": "text"
    },
    {
      "id": 6,
      "text": "on the leg. 2 3 7 # page 2 questions 1. what is the differential diagnosis and what empirical treatment would you give? 2. what additional investigations are needed? discussion this middle - aged vietnamese woman from a rural area pre - sents with a syndrome consistent with meningitis compli - cated by shock. she has a widespread non - blanching purpuric rash.",
      "type": "text"
    },
    {
      "id": 7,
      "text": "widespread non - blanching purpuric rash. answer to question 1 what is the differential diagnosis and what empirical treatment would you give? the patient presented at the rural district hospital with fever and malaise and developed confusion. there is malaria in rural vietnam and both p. falciparum and p. vivax are endemic ; therefore severe malaria must be excluded. enteric",
      "type": "text"
    },
    {
      "id": 8,
      "text": "; therefore severe malaria must be excluded. enteric fever, an important disease in low - income tropical countries, can cause confusion and should be considered, but the rate of disease progression in this case is uncharacteristic. dengue fever is endemic in south - east asia and should also be con - sidered. skin changes in dengue usually present with tran - sient flushing erythema of",
      "type": "text"
    },
    {
      "id": 9,
      "text": "with tran - sient flushing erythema of the face followed by a diffuse erythematous, blanching rash on days 3 to 6. a small propor - tion of patients develop severe disease during a second, immune - mediated phase usually on day 4 - 6. this phase may be complicated by capillary leak, shock, mucocutaneous bleeding and organ",
      "type": "text"
    },
    {
      "id": 10,
      "text": ", shock, mucocutaneous bleeding and organ involvement. dengue may also present as encephalitis. in this case the rapid deterioration with signs of meningi - tis and shock is not typical for dengue. melioidosis is another differential diagnosis to consider. in some areas of south - east asia, it is the commonest cause of community - acquired sepsis, and diabetes",
      "type": "text"
    },
    {
      "id": 11,
      "text": "est cause of community - acquired sepsis, and diabetes is known to be a risk factor for the disease. melioidosis may also cause brain abscess and encephalitis. however, melioidosis is compara - tively rare in vietnam, where the true burden of disease remains to be elucidated. the most likely diagnosis though seems to be acute bac - terial",
      "type": "text"
    },
    {
      "id": 12,
      "text": "diagnosis though seems to be acute bac - terial meningitis complicated by septic shock. globally, the common causes of acute bacterial meningitis are streptococcus pneumoniae, neisseria meningitidis, and haemophilus influen - zae. both s. pneumoniae and n. meningitidis infections can be complicated by development of a purpu",
      "type": "text"
    },
    {
      "id": 13,
      "text": "infections can be complicated by development of a purpuric rash ; this is more common with n. meningitidis septicemia. in vietnam, however, the commonest identified cause of acute bacterial meningitis in adults is streptococcus suis. like its counterparts, s. suis infection can cause both meningitis and septic shock ; the syndromes overlap",
      "type": "text"
    },
    {
      "id": 14,
      "text": "and septic shock ; the syndromes overlap. a florid purpuric rash is common 6 %- 3 1 % of patient cases. other forms of meningitis seen in asia and the tropics include tuberculous and cryptococcal meningitis. although each of these tends to have a more insidious onset, the dura - tion of symptoms before presentation can be as short",
      "type": "text"
    },
    {
      "id": 15,
      "text": "- tion of symptoms before presentation can be as short as 4 to 5 days ; these diagnoses therefore should always be considered. however, they are not associated with shock or purpuric rash. meningitis is a medical emergency requiring prompt treatment. lumbar puncture is the investigation of choice but should not delay administration of broad - spectrum intravenous antibiotics. a typical choice is ce",
      "type": "text"
    },
    {
      "id": 16,
      "text": "intravenous antibiotics. a typical choice is ceftriaxone ; where resistance is suspected or common epidemiologically, vanco - mycin is also administered. the value of adjunctive cortico - steroids in acute bacterial meningitis is difficult to generalize. large studies in africa found no benefit ; this contrasts with western europe, where steroids reduced the risk of death",
      "type": "text"
    },
    {
      "id": 17,
      "text": "western europe, where steroids reduced the risk of death, and vietnam, where in microbiologically confirmed disease they reduced the risk of complications. answer to question 2 what additional investigations are needed? the patient requires a lumbar puncture and blood cultures. csf should be sent for microscopy, gram stain, cell count, protein, glucose and culture. a simultaneous blood glucose measurement should be",
      "type": "text"
    },
    {
      "id": 18,
      "text": "and culture. a simultaneous blood glucose measurement should be performed. if resources are limited, then csf glucose with simultaneous blood glucose is the most important test informing clinical management, because a normal ratio i. e. a csf serum glucose ratio of 0. 6 excludes acute bacterial meningitis and tb. in both bacterial and tb meningitis, the csf serum glucose ratio is expected",
      "type": "text"
    },
    {
      "id": 19,
      "text": "itis, the csf serum glucose ratio is expected to be markedly diminished. rapid diagnostic tests such as pneu - mococcal antigen can be performed on csf, blood or urine, and meningococcal polymerase chain reaction on blood or csf if available. because the patient is from a malaria - endemic area, the blood film should be",
      "type": "text"
    },
    {
      "id": 20,
      "text": "malaria - endemic area, the blood film should be repeated. the case continued … the patient received empirical treatment with intravenous ceftriaxone and vancomycin, and supportive treatment including intravenous fluids. lumbar puncture revealed table 8 5. 1 laboratory results on admission parameter patient reference wbc 1 0 9 l 1 0. 2 5 4 - 1",
      "type": "text"
    },
    {
      "id": 21,
      "text": "9 l 1 0. 2 5 4 - 1 0 % neutrophils 8 6. 5 4 5 - 7 5 haemoglobin g dl 1 1. 8 1 2 - 1 7 platelets 1 0 9 l 0 - 4 0 0 creatinine mg dl 0. 8 6 0. 7 - 1. 5 blood urea nitrogen mg dl 7 7 - 2 0",
      "type": "text"
    },
    {
      "id": 22,
      "text": "urea nitrogen mg dl 7 7 - 2 0 na + mmol l 3 5 - 1 5 0 k + mmol l 3. 2 3. 5 - 5. 5 random blood glucose mmol l 1 5. 4 3. 9 - 7. 8 hba 1 c % 8. 5 4 - 7 lactate mmol l 1 1. 2 0. 5 -",
      "type": "text"
    },
    {
      "id": 23,
      "text": "mol l 1 1. 2 0. 5 - 2. chapter 8 5 a 5 5 - year - old female pig farmer from vietnam with fever and impaired consciousness # page 3 turbid cerebrospinal fluid with cells μl < 5, 9 2 % neutrophils, protein 5 4 1. 1 6 mg dl 1 5 - 4 5 and csf glu - cose 2",
      "type": "text"
    },
    {
      "id": 24,
      "text": "- 4 5 and csf glu - cose 2. 4 4 mmol l 2. 5 - 4. 4. blood glucose was 1 9 mmol l 3. 9 - 6. 1, csf serum glucose ratio 0. 1 2 normal 0. 6. gram stain showed a gram - positive coccus in short chains, and negative india ink, mycobacterial genexpert and",
      "type": "text"
    },
    {
      "id": 25,
      "text": "and negative india ink, mycobacterial genexpert and herpes simplex virus pcr. repeat malaria film and malaria rapid diagnostic tests were negative. five days later, both blood and csf cultures grew s. suis, sensitive to pen - icillin and ceftriaxone. the patient received 1 2 days of antibiotic therapy. dexa - methasone was administered for the",
      "type": "text"
    },
    {
      "id": 26,
      "text": "dexa - methasone was administered for the first 4 days of treatment. she responded to treatment but had residual bilateral hearing impairment. summary box streptococcus suis meningitis s. suis is the most frequently confirmed cause of acute bacterial meningitis in adults in vietnam. globally, it is an economically important zoonotic pathogen of pigs causing septicaemia",
      "type": "text"
    },
    {
      "id": 27,
      "text": "otic pathogen of pigs causing septicaemia, joint and genitourinary tract infections. human disease is almost exclusively caused by serotype 2. it is reported globally but seems particularly frequent in east and south - east asia. outbreaks of severe sepsis have been reported from china. the prevalence of disease in asia is probably driven by farming and food practices ; disease is more common",
      "type": "text"
    },
    {
      "id": 28,
      "text": "by farming and food practices ; disease is more common in those in contact with pigs and raw pork. infection is rare in children because culturally they are protected from contact with pigs. antibiotic resistance is rarely reported in human isolates. first - line treatment is ceftri - axone ; adjunctive treatment with steroids reduces the risk for deafness in adults, which occurs in up to 7",
      "type": "text"
    },
    {
      "id": 29,
      "text": "ness in adults, which occurs in up to 7 0 %. further reading 1. mai nt, hoa nt, nga tv, et al. streptococcus suis meningitis in adults in vietnam. clin infect dis ; 4 6 5 : 6 5 9 - 6 7. 2. nghia hd, tu le tp, wolbers m, et al. risk",
      "type": "text"
    },
    {
      "id": 30,
      "text": "tp, wolbers m, et al. risk factors of strepto - coccus suis infection in vietnam. a case - control study. plos one ; 6 3 : e 4. 3. yu h, jing h, chen z, et al. human streptococcus suis outbreak, sichuan. china emerg infect dis ; 1 2 6 : 9 1",
      "type": "text"
    },
    {
      "id": 31,
      "text": "infect dis ; 1 2 6 : 9 1 4 - 2 0. 4. nguyen th, tran th, thwaites g, et al. dexamethasone in viet - namese adolescents and adults with bacterial meningitis. n engl j med ; 3 5 7 2 4 : 4 0. 5. de gans j, van de beek d. european dex",
      "type": "text"
    },
    {
      "id": 32,
      "text": "ans j, van de beek d. european dexamethasone in adulthood bacterial meningitis study. dexamethasone in adults with bacterial meningitis. n engl j med ; 3 4 7 2 0 : 5 6. 2 3 9 chapter 8 5 a 5 5 - year - old female pig farmer from vietnam with fever and impaired consciousness",
      "type": "text"
    }
  ],
  "images": [
    {
      "path": "Processed/images/85---A-55-Year-Old-Female-Pig-Farmer-from-Vietnam-_2022_Clinical-Cases-in-Tr/85---A-55-Year-Old-Female-Pig-Farmer-from-Vietnam-_2022_Clinical-Cases-in-Tr_p1_img1.jpeg",
      "type": "image"
    },
    {
      "path": "Processed/images/85---A-55-Year-Old-Female-Pig-Farmer-from-Vietnam-_2022_Clinical-Cases-in-Tr/85---A-55-Year-Old-Female-Pig-Farmer-from-Vietnam-_2022_Clinical-Cases-in-Tr_p1_img2.jpeg",
      "type": "image"
    }
  ]
}