{
  "file": "86---A-14-Year-Old-Girl-in-the-Solomon-Islands-W_2022_Clinical-Cases-in-Trop.md",
  "n_chunks": 20,
  "text_embedding": "Processed_embeddings/embeddings/text/86---A-14-Year-Old-Girl-in-the-Solomon-Islands-W_2022_Clinical-Cases-in-Trop_text.npy",
  "image_embedding": "Processed_embeddings/embeddings/image/86---A-14-Year-Old-Girl-in-the-Solomon-Islands-W_2022_Clinical-Cases-in-Trop_images.npy",
  "chunks": [
    {
      "id": 0,
      "text": "# page 1 8 6 a 1 4 - year - old girl in the solomon islands with a non - healing leg ulcer michael marks and oriol mitià clinical presentation history a 1 4 - year - old girl was seen in the solomon islands. she reported a painless, non - healing large ulcer of her left leg that began 1 month earlier. clinical findings on examination there",
      "type": "text"
    },
    {
      "id": 1,
      "text": "began 1 month earlier. clinical findings on examination there was a large lesion approximately 3 cm diameter on the left lower leg covered by a layer of crust fig. 8 6. 1. lower down the leg a smaller, similar lesion was noted. there was no regional lymphadenopathy or evi - dence of any other skin or bone lesions. laboratory results a rapid plasma",
      "type": "text"
    },
    {
      "id": 2,
      "text": "or bone lesions. laboratory results a rapid plasma reagin rpr test was positive at a titre of 1 : 6 4 normal - negative. questions 1. what is the most likely diagnosis when the patient first presents and how should she be treated? 2. how would you manage her? how should she be followed up? discussion a 1 4 - year - old girl from",
      "type": "text"
    },
    {
      "id": 3,
      "text": "discussion a 1 4 - year - old girl from the solomon islands presenting with a chronic leg ulcer. answer to question 1 what is the most likely diagnosis when the patient first presents and how should she be treated? the patient has a clinical lesion suspicious for yaws, which is still a common problem in the west pacific. the satellite lesion on the leg is also very typical",
      "type": "text"
    },
    {
      "id": 4,
      "text": "satellite lesion on the leg is also very typical of early yaws lesions. the patient has a high - titre positive rpr test which is con - sistent with the diagnosis. a number of other bacteria, in par - ticular haemophilus ducreyi, can cause skin lesions that clinically appear similar to those of early yaws. other",
      "type": "text"
    },
    {
      "id": 5,
      "text": "appear similar to those of early yaws. other relevant differential diagnoses are pyoderma, tropical ulcer, cutaneous diphtheria, and aeromonas hydrophila infection. answer to question 2 how would you manage her? how should she be followed up? a single oral dose of azithromycin 3 0 mg kg single dose ; maximum dose 2 g or",
      "type": "text"
    },
    {
      "id": 6,
      "text": "mg kg single dose ; maximum dose 2 g or a single intramuscular im dose of benzathine benzylpenicillin < 1 0 years of age : 0. 6 million • fig. 8 6. 1 leg ulcer in a 1 4 - year - old girl from the solomon islands. 2 4 0 # page 2 units single dose ; 1 0 years of age :",
      "type": "text"
    },
    {
      "id": 7,
      "text": "units single dose ; 1 0 years of age : 1. 2 million units single dose is the treatment of choice. a four - fold fall in titre at 6 months indicates cure. the case continued … she was treated with a single im dose of benzathine benzyl - penicillin and the skin lesion resolved over the next 1 0 days. the patient was seen again",
      "type": "text"
    },
    {
      "id": 8,
      "text": "next 1 0 days. the patient was seen again at the hospital 1 2 months later with a similar ulcer on the right leg. the rpr test was repeated and was positive at a titre of 1 : 8. given a greater than four - fold fall in the rpr titre this was considered cure after the recent treatment. the other leg ulcer was therefore interpreted to",
      "type": "text"
    },
    {
      "id": 9,
      "text": ". the other leg ulcer was therefore interpreted to be of a different aetiology. summary box yaws yaws is a chronic infectious disease caused by treponema pallidum subspecies pertenue, which is spread by skin - to - skin contact in warm, humid environments. in the pacific region, yaws remains highly endemic in the solomon islands, papua new guinea and",
      "type": "text"
    },
    {
      "id": 10,
      "text": "endemic in the solomon islands, papua new guinea and vanuatu, as well as in indonesia and timor - leste. there is also evidence for a re - emergence of yaws in the philippines were the disease was considered eradicated since the s. the disease is also still endemic in parts of west and central africa. yaws is normally seen in young children ; it is associated with",
      "type": "text"
    },
    {
      "id": 11,
      "text": "normally seen in young children ; it is associated with overcrowding and poor hygiene. the disease consists of primary, secondary and tertiary phases. the primary lesion usually starts as a localized papule 2 to 1 0 weeks after inoculation. common sites are the lower legs and the face. the papule may develop into a large nodule 2 to 5 cm in diameter",
      "type": "text"
    },
    {
      "id": 12,
      "text": "large nodule 2 to 5 cm in diameter that ulcerates. secondary lesions appear from a few weeks to 2 years after the primary lesion and may include a variety of skin lesions. arthralgias and malaise are the most common additional symptoms and may be accompanied by early osteoperiostitis of the proximal phalanges of the fingers dacty",
      "type": "text"
    },
    {
      "id": 13,
      "text": "proximal phalanges of the fingers dactylitis or long bones forearm, tibia, or fibula. late - stage disease is characterized by destructive lesions of soft tissues and bones. diagnosis is pre - dominantly based on serology and relies on both treponemal tests such as the treponema pallidum particle agglutination assay,",
      "type": "text"
    },
    {
      "id": 14,
      "text": "pallidum particle agglutination assay, tppa and non - treponemal tests such as rpr test. benzathine benzylpenicillin and azithromycin are the treatments of choice, with the latter the preferred drug to use in mass treatment campaigns. a four - fold fall in the rpr titre over 6 months for example from 1 :",
      "type": "text"
    },
    {
      "id": 15,
      "text": "titre over 6 months for example from 1 : 6 4 to 1 : 1 6 is considered to indicate cure. similar lesions to those of early yaws may be caused by other bacteria, in particular h. ducreyi, but pcr is required to make this diagnosis. further reading 1. salazar jc, bennett nj. endemic treponematosis including yaws and other",
      "type": "text"
    },
    {
      "id": 16,
      "text": "treponematosis including yaws and other spirochaetes. in : farrar j, editor. manson ’ s tropical dis - eases. 2 3 rd ed. london : elsevier ; [ chapter 3 6 ]. 2. mitjà o, asiedu k. mabey d. yaws lancet ; 3 8 1 : 7 6 3 - 7",
      "type": "text"
    },
    {
      "id": 17,
      "text": "; 3 8 1 : 7 6 3 - 7 3. 3. mitjà o, houinei w, moses p, et al. mass treatment with single - dose azithromycin for yaws. n engl j med ; 3 7 2 : 7 0 3 - 1 0. 4. marks m, chi k - h, vahi v, et al",
      "type": "text"
    },
    {
      "id": 18,
      "text": "k - h, vahi v, et al. haemophilus ducreyi associated with skin ulcers among children, solomon islands. emerg infect dis ; 2 0 : 7. 5. mitjà o, godornes c, houinei w, et al. re - emergence of yaws after single mass azithromycin treatment followed by targeted",
      "type": "text"
    },
    {
      "id": 19,
      "text": "single mass azithromycin treatment followed by targeted treat - ment : a longitudinal study. lancet ; 3 9 1 : 6 0 7. 2 4 1 chapter 8 6 a 1 4 - year - old girl in the solomon islands with a non - healing leg ulcer",
      "type": "text"
    }
  ],
  "images": [
    {
      "path": "Processed/images/86---A-14-Year-Old-Girl-in-the-Solomon-Islands-W_2022_Clinical-Cases-in-Trop/86---A-14-Year-Old-Girl-in-the-Solomon-Islands-W_2022_Clinical-Cases-in-Trop_p1_img1.jpeg",
      "type": "image"
    }
  ]
}