{
  "file": "87---A-27-Year-Old-Male-Traveller-Returning-from-the_2022_Clinical-Cases-in-.md",
  "n_chunks": 40,
  "text_embedding": "Processed_embeddings/embeddings/text/87---A-27-Year-Old-Male-Traveller-Returning-from-the_2022_Clinical-Cases-in-_text.npy",
  "image_embedding": "Processed_embeddings/embeddings/image/87---A-27-Year-Old-Male-Traveller-Returning-from-the_2022_Clinical-Cases-in-_images.npy",
  "chunks": [
    {
      "id": 0,
      "text": "# page 1 8 7 a 2 7 - year - old male traveller returning from the peruvian amazon with persisting polyarthralgias andreas neumayr clinical presentation history a 2 7 - year - old male swiss tourist spent 3. 5 weeks travelling in the rainforests of the amazon basin in northern peru. dur - ing the second week of his stay he developed an acute fe",
      "type": "text"
    },
    {
      "id": 1,
      "text": "second week of his stay he developed an acute febrile illness with chills, malaise, frontal headache, generalized myalgia and a transient, non - pruritic maculopapular rash. the rash started on the forearms about 1 week after the onset of fever and spread to the trunk, neck and face before fading after 3 days. in addition, there were",
      "type": "text"
    },
    {
      "id": 2,
      "text": "fading after 3 days. in addition, there were slowly progressive debilitating polyarthralgias affecting the peripheral joints accompanied by transient joint swelling. he also noticed painful cervical and inguinal lymphadenopathy, which was self - limiting, lasting for about 1 week. the traveller presented at the local hospital, where physi - cians made a clinical diagnosis of",
      "type": "text"
    },
    {
      "id": 3,
      "text": "physi - cians made a clinical diagnosis of dengue fever, and he received symptomatic treatment with paracetamol. although the fever and the other symptoms subsided within 1 week, the polyarthralgias did not improve, showing a symmetrical pattern mainly affecting the small joints of the hands and feet as well as the wrists, ankles, and knees.",
      "type": "text"
    },
    {
      "id": 4,
      "text": "as the wrists, ankles, and knees. upon return home to switzerland a few weeks later, the patient consulted his general practitioner because of persist - ing, incapacitating polyarthralgias. the patient reported stiff - ness of the affected joints, mainly in the morning and after immobility. physical examination of the affected joints did not reveal any clinical signs of",
      "type": "text"
    },
    {
      "id": 5,
      "text": "the affected joints did not reveal any clinical signs of inflammation swelling, red - ness, effusion. laboratory tests were performed including serologicaltestingfordenguevirus, chikungunyavirus, parvo - virus b 1 9, epstein - barr virus, borrelia burgdorferi, chlamydia trachomatis, salmonella typhi,",
      "type": "text"
    },
    {
      "id": 6,
      "text": "dia trachomatis, salmonella typhi, and s. paratyphi but none revealed a cause for the symptoms. for two more months, the joint pains did not improve ; thus the patient was referred to a rheumatologist and subsequently to a tropical medicine clinic for evaluation of a putative travel - related cause of his polyarthralgias. clinical findings the physical",
      "type": "text"
    },
    {
      "id": 7,
      "text": "yarthralgias. clinical findings the physical examination was completely unremarkable. the affected joints did not reveal any clinical signs of inflam - mation no swelling, no redness, no effusion. laboratory results full blood count was normal. c - reactive protein was mildly elevated at 9 mg l < 5, liver function tests were normal. questions 1. what are your differential diagnoses",
      "type": "text"
    },
    {
      "id": 8,
      "text": ". questions 1. what are your differential diagnoses? 2. what diagnostic test would you perform? discussion a 2 7 - year - old male swiss tourist presents with persisting and incapacitating symmetrical polyarthralgias primarily affect - ing the small peripheral joints after returning from a trip to the amazon basin of northern peru. the patient reports an acute self - limiting",
      "type": "text"
    },
    {
      "id": 9,
      "text": "peru. the patient reports an acute self - limiting febrile illness accompanied by a rash before the onset of the polyarthralgias, which had clinically been diagnosed as dengue infection at a local hospital in peru. answer to question 1 what are your differential diagnoses? two main differential diagnoses should be considered in patients presenting with persisting or prolonged arthritis arthralgi",
      "type": "text"
    },
    {
      "id": 10,
      "text": "presenting with persisting or prolonged arthritis arthralgias and a history of a preceding infection : 2 4 2 # page 2 reactive arthritis reiter ’ s syndrome : reactive arthritis is a rheumatoid factor rf - seronegative, hla - b 2 7 - linked arthritis often preceded by an infection. the most common triggers are gastrointestinal infections caused by salmon",
      "type": "text"
    },
    {
      "id": 11,
      "text": "most common triggers are gastrointestinal infections caused by salmonella, shigella or campylobacter and sexu - ally transmitted infections chlamydia trachomatis. reactive arthritis may manifest as monoarthritis often affecting the knee or sacroiliac joint or as oligoarthritis usually of the lower extremities. the course may be additive i. e. more joints",
      "type": "text"
    },
    {
      "id": 12,
      "text": "course may be additive i. e. more joints becoming inflamed in addition to the primarily affected one or migratory new joints becoming inflamed after the initially inflamed joint has already improved. it usually develops within 2 to 4 weeks of the preceding infec - tion. reactive arthritis may also manifest with the classical triad of symptoms termed “ reiter ’ s syndrome �",
      "type": "text"
    },
    {
      "id": 13,
      "text": "med “ reiter ’ s syndrome ”: i inflam - matory arthritis of large joints, ii inflammation of the eyes manifesting as conjunctivitis or uveitis and iii urethritis in men or cervicitis in women. other musculoskeletal manifes - tations include enthesitis often involving the achilles ten - don and dactylit",
      "type": "text"
    },
    {
      "id": 14,
      "text": "involving the achilles ten - don and dactylitis. in some cases, mucocutaneous lesions circinate balanitis or psoriasis - like skin lesions keratoderma blennorrhagicum may be present. clinical manifestation may vary widely and patients may be oligosymptomatic. in the majority of cases the complaints are self - limiting and sub",
      "type": "text"
    },
    {
      "id": 15,
      "text": "of cases the complaints are self - limiting and subside under symptomatic treatment with non - steroidal drugs over weeks to months. viral arthritis : although self - limiting polyarthralgias are present during the acute phase of many viral infections, prolonged polyar - thritis polyarthralgias are characteristic for certain viral infec - tions. worldwide, par",
      "type": "text"
    },
    {
      "id": 16,
      "text": "certain viral infec - tions. worldwide, parvovirus b 1 9, hepatitis b and c, hiv, rubella and the alphaviruses are the most common infections to consider in the differential diagnosis. although rubella has become rare because of vaccination, the vector - borne, alphaviral infections are becoming increasingly rele - vant in endemic regions and in returning travellers see table 8",
      "type": "text"
    },
    {
      "id": 17,
      "text": "in endemic regions and in returning travellers see table 8 7. 1. unlike reactive arthritis, viral arthritis primarily presents as symmetrical polyarthritis of peripheral small joints. table 8 7. 1 characteristics of human pathogenic alphaviruses virus epidemiology and endemic regions occurrence and number of reported cases frequency of main symptoms % chikungunya tropical and subtropical regions of asia, africa and",
      "type": "text"
    },
    {
      "id": 18,
      "text": "tropical and subtropical regions of asia, africa and latin america large sporadic epidemics fever : 9 0 rash : 4 0 - 5 0 myalgia : 9 0 arthralgia arthritis : > 9 5 sindbis virus group eurasia, africa, australia, oceania ; primarily reported from west russia “ karelian fever ”, finland “ pogosta disease ”",
      "type": "text"
    },
    {
      "id": 19,
      "text": ", finland “ pogosta disease ”, and sweden “ ockelbo disease ” geographically most widely distributed alphavirus lack of data on human cases karelian fever : rare no data pogosta disease : 1 4 0 cases range 1 year ockelbo disease : 3 0 cases year fever : 1 5 - 4 0 rash : 9 0 myalgia : 5",
      "type": "text"
    },
    {
      "id": 20,
      "text": "4 0 rash : 9 0 myalgia : 5 0 arthralgia arthritis : 9 5 ross river australia, papua new guinea, west papua cases per year in australia ; in an epidemic with > 0 cases hit some pacific islands new caledonia, fiji, samoa, cook islands fever : 2 0 - 6 0 rash : 4 0 - 6 0 myalgia : 4 0 - 8 0",
      "type": "text"
    },
    {
      "id": 21,
      "text": "6 0 myalgia : 4 0 - 8 0 arthralgia arthritis : 8 0 - 1 0 0 barmah forest australia cases year fever : 5 0 rash : 4 0 - 6 0 myalgia : 5 0 - 8 0 arthralgia or arthritis : 7 0 - 9 5 o ’ nyong nyong east africa rare epidemics ; > 2 million cases in fever :",
      "type": "text"
    },
    {
      "id": 22,
      "text": "epidemics ; > 2 million cases in fever : 8 0 - 1 0 0 rash : 7 0 - 9 0 myalgia : 7 0 arthralgia arthritis : 6 0 - 1 0 0 mayaro south america, primarily the amazonian rainforest, caribbean sporadic single cases and small outbreaks involving 1 0 - 1 0 0 cases fever : 1 0 0 rash : 3 0 -",
      "type": "text"
    },
    {
      "id": 23,
      "text": "fever : 1 0 0 rash : 3 0 - 5 0 myalgia : 7 5 arthralgia arthritis : 5 0 - 9 0 adapted from suhrbier, a., jaffar - bandjee, m. c., gasque, p.,. arthritogenic alphaviruses - an overview. nat rev rheumatol, 8 7 : 4 2 0 - 9. 2 4",
      "type": "text"
    },
    {
      "id": 24,
      "text": "7 : 4 2 0 - 9. 2 4 3 chapter 8 7 a 2 7 - year - old male traveller returning from the peruvian amazon with persisting polyarthralgias # page 3 answer to question 2 what diagnostic test would you perform? the diagnostic principles for most alphaviruses are the same : during the first days of the acute infection, detection of viral rna in the",
      "type": "text"
    },
    {
      "id": 25,
      "text": "the acute infection, detection of viral rna in the blood by pcr may confirm the diagnosis. beyond the acute phase, the diagnosis is based upon serolog - ical detection of specific igm and igg antibodies against the respective virus. cross - reactivity within the same virus family is common. reference laboratories therefore usually perform parallel testing for potentially cross - reacting viruses see table 8 7.",
      "type": "text"
    },
    {
      "id": 26,
      "text": "potentially cross - reacting viruses see table 8 7. 2 and apply a two - step approach, using highly sen - sitive screening assays followed by highly specific confirma - tory assays. the case continued … given the patient ’ s travel history, the course of the illness and the clinical signs and symptoms experienced during the jour - ney, mayaro virus mayv infection was",
      "type": "text"
    },
    {
      "id": 27,
      "text": "- ney, mayaro virus mayv infection was strongly suspected. chikungunya was not yet endemic in the americas at the time this patient was seen. the serological results tab. 8 7. 2 confirmed the sus - pected diagnosis of mayaro infection. the patient received symptomatic treatment with ibuprofen, and the polyarthral - gias subsided",
      "type": "text"
    },
    {
      "id": 28,
      "text": "the polyarthral - gias subsided slowly over the following weeks and months before finally disappearing completely. summary box mayaro - fever mayaro - virus is an alphavirus. alphaviruses are arthropod - borne viruses arboviruses that circulate among a wide variety of wild animals in relative mosquito vector - specific and host - specific enzootic cycles ; infection of humans dead",
      "type": "text"
    },
    {
      "id": 29,
      "text": "specific enzootic cycles ; infection of humans dead - end hosts is exclusively incidental. the mayaro virus mayv circulates in an enzootic, sylvatic cycle similar to that for yellow fever involving forest - dwelling haemagogus species mosquitoes as vectors and non - human primates as natural hosts. infections in humans mostly occur sporadically, are strongly associated",
      "type": "text"
    },
    {
      "id": 30,
      "text": "humans mostly occur sporadically, are strongly associated with occupational or recreational exposure in rainforest environments and represent spillover from the enzootic cycle. mayv has so far been only reported from south america and the caribbean. mayaro infection presents as a dengue - like, febrile illness lasting 3 to 7 days. it typically manifests with chills, headache, retro - orbital and",
      "type": "text"
    },
    {
      "id": 31,
      "text": "sts with chills, headache, retro - orbital and epigastric pain, myalgia, arthralgia, nausea, vomiting, diarrhoea and a maculopapular rash sometimes followed by desquamation. haemorrhagic manifestations have been described but are rare. like other alphaviruses, mayaro may cause debilitating and long - lasting polyarthr",
      "type": "text"
    },
    {
      "id": 32,
      "text": "debilitating and long - lasting polyarthralgias, which are suspected to arise from the inflammatory immune response stimulated by the prolonged virus persistence in joint tissues. treatment is exclusively symptomatic with non - steroidal drugs. symptoms subside slowly over weeks to months. permanent damage of the affected joints is not reported. further reading 1. young pr, ng l",
      "type": "text"
    },
    {
      "id": 33,
      "text": ". further reading 1. young pr, ng lfp, hall ra, et al. arbovirus infections. in : farrar j, editor. manson ’ s tropical diseases. 2 3 rd ed. london : elsevier ; [ chapter 1 4 ]. 2. schmitt sk. reactive arthritis. infect dis clin north am ; 3 1 2 : 2 6 5",
      "type": "text"
    },
    {
      "id": 34,
      "text": "north am ; 3 1 2 : 2 6 5 - 7 7. 3. suhrbiera, jaffar - bandjeemc, gasquep. arthritogenicalphaviruses - an overview. nat rev rheumatol ; 8 7 : 4 2 0 - 9. 4. acosta - ampudia y, monsalve dm, rodríguez y,",
      "type": "text"
    },
    {
      "id": 35,
      "text": "salve dm, rodríguez y, et al. mayaro : an emerging viral threat? emerg microbes infect ; 7 1 : 1 6 3. 5. blohm g, elbadry ma, mavian c et al. mayaro as a caribbean trav - eler : evidence for multiple introductions and transmission of the virus into haiti. int j infect",
      "type": "text"
    },
    {
      "id": 36,
      "text": "of the virus into haiti. int j infect dis ; 8 7 : 1 5 1 - 3. table 8 7. 2 results of the serological testing for alphavirus infections performed in our case blood sample taken on 2 9 august blood sample taken on 1 2 september virus igm - ifa igg - ifa prnt igm - ifa igg - ifa prnt interpretation of",
      "type": "text"
    },
    {
      "id": 37,
      "text": "- ifa igg - ifa prnt interpretation of test result mayaro 1 6 0 positive sindbis < 0 < 2 0 < 0 < 2 0 negative chikungunya < 0 n. d. < 0 n. d. negative ross river < 0 n. d. < 0 n. d. negative barmah forest < n. d. < n. d. negative",
      "type": "text"
    },
    {
      "id": 38,
      "text": "n. d. < n. d. negative ifa : indirect immunofluorescence assay screening assay prnt : plaque reduction neutralization test confirmatory assay n. d.: not done screening assay negative [ and epidemiologically not supported ] 2 4 4 chapter 8 7 a 2 7 - year - old male traveller returning from the peruvian amazon with persisting pol",
      "type": "text"
    },
    {
      "id": 39,
      "text": "traveller returning from the peruvian amazon with persisting polyarthralgias",
      "type": "text"
    }
  ],
  "images": []
}