{
  "file": "88---A-74-Year-Old-Man-from-Japan-With-Fever--_2022_Clinical-Cases-in-Tropic.md",
  "n_chunks": 27,
  "text_embedding": "Processed_embeddings/embeddings/text/88---A-74-Year-Old-Man-from-Japan-With-Fever--_2022_Clinical-Cases-in-Tropic_text.npy",
  "image_embedding": "Processed_embeddings/embeddings/image/88---A-74-Year-Old-Man-from-Japan-With-Fever--_2022_Clinical-Cases-in-Tropic_images.npy",
  "chunks": [
    {
      "id": 0,
      "text": "# page 1 8 8 a 7 4 - year - old man from japan with fever, nausea and drowsiness kohsuke matsui, kensuke takahashi, koya ariyoshi and chris smith clinical presentation history 7 4 - year - old japanese man is brought to a hospital with a his - tory of fever, joint pain, headache, and nausea over the past 5",
      "type": "text"
    },
    {
      "id": 1,
      "text": ", headache, and nausea over the past 5 days. he has a history of cerebral infarction without neu - rological sequelae, hypertension and ulcerative colitis. he is taking antiplatelet, and antihypertensive medicine and sub - cutaneous injection of the tnf - alpha blocker adalimumab once every 2 weeks. he lives in a",
      "type": "text"
    },
    {
      "id": 2,
      "text": "mab once every 2 weeks. he lives in a suburb of a city in kyushu district, south - western japan and has opportunities to encounter wild ani - mals such as boars and deer. he is retired and does grape farming once in a while. he does not have any recent history of overseas travel. clinical findings on examination the patient looks unwell and drowsy. his",
      "type": "text"
    },
    {
      "id": 3,
      "text": "the patient looks unwell and drowsy. his body temperature is 3 7 ° c 9 8. 6 ° f, pulse rate 1 0 1 bpm, blood pressure 1 2 0 7 0 mmhg, spo 2 9 6 % with 7 l oxygen, and respiratory rate 3 2 breaths per minute. chest examina - tion is normal. the glasgow coma scale on arrival is 1",
      "type": "text"
    },
    {
      "id": 4,
      "text": "normal. the glasgow coma scale on arrival is 1 3 1 5 e 3 v 4 m 6. there is livedo reticularis bilaterally on his lower extremities but otherwise no rash is seen. his left inguinal lymph node is enlarged. laboratory results his laboratory results on admission are shown in table 8 8. 1. questions 1. what are your differential",
      "type": "text"
    },
    {
      "id": 5,
      "text": ". 1. questions 1. what are your differential diagnosis and diagnostic approach? 2. how would you manage this patient? discussion a 7 4 - year - old man living in south - western japan presents with fever, arthralgia, impaired consciousness and respiratory distress. laboratory results show elevated ast alt, ldh, ck and low platelets. answer to question 1 what are your differential",
      "type": "text"
    },
    {
      "id": 6,
      "text": "lets. answer to question 1 what are your differential diagnosis and diagnostic approach? acute fever with respiratory distress and impaired conscious - ness are signs of sepsis. pneumonia, meningitis or infective endocarditis need to be investigated as soon as possible. in addition, considering the patient ’ s lifestyle and habitat, tick - and mite - borne infectious diseases should be included in the differential",
      "type": "text"
    },
    {
      "id": 7,
      "text": "- borne infectious diseases should be included in the differential diagnosis. there are two rickettsial infec - tions and one viral infection that are transmitted by mites or ticks, respectively, in japan : japanese spotted fever caused by rickettsia japonica, scrub typhus caused by orientia tsut - sugamushi and severe fever with thrombocytopenia syndrome s",
      "type": "text"
    },
    {
      "id": 8,
      "text": "and severe fever with thrombocytopenia syndrome sfts. sfts should be suspected when a patient at risk of tick bite develops acute fever with thrombocytopenia or pancytopenia, abnormal liver function tests, and an elevated serum creatinine kinase. sfts and rickettsioses are sometimes difficult to table 8 8. 1 laboratory results on admission parameter",
      "type": "text"
    },
    {
      "id": 9,
      "text": "8 8. 1 laboratory results on admission parameter patient reference range wbc 1 0 9 l 5. 3 3. 3 - 8. 6 haemoglobin g dl 1 7. 7 1 3. 7 - 1 6. 8 platelets 1 0 9 l 8 - 3 4 8 ast u l 3 - 3 0 alt u l 4 2 ldh u l 1 2 4",
      "type": "text"
    },
    {
      "id": 10,
      "text": "l 4 2 ldh u l 1 2 4 - 2 2 2 ck u l 5 9 - 2 4 8 ck - mb u l 4 1 0 - 1 5 crp mg dl 0. 1 0. 0 0 - 0. 5 # page 2 differentiatefrom each other because both show similar clinical manifestations and laboratory results. in this case, however, a negative cr",
      "type": "text"
    },
    {
      "id": 11,
      "text": ". in this case, however, a negative crp is suggestive of sfts rather than rickettsiosis. diagnosis of sfts is confirmed by detecting sfts virus in blood serum by pcr. it is reported that real - time rt - pcr of serum is 9 8. 6 % sensitive and 9 9. 1 % specific. answer to question 2 how would you manage this",
      "type": "text"
    },
    {
      "id": 12,
      "text": ". answer to question 2 how would you manage this patient? symptomatic and supportive treatment such as adequate fluid administration and respiratory support play an essential role in management. vasopressors should be started if the patient develops hypotension. laboratory results have to be monitored closely because there are risks of worsening thrombocytopenia, disseminated intravascular coagulation, multi -",
      "type": "text"
    },
    {
      "id": 13,
      "text": "disseminated intravascular coagulation, multi - organ failure and haemophagocytic syndrome. antibi - otics should be administered until the pcr result is available and other infectious diseases have been ruled out. medical staff should be aware that there is a chance of human - to - human transmission through blood or body fluids. contact precaution is needed until the sfts",
      "type": "text"
    },
    {
      "id": 14,
      "text": ". contact precaution is needed until the sfts viral load becomes undetectable. the case continued … the patient was intubated and admitted to the intensive care unit immediately. meropenem and vancomycin were initi - ated for possible bacterial sepsis. his blood sample was sent to the reference laboratory, and sfts virus pcr came back positive. antibiotics were subsequently",
      "type": "text"
    },
    {
      "id": 15,
      "text": "virus pcr came back positive. antibiotics were subsequently discontinued because no bacterial infection was identified. despite adequate fluid administration and other support - ive therapies, the patient experienced worsening of his respi - ratory condition and protracted hypotension for a week. noradrenaline was initiated, and then hydrocortisone 2 0 0 mg day was added for non - responsive septic",
      "type": "text"
    },
    {
      "id": 16,
      "text": "0 mg day was added for non - responsive septic shock before he started showing gradual improvement. his platelet count decreased to 9 l on day 4 of admission but subse - quently recovered to the normal level. his ck was highest on admission and decreased to the normal level on day 7. he was extubated on day 1 2 and discharged on day 3 5 without any",
      "type": "text"
    },
    {
      "id": 17,
      "text": "2 and discharged on day 3 5 without any sequelae. summary box severe fever with thrombocytopenia syndrome sfts sfts is an emerging infectious disease caused by infection with the sfts virus and transmitted by tick bites. the first case was reported in china in ; and since then, cases have been reported in both japan and korea. as of, 4 9 1",
      "type": "text"
    },
    {
      "id": 18,
      "text": "japan and korea. as of, 4 9 1 cases had been reported in japan from when the first case was reported in. the sfts virus belongs to the family bunyaviridae, which also includes the crimean congo haemorrhagic fever virus and hantavirus. its incubation period is 6 to 1 4 days. despite being a tick - borne disease, it is",
      "type": "text"
    },
    {
      "id": 19,
      "text": "despite being a tick - borne disease, it is reported that an eschar is rarely seen. clinical manifestations of sfts include fever, nausea, diarrhoea, arthralgia, myalgia and neurological symptoms. laboratory results typically show leukopenia, thrombocytopenia and ele - vated serum ast, alt, ldh and ck levels. patients sometimes develop",
      "type": "text"
    },
    {
      "id": 20,
      "text": ", ldh and ck levels. patients sometimes develop multi - organ failure and hemophagocytic syndrome, which results in a high case - fatality rate. supportive treatment is the main treatment strategy. there is no effective antiviral agent against sfts. patients require close monitoring of their respiratory condition and blood pressure. adequate fluid administration, close monitoring and management of thrombocytopenia",
      "type": "text"
    },
    {
      "id": 21,
      "text": ", close monitoring and management of thrombocytopenia, haemophagocytic syndrome and secondary bacterial infection are important. the case - fatality rate has been reported to range from 6. 3 % to 3 0 % in china and be 2 3. 2 % in japan. older age, impaired consciousness and high serum ldh and ck levels are associated with high lethality.",
      "type": "text"
    },
    {
      "id": 22,
      "text": "and ck levels are associated with high lethality. further reading 1. sun y, liang m, qu j, et al. early diagnosis of novel sfts bunya - virus infection by quantitative real - time rt - pcr assay. j clin virol ; 5 3 : 4 8 - 5 3. 2. kim wy, choi w, park sw, et al",
      "type": "text"
    },
    {
      "id": 23,
      "text": "wy, choi w, park sw, et al. nosocomial transmission of severe fever with thrombocytopenia syndrome in korea. clin infect dis ; 6 0 : 3. 3. kida k, matsuoka y, shimoda t, et al. a case report of cat - to - human transmission of severe fever with thrombocytopenia syn - drome",
      "type": "text"
    },
    {
      "id": 24,
      "text": "severe fever with thrombocytopenia syn - drome. jpn j infect dis ; 7 2 : 3 5 6 - 8. https : doi. org 1 0. yoken. jjid.. 5 2 6. 4. yasukawa m. diagnosis and treatment of sfts in japanese. jpn j chemother ; 6 5 : 5 5 8 - 6 3. 5.",
      "type": "text"
    },
    {
      "id": 25,
      "text": ": 5 5 8 - 6 3. 5. liu q, he b, huang sy, et al. severe fever with thrombocytopenia syndrome, an emerging tick - borne zoonosis. lancet infect dis ; 1 4 : 7 6 3 - 7 2. 2 4 6 chapter 8 8 a 7 4 - year - old man from japan with fever, nausea",
      "type": "text"
    },
    {
      "id": 26,
      "text": "- old man from japan with fever, nausea and drowsiness",
      "type": "text"
    }
  ],
  "images": []
}