{
  "file": "89---A-30-Year-Old-Woman-from-Bolivia-With-Ex_2022_Clinical-Cases-in-Tropica.md",
  "n_chunks": 28,
  "text_embedding": "Processed_embeddings/embeddings/text/89---A-30-Year-Old-Woman-from-Bolivia-With-Ex_2022_Clinical-Cases-in-Tropica_text.npy",
  "image_embedding": "Processed_embeddings/embeddings/image/89---A-30-Year-Old-Woman-from-Bolivia-With-Ex_2022_Clinical-Cases-in-Tropica_images.npy",
  "chunks": [
    {
      "id": 0,
      "text": "# page 1 8 9 a 3 0 - year - old woman from bolivia with exertional dyspnoea israel molina clinical presentation history a 3 0 - year - old woman presents to the outpatient clinic of a hospital in spain. she was born in santa cruz bolivia and arrived in europe 4 months prior. she has been living in an urban environment for the past 2 0 years but grew",
      "type": "text"
    },
    {
      "id": 1,
      "text": "urban environment for the past 2 0 years but grew up in a rural area during her childhood. she reports a 2 - year history of progressive dyspnoea at moderate exertion new york heart association grade ii along with self - limiting palpitations. she has no other rele - vant medical history and does not take any medication. she expresses the wish to become pregnant.",
      "type": "text"
    },
    {
      "id": 2,
      "text": "medication. she expresses the wish to become pregnant. clinical findings on examination, the blood pressure is 1 1 0 6 5 mmhg. the pulse is regular at 4 0 bpm. spo 2 is 9 9 % on ambient air. on auscultation, cardiac sounds are clear and there are no mur - murs. the chest is clear. there is no peripheral oedema and the ju",
      "type": "text"
    },
    {
      "id": 3,
      "text": ". there is no peripheral oedema and the jugular venous pressure is not raised. laboratory results full blood count and basic blood chemistry tests are normal. her ecg is shown in figure 8 9. 1. her chest radiograph is shown in figure 8 9. 1 b. questions 1. in a recent migrant from bolivia, which different pathol - ogies should be screened for",
      "type": "text"
    },
    {
      "id": 4,
      "text": "different pathol - ogies should be screened for? 2. if a patient was diagnosed with chagas disease, how would you proceed to assess organ involvement? which are the indications for treatment of chagas disease? discussion a bolivian woman of childbearing age presents to an outpa - tient clinic for the first time. she complains of progressive dyspnoea and pal",
      "type": "text"
    },
    {
      "id": 5,
      "text": "she complains of progressive dyspnoea and palpitations. she has no clinical signs of heart failure. however, cxr shows moderate cardiomegaly and there is sinus bradycardia with right bundle branch block on her ecg. answer to question 1 in a recent migrant from bolivia, which different pathologies should be screened for? following the guidelines of the european centre for disease",
      "type": "text"
    },
    {
      "id": 6,
      "text": "? following the guidelines of the european centre for disease prevention and control ecdc, newly arrived migrants from highly endemic countries should be offered a screening panel including screening for active and latent tuberculosis, hiv, hepatitis b, hepatitis c and strongyloidiasis. in migrants from latin america, especially from bolivia, this screening panel should include chagas disease, because prev - alence",
      "type": "text"
    },
    {
      "id": 7,
      "text": "chagas disease, because prev - alence rates are high and chagas may be asymptomatic. if a chronic phase of chagas disease is suspected, screen - ing is usually performed with serological testing through detection of igg antibodies against trypanosoma cruzi using two different serological testing methods. answer to question 2 if a patient was diagnosed with chag",
      "type": "text"
    },
    {
      "id": 8,
      "text": "to question 2 if a patient was diagnosed with chagas disease, how would you proceed to assess organ involvement? which are the indications for treatment of chagas disease? the heart is the most frequently affected organ. alterations most commonly seen include conduction disorders such as bundle branch blocks and sinus node dysfunction fig. 8 9. 1. myocardial involvement can progress to dilated",
      "type": "text"
    },
    {
      "id": 9,
      "text": ". myocardial involvement can progress to dilated cardiomyopathy fig. 8 9. 1 b. gastrointestinal involvement is less common and manifestations comprise motility disor - ders or megaviscera. as a general approach it is therefore reasonable to start with an ecg, chest x - ray and barium enema. in addition, referral to a cardiologist",
      "type": "text"
    },
    {
      "id": 10,
      "text": "ema. in addition, referral to a cardiologist for echocardiography and 2 4 - hour holter ecg would be recommended. there are two trypanocidal treatments : benznidazole and nifurtimox. treatment is always recommended for acute and congenital chagas disease as well as for patients younger than 2 4 7 # page 2 1 8 years in the chronic phase",
      "type": "text"
    },
    {
      "id": 11,
      "text": "# page 2 1 8 years in the chronic phase. in older patients with chronic disease, treatment is controversial. trypanocidal treatment is usually offered to patients in the indeterminate phase with mild - to - moderate organ involvement. in order to avoid ver - tical transmission, guidelines usually recommend treatment of women of childbearing age. the case continued … both serological tests for chag",
      "type": "text"
    },
    {
      "id": 12,
      "text": "the case continued … both serological tests for chagas disease came back positive. the patient was classified as having chagasic cardiomyopa - thy ; and as she intended to become pregnant, antitrypanoso - mal therapy was offered. she started treatment with benznidazole 5 mg kg per day for 6 0 days at the outpatient clinic. fifteen days into treatment,",
      "type": "text"
    },
    {
      "id": 13,
      "text": "at the outpatient clinic. fifteen days into treatment, she presented with a pruritic maculopapular rash fig. 8 9. 2 and mild eosinophilia. benz - nidazole treatment was discontinued and the patient received corticosteroids and antihistamines for 5 days which lead to complete resolution of the skin rash. re - introduction of benzni",
      "type": "text"
    },
    {
      "id": 14,
      "text": "the skin rash. re - introduction of benznidazole was tolerated well and she was able to complete the entire 6 0 - day course without any additional problems. complete cardiological evaluation revealed sinus dysfunc - tion without symptomatic bradycardia or syncope. echocar - diography showed a hypertrophic left ventricle without obstruction. follow - up was",
      "type": "text"
    },
    {
      "id": 15,
      "text": "ventricle without obstruction. follow - up was ensured, and 5 years after, car - diac function was stable and she gave birth to a healthy child. • fig. 8 9. 1 a : ecg showing sinus bradycardia with right bundle branch block b : cxr showing a moderately enlarged cardiac silhouette. • fig. 8 9. 2 maculopo",
      "type": "text"
    },
    {
      "id": 16,
      "text": "• fig. 8 9. 2 maculopoapular rash with pruritus after 1 5 days on benznidazole. 2 4 8 chapter 8 9 a 3 0 - year - old woman from bolivia with exertional dyspnoea # page 3 summary box chagas disease chagas disease is an anthropozoonosis caused by the proto - zoan t. cru",
      "type": "text"
    },
    {
      "id": 17,
      "text": "caused by the proto - zoan t. cruzi. it is a neglected tropical disease endemic in 2 1 latin american countries with prevalence rates as high as 6. 1 % in bolivia. in endemic areas, it is mainly transmitted by triatomine bugs. however, in non - endemic countries mother - to - child transmission, blood transfusions or transplants play a major role",
      "type": "text"
    },
    {
      "id": 18,
      "text": "transfusions or transplants play a major role. rarely, chagas can be orally acquired by ingestion of food items and drinks contaminated with bug faeces. diagnosis in the acute phase is usually made by direct microscopic visualization of trypomastigotes on blood films. in the chronic phase when parasitaemia is low and intermittent, diagnosis relies on ser",
      "type": "text"
    },
    {
      "id": 19,
      "text": "is low and intermittent, diagnosis relies on serological testing through detection of igg antibodies against t. cruzi using two different tests. pcr is also used with varying sensitivities. chagas disease has two different clinical phases. the acute phase is usually asymptomatic but can present as inflammation at the inoculation point and fever. it is followed by a chronic",
      "type": "text"
    },
    {
      "id": 20,
      "text": "point and fever. it is followed by a chronic phase that is usually asymptomatic indifferent phase. about 3 0 % to 4 0 % of patients with chronic chagas disease will go on to develop organ involvement 1 0 to 2 0 years after initial infection. the heart is the most frequent organ involvement, predominantly affecting conduction system and myocardium. alterations",
      "type": "text"
    },
    {
      "id": 21,
      "text": "conduction system and myocardium. alterations most frequently seen include bundle branch blocks and segmental ventricular wall motion abnormalities that can progress to sinus node dysfunction, ventricular arrhythmias and dilated cardio - myopathy. gastrointestinal involvement is less common and manifestations comprise of motility disorders or megaviscera megaoesophagus and",
      "type": "text"
    },
    {
      "id": 22,
      "text": "megaviscera megaoesophagus and megacolon. there are two approved drugs for chagas disease : benzni - dazole and nifurtimox. although benznidazole is the preferred drug for chagas disease, about 5 0 % of patients receiving this treatment will present with adverse events. hypersensitivity reactions with skin involvement are the most frequently observed side effects",
      "type": "text"
    },
    {
      "id": 23,
      "text": "with skin involvement are the most frequently observed side effects followed by gastrointestinal disturbances, bone marrow depression and peripheral neuropathy. mild - to - moderate reactions can be solved with symptomatic treatment with or without temporal withdrawal of trypanocidal treatment. however, in about 1 0 % of cases treatment discontinuation is definite. prevention relies on vector control, improving living condi -",
      "type": "text"
    },
    {
      "id": 24,
      "text": "relies on vector control, improving living condi - tions in endemic countries, screening of blood and organs for donation and screening of women of childbearing age to avoid mother - to - child transmission. further reading 1. franco - parades c. american trypanosomiasis : chagas disease. in : farrar j, editor. manson ’ s tropical diseases. 2 3",
      "type": "text"
    },
    {
      "id": 25,
      "text": ". manson ’ s tropical diseases. 2 3 rd ed london : elsevier ; [ chapter 4 6 ]. 2. european centre for disease prevention and control. public health guidance on screening and vaccination for infectious diseases in newly arrived migrants within the eu eea. stockholm : ecdc ;. 3. p erez - molina ja, molina i. chagas disease. lancet ;",
      "type": "text"
    },
    {
      "id": 26,
      "text": "molina i. chagas disease. lancet ; 3 9 1 5 : 8 2 - 9 4. 4. norman ff, lópez - v elez r. chagas disease : comments on the paho guidelines for diagnosis and management. j trav med ; 2 6 7 : 1 - 7. 5. lattes r, lasala mb. chagas disease in the",
      "type": "text"
    },
    {
      "id": 27,
      "text": ", lasala mb. chagas disease in the immunosuppressed patient. clin microbiol infect ; 2 0 : 2 0 0 - 9. 2 4 9 chapter 8 9 a 3 0 - year - old woman from bolivia with exertional dyspnoea",
      "type": "text"
    }
  ],
  "images": [
    {
      "path": "Processed/images/89---A-30-Year-Old-Woman-from-Bolivia-With-Ex_2022_Clinical-Cases-in-Tropica/89---A-30-Year-Old-Woman-from-Bolivia-With-Ex_2022_Clinical-Cases-in-Tropica_p2_img1.jpeg",
      "type": "image"
    },
    {
      "path": "Processed/images/89---A-30-Year-Old-Woman-from-Bolivia-With-Ex_2022_Clinical-Cases-in-Tropica/89---A-30-Year-Old-Woman-from-Bolivia-With-Ex_2022_Clinical-Cases-in-Tropica_p2_img2.jpeg",
      "type": "image"
    }
  ]
}