{
  "file": "9---A-52-Year-Old-Man-from-Vietnam-With-Evo_2022_Clinical-Cases-in-Tropical-.md",
  "n_chunks": 28,
  "text_embedding": "Processed_embeddings/embeddings/text/9---A-52-Year-Old-Man-from-Vietnam-With-Evo_2022_Clinical-Cases-in-Tropical-_text.npy",
  "image_embedding": "Processed_embeddings/embeddings/image/9---A-52-Year-Old-Man-from-Vietnam-With-Evo_2022_Clinical-Cases-in-Tropical-_images.npy",
  "chunks": [
    {
      "id": 0,
      "text": "# page 1 9 a 5 2 - year - old man from vietnam with evolving shock nick jones and sophie yacoub clinical presentation history a 5 2 - year - old man is brought to an urban hospital in ho chi minh city, vietnam because of abdominal pain and vomit - ing. he describes 4 days of retro - orbital headache, lethargy, myalgia and fevers that",
      "type": "text"
    },
    {
      "id": 1,
      "text": "lethargy, myalgia and fevers that had begun to improve over the last 2 4 hours. he has a history of type 2 diabetes mellitus and poorly controlled hypertension. his last travel outside the city was several years ago. examination findings the patient is drowsy, but rousable. his glasgow coma score gcs is 1 4 1 5, temperature 3 6. 5 °",
      "type": "text"
    },
    {
      "id": 2,
      "text": "4 1 5, temperature 3 6. 5 ° c, blood pressure 1 0 5 9 0 mmhg, heart rate 1 2 0 bpm, respiratory rate 2 8 breaths per minute and peripheral oxygen saturation 9 3 % on air. he has a weak radial pulse, but normal heart sounds. respiratory examination reveals a dull percussion note and reduced breath sounds at both lung bases. he",
      "type": "text"
    },
    {
      "id": 3,
      "text": "and reduced breath sounds at both lung bases. he has mild abdominal distension, with shifting dullness and a tender 3 cm liver edge. skin examination is unremarkable. laboratory results see table 9. 1. questions 1. what are the main differential diagnoses to consider? 2. what are the priorities for management? discussion the short duration of symptoms before presentation is sug",
      "type": "text"
    },
    {
      "id": 4,
      "text": "the short duration of symptoms before presentation is sug - gestive of an acute infective process, and the relatively low crp and absence of neutrophil leucocytosis make a viral aetiology likely. clinical signs of shock are present : tachycar - dia, narrow pulse pressure < 2 0 mmhg, reduced gcs and raised serum lactate. the degree",
      "type": "text"
    },
    {
      "id": 5,
      "text": "gcs and raised serum lactate. the degree of thrombocytopenia and presence of hepatic impairment are important markers of dis - ease severity, and his raised haematocrit level is suggestive of haemoconcentration. what are the main differential diagnoses to consider? having presented in a high - endemicity area, the clinical pic - ture is typical of dengue",
      "type": "text"
    },
    {
      "id": 6,
      "text": ", the clinical pic - ture is typical of dengue infection with apparent progression to severe disease with vascular leak and compensated shock. even without an eschar, rickettsial infections, such as scrub typhus, are the most important differential diagnoses. malaria should also be considered, but there is no evidence of haemolysis to support this, and risk of malaria is",
      "type": "text"
    },
    {
      "id": 7,
      "text": "ysis to support this, and risk of malaria is very low in most urban areas of vietnam. many aspects of the presen - tation could be compatible with leptospirosis, but the absence of suspected rodent exposure makes this less likely. table 9. 1 laboratory results on admission parameter patient reference range haemoglobin g dl 1 4. 6 1 2. 5 -",
      "type": "text"
    },
    {
      "id": 8,
      "text": "dl 1 4. 6 1 2. 5 - 1 7. 2 haematocrit % 5 3. 9 4 0 - 5 2 platelets 1 0 9 l 0 - 3 7 0 wcc 1 0 9 l 2. 1 3. 6 - 1 0. 5 neutrophils 1 0 9 l 0. 9 1. 5 - 7. 7 lymphocytes 1",
      "type": "text"
    },
    {
      "id": 9,
      "text": "5 - 7. 7 lymphocytes 1 0 9 l 0. 8 1. 1 - 4. 0 c - reactive protein mg l 2 0 < 4 urea mmol l 7. 8 2. 5 - 7. 8 creatinine μmol l 2 - 1 1 5 alanine aminotransferase u l 4 0 alkaline phosphatase u l 0",
      "type": "text"
    },
    {
      "id": 10,
      "text": "l 4 0 alkaline phosphatase u l 0 - 1 3 0 total bilirubin μmol l 1 8 0 - 2 0 lactate mmol l 3. 5 0. 6 - 1. 4 2 2 # page 2 another differential diagnosis to consider in a diabetic from south east asia with possible sepsis is melioidosis. what are the priorities for management?",
      "type": "text"
    },
    {
      "id": 11,
      "text": "idosis. what are the priorities for management? with a diagnosis of severe dengue highly likely, supportive management of the patient ’ s cardiovascular and respiratory systems should be prioritized. this involves careful fluid resuscitation, with thorough and frequent assessment for evi - dence of fluid overload. ultrasound scans should be under - taken to ascertain the extent of pleural effusions and ascites",
      "type": "text"
    },
    {
      "id": 12,
      "text": "extent of pleural effusions and ascites ; and if available, an echocardiogram could be considered to assess myocardial contractility and intravascular volume. the case continued … the patient is diagnosed with compensated shock and is admitted to a high - dependency unit for close observation and supportive care. ultrasound scans confirm the presence of moderate bilateral pleural effusions and",
      "type": "text"
    },
    {
      "id": 13,
      "text": "presence of moderate bilateral pleural effusions and ascites, as well as mild hepatomegaly and a thickened gallbladder wall. he is infused with ringer ’ s lactate solution at a volume of 1 0 ml kg over 1 hour before his fluid status is reassessed. he remains tachycardic and oliguric with a haematocrit rise to",
      "type": "text"
    },
    {
      "id": 14,
      "text": "guric with a haematocrit rise to 5 5. 1 %, therefore the rate of fluid therapy is increased to 1 5 ml kg hr until sufficient haemodynamic improvement is shown. the rate of fluid delivery is subsequently reduced to 7 ml kg hr for 2 hours and by a further 2 ml kg hr every 2 hours until no longer required. repeat clinical assessments are undertaken",
      "type": "text"
    },
    {
      "id": 15,
      "text": "no longer required. repeat clinical assessments are undertaken at two - hourly intervals throughout, with hae - matocrit checks every 6 hours. the patient is discharged from hospital 3 days later, after complete recovery. reverse transcriptase pcr rt - pcr and a positive ns 1 elisa confirm dengue diagnosis. summary box dengue dengue is the commonest arthropod - borne virus to infe",
      "type": "text"
    },
    {
      "id": 16,
      "text": "the commonest arthropod - borne virus to infect humans, with an estimated annual incidence of 3 9 0 million infections worldwide. the virus is a member of the flavivirus family and has four closely related, but antigenically distinct serotypes. transmission to humans is through aedes mosqui - toes ; predominantly the daytime - biting aedes aegypti. a",
      "type": "text"
    },
    {
      "id": 17,
      "text": "daytime - biting aedes aegypti. aedes albopictus is a secondary vector in asia, and its ability to survive temperate climates has allowed spread to many countries in europe and north america. although most clinically apparent infections result in a self - limiting febrile illness, a minority progress to severe disease with organ impairment, bleeding, capillary leakage and distribu",
      "type": "text"
    },
    {
      "id": 18,
      "text": "impairment, bleeding, capillary leakage and distributive shock. severe disease usually progresses through three phases : a febrile phase of 2 to 7 days ’ duration, characterized by high fever, headache, myalgia, thrombocytopenia and leukopenia ; a critical phase with high risk of capillary leak, shock and occasionally bleeding at the point of de",
      "type": "text"
    },
    {
      "id": 19,
      "text": ", shock and occasionally bleeding at the point of defervescence ; and a recovery phase, in which clinical improvement is accompanied by extravascular fluid resorption and organ recovery. dengue diagnosis is confirmed in the first 4 to 6 days of illness by detection of the ns 1 antigen by rdts or elisa or detection of viral rna using rt - pcr, after which the sensitivity of",
      "type": "text"
    },
    {
      "id": 20,
      "text": "using rt - pcr, after which the sensitivity of these methods declines because of the short viraemia in peripheral blood. paired serology tests for igm igg can also be performed, at least 3 days apart demonstrating seroconversion ; however, cross - reaction with other flaviviruses remains a problem, espe - cially in zika endemic areas. warning signs for severe disease include",
      "type": "text"
    },
    {
      "id": 21,
      "text": "zika endemic areas. warning signs for severe disease include abdominal pain or tenderness, persistent vomiting, fluid accumulation, mucosal bleeding, lethargy or restlessness, hepatomegaly, and increas - ing haematocrit with concurrent worsening of thrombocytope - nia, six of which were present in this case. with no antiviral treatment available,",
      "type": "text"
    },
    {
      "id": 22,
      "text": "this case. with no antiviral treatment available, cautious intravascular volume replacement and supportive treatment are the mainstays of management, accompanied by careful monitoring for signs of fluid overload. in many countries the epidemiology of dengue is changing in line with aging populations. older patients often present with atypical features and have higher risk of complications and death as a result of difficulties in controlling haemodynamic",
      "type": "text"
    },
    {
      "id": 23,
      "text": "as a result of difficulties in controlling haemodynamic status in the context of high - level comorbidity. uncontrolled hypertension and diabetes, as in this case, have been shown to be risk factors for poor outcomes. promising attempts at vaccine deployment have been thwarted by the fact that re - infection of immune - primed individuals is associated with greater risk of severe dis - ease",
      "type": "text"
    },
    {
      "id": 24,
      "text": "is associated with greater risk of severe dis - ease ; therefore the searches for effective therapeutics and a pan - specific dengue vaccine continue. further reading 1. yacoub s, farra j. dengue. in : farrar j, editor. manson ’ s tropical diseases. 2 3 rd ed. london : elsevier ; [ chapter 1 5 ]. 2. bhatt s, ge",
      "type": "text"
    },
    {
      "id": 25,
      "text": "chapter 1 5 ]. 2. bhatt s, gething p, brady o, et al. the global distribution and bur - den of dengue. nature ; 4 9 6 : 5 0 4 - 7. 3. world health organisation. dengue and severe dengue fact sheet. who. int. april. 4. lin r, lee t, leo y. dengue in the elderly : a",
      "type": "text"
    },
    {
      "id": 26,
      "text": ", leo y. dengue in the elderly : a review. expert rev anti infect ther ; 1 5 8 7 2 9 - 5. 5. diamond ms, pierson tc. molecular insight into dengue virus pathogenesis and its implications for disease control. cell ; 1 6 2 3 : 4 8 8 - 2. 2 3 chapter 9 a 5 2 - year - old man from",
      "type": "text"
    },
    {
      "id": 27,
      "text": "9 a 5 2 - year - old man from vietnam with evolving shock",
      "type": "text"
    }
  ],
  "images": []
}