{
  "file": "90---A-55-Year-Old-Couple-Both-Returning-from-Chile-a_2022_Clinical-Cases-in.md",
  "n_chunks": 36,
  "text_embedding": "Processed_embeddings/embeddings/text/90---A-55-Year-Old-Couple-Both-Returning-from-Chile-a_2022_Clinical-Cases-in_text.npy",
  "image_embedding": "Processed_embeddings/embeddings/image/90---A-55-Year-Old-Couple-Both-Returning-from-Chile-a_2022_Clinical-Cases-in_images.npy",
  "chunks": [
    {
      "id": 0,
      "text": "# page 1 9 0 a 5 5 - year - old couple both returning from chile and argentina with acute respiratory distress syndrome cornelia staehelin clinical presentation history a 5 5 - year - old swiss couple, both fitness instructors, travelled for 3 months from ecuador to chile. the last month of their trip they spent hiking, camping and taking occasional mud baths in the chile - argent",
      "type": "text"
    },
    {
      "id": 1,
      "text": "and taking occasional mud baths in the chile - argentinian border region. on their flight back to switzerland, the husband developed a fever 3 9 ° c, 1 0 2. 2 ° f, myalgias and generalized weakness that did not respond to symptomatic treatment. at presentation at the hospital in switzerland 4 days later, he continued to be febrile and felt too",
      "type": "text"
    },
    {
      "id": 2,
      "text": "he continued to be febrile and felt too weak to walk to the toilet unassisted or even hold up a newspaper. he developed shortness of breath with oxygen desaturation and bilateral interstitial infiltrates were seen on chest x - ray fig. 9 0. 1. the respiratory pathogen panel from a nasopharyngeal swab including influenza a b",
      "type": "text"
    },
    {
      "id": 3,
      "text": "haryngeal swab including influenza a b, parainfluenza, rsv, adeno - virus, rhinovirus, bocavirus, coronavirus and human metap - neumovirus as well as an hiv test came back negative. the following day he was transferred to the intensive care unit for non - invasive ventilator support. three weeks later, his wife",
      "type": "text"
    },
    {
      "id": 4,
      "text": "ventilator support. three weeks later, his wife presented with similar com - plaints and was admitted to the same hospital. she deteriorated rapidly over the 2 4 hours after admission, developed cardiore - spiratory failure and fulfilled fast - entry criteria for extracorpo - real membrane oxygenation ecmo. furthermore, she experienced multi - organ failure requiring hemodial",
      "type": "text"
    },
    {
      "id": 5,
      "text": "she experienced multi - organ failure requiring hemodialysis, and she developed profuse bleeding from puncture sites in the con - text of disseminated intravascular coagulation. during the fol - lowing days, she required mass transfusions of blood products. clinical findings husband : bp 9 0 / 5 5 mmhg, pulse 1 2 0 beats per minute, oxygen saturation",
      "type": "text"
    },
    {
      "id": 6,
      "text": "1 2 0 beats per minute, oxygen saturation 9 4 % on ambient air, and temperature 3 9 ° c 1 0 2. 2 ° f. no abnormal findings on cardiopulmonary auscultation. wife on admission 3 weeks after her husband ’ s admis - sion : normal blood pressure, heart rate and oxygen satura - tion, temperature 3 8. 6",
      "type": "text"
    },
    {
      "id": 7,
      "text": "satura - tion, temperature 3 8. 6 ° c 1 0 1. 5 ° f. no abnormal findings on auscultation. laboratory results husband, on admission : wcc 7. 3 g l reference : 3. 0 - 1 0. 5, 3 5 % band neutrophils ; platelets 4 8 g l refer - ence : 1 5 0 - 4 5 0",
      "type": "text"
    },
    {
      "id": 8,
      "text": "- ence : 1 5 0 - 4 5 0 ; crp 6 8 mg l reference : < 5 ; glomerular • fig. 9 0. 1 chest x - ray findings of the female patient on day 1, day 5 and day 6 of admission. 2 5 0 # page 2 filtration rate > 9 0 ml min reference : > 9 0 ml min ; trans - aminases",
      "type": "text"
    },
    {
      "id": 9,
      "text": "> 9 0 ml min ; trans - aminases normal. wife, on admission : wcc 1. 8 8 g l ; platelets 9 8 g l ; crp 7 mg l ; glomerular filtration rate > 9 0 ml min ; trans - aminases normal. chest radiography at presentation was normal in both patients ; however, during the course of the disease both developed extensive bilateral",
      "type": "text"
    },
    {
      "id": 10,
      "text": "during the course of the disease both developed extensive bilateral infiltrates with pleural effusions. questions 1. what is your differential diagnosis for this couple? 2. how would you manage these patients clinically? is there any need to consider particular hospital hygiene precautions? discussion a previously healthy swiss couple in their mid - 5 0 s pre - sent with varying degrees of cardiorespiratory",
      "type": "text"
    },
    {
      "id": 11,
      "text": "- sent with varying degrees of cardiorespiratory failure of 2 and 2 1 days, respectively, after their return from a 3 - month trip down the western coast of south america. they spent the last month travelling along the chile - argentinian border. the cardiorespiratory collapse in the female patient occurs precipitously and requires ecmo treatment. answer to question 1 what is your",
      "type": "text"
    },
    {
      "id": 12,
      "text": "mo treatment. answer to question 1 what is your differential diagnosis for this couple? conditions that may present with acute respiratory distress syn - drome ards and possible multi - organ failure after travel to south america include influenza and other respiratory viruses. oftheviralinfections, newworldhantavirusescausecardiopul - monary disease ; their incubation period is comparatively long and",
      "type": "text"
    },
    {
      "id": 13,
      "text": "; their incubation period is comparatively long and human - to - human transmission has been described, which could explain why husband and wife presented 3 weeks apart. pneumococcal pneumonia should also be in the differen - tial diagnosis as a common cause of community - acquired pneumonia worldwide. rickettsial diseases have to be con - sidered : of the spotted - fever",
      "type": "text"
    },
    {
      "id": 14,
      "text": "con - sidered : of the spotted - fever group, in particular rickettsia rickettsiae, which notoriously causes severe disease should be on the list of differentials ; and scrub typhus, which was long thought to be limited to asia, has recently been described from chile. pulmonary plague is also focally endemic in south america. fungal infections histopla",
      "type": "text"
    },
    {
      "id": 15,
      "text": "endemic in south america. fungal infections histoplasmo - sis, cryptococcosis also have to be considered. severe malaria may cause ards and is a possibility, too. given the bleeding tendency seen in the wife, most viral haemorrhagic fevers can be excluded based on the incuba - tion time alone, which is well below 2 1 days for most endemic viral hae",
      "type": "text"
    },
    {
      "id": 16,
      "text": "well below 2 1 days for most endemic viral haemorrhagic fevers yellow fever, dengue and the new world arenaviruses, e. g. junín virus and machupo virus. there is only one exception to this rule, which is hantavirus infections : their incubation time may be up to 3 5 days. answer to question 2 how would you manage these",
      "type": "text"
    },
    {
      "id": 17,
      "text": ". answer to question 2 how would you manage these patients clinically? is there any need to consider particular hospital hygiene precautions? both patients should be referred to a tertiary care setting, which is equipped to handle ards and haemorrhagic fevers. clinically, securing cardiorespiratory function is the main priority. broad - spectrum antibiotics are indicated as empir - ical treatment until",
      "type": "text"
    },
    {
      "id": 18,
      "text": "antibiotics are indicated as empir - ical treatment until further results are back. although the aetiology is still unclear, a patient with respi - ratory symptoms must be treated under standard hygiene and droplet precautions at least to prevent potential noso - comial transmission. depending on local hospital hygiene requirements, airborne precautions may be required. the case continued … both patients were confirmed",
      "type": "text"
    },
    {
      "id": 19,
      "text": "required. the case continued … both patients were confirmed by pcr and serology to be infected with andesvirus andv, a new world species of the family hantaviridae, belonging to the order of bunya - virales. the new world hantaviruses are the causative agent of the hantavirus cardiopulmonary syndrome hcps. the husband was",
      "type": "text"
    },
    {
      "id": 20,
      "text": "opulmonary syndrome hcps. the husband was treated with non - invasive ventilation for 5 days. he made a full recovery after a month of reha - bilitation. his wife experienced a dramatic course with nearly a full month on ecmo treatment. multi - organ fail - ure requiring renal replacement therapy and haemorrhagic complications with mass transfusions of blood products ensued.",
      "type": "text"
    },
    {
      "id": 21,
      "text": "mass transfusions of blood products ensued. as a result of bleeding complications at the inguinal ecmo insertion sites compartment syndrome and leg ischemia ecmo was replaced centrally fig. 9 0. 2. after additional bleeding complications at inguinal and thoracic insertion sites, she underwent several surgical interventions. nosocomial infections followed, and she remained",
      "type": "text"
    },
    {
      "id": 22,
      "text": "nosocomial infections followed, and she remained in intensive care for 5 months and an additional 1 2 months in rehabilitation. the mode of transmission remained unclear ; both human - to - human - transmission and acquisi - tion from a common source were possible. • fig. 9 0. 2 computed tomography of the chest lung window of the female patient on day 1 3 showing",
      "type": "text"
    },
    {
      "id": 23,
      "text": "window of the female patient on day 1 3 showing extensive and dense dorsal infiltrations and the centrally placed ecmo cannulae. 2 5 1 chapter 9 0 a 5 5 - year - old couple both returning from chile and argentina with acute respiratory distress syndrome # page 3 summary box hantavirus cardiopulmonary syndrome hcps hcps is caused by andv. this",
      "type": "text"
    },
    {
      "id": 24,
      "text": "ps hcps is caused by andv. this new world hantavirus is endemic in the border region between chile and argentina. the vast majority of infections occur through inhalation of excreta from the long - tailed pygmy rice rat oligoryzomys longicauda - tus, the reservoir host. accordingly, outdoor activities are the major risk factor for acquiring andv",
      "type": "text"
    },
    {
      "id": 25,
      "text": "activities are the major risk factor for acquiring andv infection. the incubation period is typically 2 to 3 weeks range 7 - 3 9 days in case of common exposure. after non - specific prodromal symptoms over 2 to 8 days, the clinical course varies from a mild disease to its most severe form, hcps, which is characterized by microvascular leakage and is mainly",
      "type": "text"
    },
    {
      "id": 26,
      "text": "characterized by microvascular leakage and is mainly attributed to host immune response. it presents with rapidly progressing respiratory failure and precipitous haemo - dynamic instability because of cardiogenic shock and consec - utive pulmonary oedema. capillary leak leads to hypovolemia, which may further impair cardiac and renal function. a hae - morrhagic course may occur, although uncommon",
      "type": "text"
    },
    {
      "id": 27,
      "text": "hae - morrhagic course may occur, although uncommon. diagnosis is confirmed by rt - pcr from whole blood or by serology, either with presence of specific igm antibodies or at least a 4 - fold increase in igg titres in paired samples. there is no specific treatment or vaccine against andv. the use of ribavirin and corticosteroids in and",
      "type": "text"
    },
    {
      "id": 28,
      "text": "bavirin and corticosteroids in andv infection still remains to be elucidated. organ supportive therapy is therefore the mainstay of treatment. patients should be transferred to a tertiary intensive care unit immediately upon suspicion of andv infec - tion, because ecmo support might be required. case fatality rate in patients with hcps attributable to andv is 2",
      "type": "text"
    },
    {
      "id": 29,
      "text": "with hcps attributable to andv is 2 0 % to 4 0 %. andv is the only hantavirus for which person - to - person transmission has been described, though this occurs very rarely. nosocomial outbreaks were first reported in. the incubation period in such a scenario is usually around 2 0 days. person - to - person transmission is much less",
      "type": "text"
    },
    {
      "id": 30,
      "text": ". person - to - person transmission is much less common than infection by inhalation of rodent excreta and occurs through close interpersonal contacts in the hospital setting caring for a person with respiratory or haemorrhagic symptoms or at home such as sexual contacts, deep kissing or sharing the same bed. in the nosocomial setting, standard hygiene and droplet precautions should be",
      "type": "text"
    },
    {
      "id": 31,
      "text": ", standard hygiene and droplet precautions should be adopted, and it is recommended to treat the patients in a single room. during aerosol - generating pro - cedures, however, healthcare workers are advised to wear high - efficiency respirator masks and ocular protection. further reading 1. blumberg l, enria d, bausch dg. viral haemorrhagic fevers",
      "type": "text"
    },
    {
      "id": 32,
      "text": "bausch dg. viral haemorrhagic fevers. in : farrar j, editor. manson ’ s tropical diseases. 2 3 rd ed london : elsevier ; [ chapter 1 6 ]. 2. figueiredo lt, souza wm, ferr es m, enria da. hantaviruses and cardiopulmonary syndrome in south america. virus res ; 1",
      "type": "text"
    },
    {
      "id": 33,
      "text": "ary syndrome in south america. virus res ; 1 8 7 : 4 3 - 5 4. 3. wells rm, sosa estani s, yadon ze, et al. an unusual hantavirus outbreak in southern argentina : person - to - person transmission? hantavirus pulmonary syndrome study group for patagonia. emerg infect dis ; 3 : 1 7 1 - 4.",
      "type": "text"
    },
    {
      "id": 34,
      "text": "dis ; 3 : 1 7 1 - 4. 4. martinez - valdebenito c, calvo m, vial c, et al. person - to - person household and nosocomial transmission of andes hantavirus, southern chile,. emerg infect dis ; 2 0 : 3 6. 5. riquelme r, rioseco ml, bastidas",
      "type": "text"
    },
    {
      "id": 35,
      "text": "me r, rioseco ml, bastidas l, et al. hantavirus pulmonary syndrome, southern chile,. emerg infect dis ; 2 1 : 5 6 2 - 8. 2 5 2 chapter 9 0 a 5 5 - year - old couple both returning from chile and argentina with acute respiratory distress syndrome",
      "type": "text"
    }
  ],
  "images": [
    {
      "path": "Processed/images/90---A-55-Year-Old-Couple-Both-Returning-from-Chile-a_2022_Clinical-Cases-in/90---A-55-Year-Old-Couple-Both-Returning-from-Chile-a_2022_Clinical-Cases-in_p1_img1.jpeg",
      "type": "image"
    },
    {
      "path": "Processed/images/90---A-55-Year-Old-Couple-Both-Returning-from-Chile-a_2022_Clinical-Cases-in/90---A-55-Year-Old-Couple-Both-Returning-from-Chile-a_2022_Clinical-Cases-in_p2_img1.jpeg",
      "type": "image"
    }
  ]
}