{
  "file": "91---A-20-Year-Old-Male-from-India-With-Fever-_2022_Clinical-Cases-in-Tropic.md",
  "n_chunks": 33,
  "text_embedding": "Processed_embeddings/embeddings/text/91---A-20-Year-Old-Male-from-India-With-Fever-_2022_Clinical-Cases-in-Tropic_text.npy",
  "image_embedding": "Processed_embeddings/embeddings/image/91---A-20-Year-Old-Male-from-India-With-Fever-_2022_Clinical-Cases-in-Tropic_images.npy",
  "chunks": [
    {
      "id": 0,
      "text": "# page 1 9 1 a 2 0 - year - old male from india with fever and quadriparesis reeta s. mani clinical presentation history a previously healthy 2 0 - year - old man from southern india is admitted to a local hospital with fever and quadriparesis. he has had fever for 4 days, followed by tingling and weakness initially in his left leg,",
      "type": "text"
    },
    {
      "id": 1,
      "text": "tingling and weakness initially in his left leg, subsequently involving all four limbs over the next 2 days. he gives a history of a stray dog bite who category iii on his left lower limb 1 month before onset of symptoms, for which he received five doses of anti - rabies vaccine purified chick embryo cell vaccine, but no rabies immunoglobulin rig. clinical",
      "type": "text"
    },
    {
      "id": 2,
      "text": "no rabies immunoglobulin rig. clinical findings on admission, he is conscious and his mental functions are normal gcs 1 5 1 5. his blood pressure is 1 1 0 7 0 mmhg, pulse 9 0 beats per minute, respiratory rate 2 6 breaths per minute and temperature 3 8. 5 ° c 1 0 1. 3 ° f. neurological examination reveals a",
      "type": "text"
    },
    {
      "id": 3,
      "text": "1. 3 ° f. neurological examination reveals a flaccid, areflexic quadriparesis. laboratory results his blood investigations including serum electrolytes, renal and liver function test are normal. cerebrospinal fluid csf shows 5 2 mg dl protein reference : 1 5 - 5 0 mg dl, 6 0 mg dl glucose reference : 5 0 - 7 5 mg,",
      "type": "text"
    },
    {
      "id": 4,
      "text": "glucose reference : 5 0 - 7 5 mg, provided a normal serum glucose and 3 4 0 cells mm 3 6 0 % polymorphs and 4 0 % lymphocytes ; normal 5 cells mm 3. questions 1. you are suspecting rabies. how could you secure the diagnosis? what are the differentials? 2. how could rabies have been prevented in this",
      "type": "text"
    },
    {
      "id": 5,
      "text": ". how could rabies have been prevented in this case? discussion a 2 0 - year - old male indian with a history of dog - bite presents with fever and rapidly progressive quadriparesis a month after the incident. he has received a full course of five active anti - rabies vaccinations, but no anti - rabies immunoglobulin. answer to question 1 how",
      "type": "text"
    },
    {
      "id": 6,
      "text": "immunoglobulin. answer to question 1 how could you secure the diagnosis? what are the differentials? a young male with a history of dog bite in a rabies - endemic country, presenting with fever and rapidly pro - gressive ascending paresis a month later should elicit a high clinical suspicion of paralytic rabies. laboratory confirma - tion must be done wherever",
      "type": "text"
    },
    {
      "id": 7,
      "text": ". laboratory confirma - tion must be done wherever feasible to rule out clinical mimics table 9 1. 1 amenable to treatment and to insti - tute prompt infection control measures. testing at least three saliva samples at 3 - to 6 - hour intervals owing to intermittent shedding of the virus in saliva, along with a nuchal skin biopsy for viral rna",
      "type": "text"
    },
    {
      "id": 8,
      "text": "with a nuchal skin biopsy for viral rna by rt - pcr, can secure the diagnosis in most cases of the encephalitic form of rabies. though serological diagnosis has a limited role in table 9 1. 1 clinical mimics of rabies syndrome or disease guillain barr e syndrome post - vaccination encephalomyelitis nmdar antibody - mediated autoimmune encephal",
      "type": "text"
    },
    {
      "id": 9,
      "text": "itis nmdar antibody - mediated autoimmune encephalitis campylobacter - associated summer paralysis syndrome cerebral malaria herpes simplex encephalitis arthropod - borne encephalitides e. g. japanese encephalitis, west nile virus encephalitis, etc. poliomyelitis b - virus cercopithecine herpesvirus 1 encephalomyelitis",
      "type": "text"
    },
    {
      "id": 10,
      "text": "cine herpesvirus 1 encephalomyelitis tetanus snake - or scorpion - envenomation organophosphate poisoning illicit drug use, cns intoxicants psychiatric disorders 2 5 3 # page 2 the first week of illness, detection of rabies - specific anti - bodies in serum of an unvaccinated individual or csf can aid in diagnosis, especially in cases where survival",
      "type": "text"
    },
    {
      "id": 11,
      "text": "can aid in diagnosis, especially in cases where survival is prolonged beyond a week. if laboratory confirmation can - not be done ante - mortem, antigen detection by direct fluorescent antibody dfa test or rt - pcr on brain tissue obtained post - mortem can confirm or rule out a diagnosis of rabies table 9 1. 2. answer to question 2 how could rabies have been",
      "type": "text"
    },
    {
      "id": 12,
      "text": "answer to question 2 how could rabies have been prevented in this case? prompt and appropriate post - exposure prophylaxis pep after an exposure from a suspect rabid animal can prevent rabies in almost 1 0 0 % of cases. true pep failures are extremely rare and may occur because of short incu - bation periods resulting from multiple exposures on highly innervated areas",
      "type": "text"
    },
    {
      "id": 13,
      "text": "from multiple exposures on highly innervated areas of the body like the face, neck, hands etc. or because of direct inoculation of the virus into nerves. in severe exposures who category iii pep consists of thorough wound washing, active vaccination with anti - rabies vaccines and passive vaccination with anti - rabies immunoglobulin rig. while it may take about 5",
      "type": "text"
    },
    {
      "id": 14,
      "text": "bulin rig. while it may take about 5 to 7 days for vaccine - induced antibodies to be produced, rig, which is locally infiltrated into and around the wounds neutralizes the virus deposited at the site of the bite and prevents its entry into the nerves. even though the patient received adequate doses of active vaccine, he did not receive rig, which is life - saving",
      "type": "text"
    },
    {
      "id": 15,
      "text": "did not receive rig, which is life - saving in individuals with severe exposures. administration of human or equine rig or recently available monoclonal antibodies could have possibly prevented rabies in this case. the case continued … after admission, the patient developed autonomic instabil - ity evidenced by increased perspiration and significant var - iability in heart rate and blood pressure.",
      "type": "text"
    },
    {
      "id": 16,
      "text": "- iability in heart rate and blood pressure. he developed dysphagia and respiratory distress requiring mechanical ventilation on the third day after hospitalization. his saliva sample collected at admission was positive for rabies viral rna by rt - pcr ; a csf sample was negative. the patient died because of a sudden cardiac arrest on the fifth day of hospitalization 9 days post - onset",
      "type": "text"
    },
    {
      "id": 17,
      "text": "fifth day of hospitalization 9 days post - onset of symptoms. summary box rabies rabies is a progressive, fatal encephalomyelitis caused by viruses of the lyssavirus genus order mononegavirales, family rhabdoviridae. rabies lyssavirus rabv, the prototype virus of the lyssavirus genus,",
      "type": "text"
    },
    {
      "id": 18,
      "text": "virus of the lyssavirus genus, is the most common causative agent of rabies, usually transmitted through the bite of infected mammals, mostly dogs. about 0 human global deaths occur because of rabies annually, mostly in asia and africa. the incubation period is usually 2 0 to 9 0 days, but may vary. two distinct clinical forms of rabies are",
      "type": "text"
    },
    {
      "id": 19,
      "text": "vary. two distinct clinical forms of rabies are recognized : encepha - litic “ furious ” and paralytic “ dumb ”. the encephalitic form rarely poses diagnostic difficulties because of the classical clinical features like hydrophobia, aerophobia, agitation and table 9 1. 2 tests for laboratory diagnosis of rabies samples tests detection sensitivity remarks ante - mortem",
      "type": "text"
    },
    {
      "id": 20,
      "text": "bies samples tests detection sensitivity remarks ante - mortem diagnosis ∗ saliva rt - pcr viral nucleic acid moderate to high sensitivity testing serial pooled samples recommended to increase sensitivity nuchal skin biopsy rt - pcr viral nucleic acid moderate to high sensitivity full thickness biopsy and adequate hair follicles required csf, urine rt - pcr viral nucleic acid low sensitivity csf",
      "type": "text"
    },
    {
      "id": 21,
      "text": "- pcr viral nucleic acid low sensitivity csf, serum rffit, favn, elisa neutralizing antibodies rffit, favn ; antibodies against viral glycoprotein elisa low sensitivity in first week of illness ; rises with increased duration of survival > 9 0 % by 2 weeks presence of antibodies in csf irrespective of prior vaccination status and serum in previously",
      "type": "text"
    },
    {
      "id": 22,
      "text": "irrespective of prior vaccination status and serum in previously unvaccinated cases diagnostic of rabies post - mortem diagnosis ∗∗ brain tissue dfa, rt - pcr viral antigen high sensitivity nearly 1 0 0 % gold standard for laboratory confirmation dfa rt - pcr : reverse transcriptase polymerase chain reaction ; rffit : rapid fluorescent focus inhibition test ;",
      "type": "text"
    },
    {
      "id": 23,
      "text": "ffit : rapid fluorescent focus inhibition test ; favn : fluorescent antibody virus neutralization ; dfa : direct fluorescent antibody ∗ a positive test confirms rabies ; negative test results cannot rule out a diagnosis of rabies completely ∗∗ a positive test on brain tissue confirms rabies ; negative test rules out rabies 2 5 4 chapter 9 1 a 2 0 - year",
      "type": "text"
    },
    {
      "id": 24,
      "text": "5 4 chapter 9 1 a 2 0 - year - old male from india with fever and quadriparesis # page 3 autonomic dysfunction ; however, paralytic rabies may clinically mimic guillain barr e syndrome gbs, post - vaccination encephalomyelitis and other conditions table 9 1. 1 posing a challenge in diagnosis and management. fever at onset, par -",
      "type": "text"
    },
    {
      "id": 25,
      "text": "diagnosis and management. fever at onset, par - aesthesia in the bitten limb, rapid progression, quadriparesis with predominant involvement of proximal muscles, bowel and bladder involvement, percussion myoedema, presence of hydrophobia aerophobia and csf pleocytosis seen in paralytic rabies can help differentiate it from gbs. post - vaccination complications historically observed",
      "type": "text"
    },
    {
      "id": 26,
      "text": "from gbs. post - vaccination complications historically observed with nerve tissue vaccines used in the past are rarely seen with the currently used rabies vaccines derived from tissue culture or embryonated eggs. high titres of neutralizing antibodies in csf and serum and predominant involvement of grey matter in brain and spinal cord on neuroimaging in paralytic rabies can help distinguish it from",
      "type": "text"
    },
    {
      "id": 27,
      "text": "in paralytic rabies can help distinguish it from post - vaccination neurological complications. nerve conduction studies an axonal neuropathy supports rabies, neuroimaging and laboratory tests table 9 1. 2 can aid in the diagnosis. currently, there is no specific antiviral therapy of proven effi - cacy for rabies. management consists of symptomatic treatment and supportive care. progno",
      "type": "text"
    },
    {
      "id": 28,
      "text": "of symptomatic treatment and supportive care. prognosis is dismal in both forms of rabies, resulting in death within one to 2 weeks of symptom onset. survival from rabies is extremely rare, though critical care can reportedly prolong survival by a few weeks or months in some cases. this fatal disease can be prevented in most cases with appropriate pep after exposure. pre - exposure",
      "type": "text"
    },
    {
      "id": 29,
      "text": "cases with appropriate pep after exposure. pre - exposure prophylaxis is recommended in individuals at high risk, including travellers to rabies - endemic countries. further reading 1. warell mj. rabies. in : farrar j, editor. manson ’ s tropical diseases. 2 3 rd ed. london : elsevier ; [ chapter 5 2 ]. 2. willoughby",
      "type": "text"
    },
    {
      "id": 30,
      "text": "[ chapter 5 2 ]. 2. willoughby re. jr. rabies : rare human infection - common ques - tions. infect dis clin north am ; 2 9 4 : 6 3 7 - 5 0. 3. rupprecht ce, fooks ar, abela - ridder b, editors. an overview of antemortem and postmortem tests",
      "type": "text"
    },
    {
      "id": 31,
      "text": "overview of antemortem and postmortem tests for diagnosis of human rabies. in : laboratory techniques in rabies. 5 th ed vol. 1. geneva : world health organization ; [ chapter 5 ]. 4. world health organization. who expert consultation on rabies : third report. world health organization technical report series. geneva : who ;. 5. fooks ar",
      "type": "text"
    },
    {
      "id": 32,
      "text": "geneva : who ;. 5. fooks ar, cliquet f, finke s, et al. rabies. nat rev dis primers ; 3 : 1. 2 5 5 chapter 9 1 a 2 0 - year - old male from india with fever and quadriparesis",
      "type": "text"
    }
  ],
  "images": []
}