{
  "file": "92---A-42-Year-Old-Traveller-Returning-from-Thaila_2022_Clinical-Cases-in-Tr.md",
  "n_chunks": 29,
  "text_embedding": "Processed_embeddings/embeddings/text/92---A-42-Year-Old-Traveller-Returning-from-Thaila_2022_Clinical-Cases-in-Tr_text.npy",
  "image_embedding": "Processed_embeddings/embeddings/image/92---A-42-Year-Old-Traveller-Returning-from-Thaila_2022_Clinical-Cases-in-Tr_images.npy",
  "chunks": [
    {
      "id": 0,
      "text": "# page 1 9 2 a 4 2 - year - old traveller returning from thailand with fever and thrombocytopenia camilla rothe, maria s. mackroth and e. tannich clinical presentation history a 4 2 - year - old german man presents to a hospital in germany. for the past 6 days he has had a fever of up to 4 0 ° c 1 0 4 °",
      "type": "text"
    },
    {
      "id": 1,
      "text": "up to 4 0 ° c 1 0 4 ° f, arthralgias and retro - orbital pain. the day before presentation, he returned from a 1 0 - week trip to thailand, where he had spent 2 months on little koh chang, an island in the andaman sea. after that, he spent 5 days in hua hin at the gulf of thailand and another 5 days",
      "type": "text"
    },
    {
      "id": 2,
      "text": "hin at the gulf of thailand and another 5 days in bangkok. he has not taken any antimalarial chemopro - phylaxis, which is in line with the national recommendations in his home country for this trip. his past medical is unremarkable. clinical findings on examination, gcs is 1 5 1 5, temperature 3 9. 1 ° c 1 0 2. 4",
      "type": "text"
    },
    {
      "id": 3,
      "text": "9. 1 ° c 1 0 2. 4 ° f, bp 1 5 6 8 0 mmhg, pulse 1 0 6 beats per minute, respiratory rate 1 6 breath cycles per minute, spo 2 9 5 % on ambient air. there is no skin rash and no lymphadenopathy. upon auscultation, his chest is clear. abdominal examina - tion does",
      "type": "text"
    },
    {
      "id": 4,
      "text": "chest is clear. abdominal examina - tion does not show any intercostal tenderness, no tenderness on palpation and no organomegaly. laboratory results fbc shows thrombocytopenia of 9 l reference : 1 5 0 - 3 0 0 and is otherwise normal, crp 5 5 mg l reference : < 5, ast 6 2 u l reference :",
      "type": "text"
    },
    {
      "id": 5,
      "text": "< 5, ast 6 2 u l reference : 1 0 - 5 0 u l, alt 1 0 6 u l reference : 1 0 - 5 0. dengue ns 1 antigen test is negative, the rapid diagnostic test for malaria which detects plasmodium falciparum - specific histidine - rich protein ii and the panmalarial aldol - ase is negative",
      "type": "text"
    },
    {
      "id": 6,
      "text": "the panmalarial aldol - ase is negative. questions 1. what is your differential diagnosis? 2. how do you proceed? discussion a 4 2 - year old german man presents with a fever for 6 days, retro - orbital pain and arthralgias after extensive travel in southernthailand. heisfebrile, butotherwisephysicalexam - ination is unremarkable",
      "type": "text"
    },
    {
      "id": 7,
      "text": "therwisephysicalexam - ination is unremarkable. full blood count reveals thrombocy - topenia, crp and liver function tests are slightly elevated. rapid diagnostic tests for dengue and malaria are negative. answer to question 1 what is your differential diagnosis? given the clinical syndrome of fever, retro - orbital pain, arthralgias and thrombocytopenia after a visit to",
      "type": "text"
    },
    {
      "id": 8,
      "text": "as and thrombocytopenia after a visit to thailand, the most likely differential diagnosis to suspect is dengue fever. dengue is the most common febrile tropical disease seen in returning travellers from south and south - east asia. the duration of fever, however, is borderline long for den - gue. the dengue ns 1 antigen test reflecting dengue viraemia may already be negative",
      "type": "text"
    },
    {
      "id": 9,
      "text": "test reflecting dengue viraemia may already be negative at day 6 and does not reliably rule out the infection. chikungunya and zika are additional important arboviral infections to suspect. influenza is another important differential diagnosis to have in this patient. fever and associated symptoms are usu - ally of shorter duration but may last as long as 8 days. acute hiv infection may present with",
      "type": "text"
    },
    {
      "id": 10,
      "text": "as 8 days. acute hiv infection may present with persistent fever and throm - bocytopenia, and possible exposures should definitely be inquired. enteric fever presents with persistent febrile tem - peratures and otherwise non - specific symptoms. because food hygiene in thailand is overall very good, typhoid and paratyphoid fever are nowadays rarely seen imported from 2 5",
      "type": "text"
    },
    {
      "id": 11,
      "text": "id fever are nowadays rarely seen imported from 2 5 6 # page 2 this country. malaria has to be ruled out in any febrile trav - eller returning from a possibly endemic area, thrombocyto - penia also being a hallmark feature. malaria is nowadays rarely seen in travellers returning from thailand ; however, overlooking it could be lethal. a negative rapid diagnostic test rdt does",
      "type": "text"
    },
    {
      "id": 12,
      "text": "lethal. a negative rapid diagnostic test rdt does not rule out malaria because rdts are of unsatisfactory sensitivity for diagnosis of non - falciparum malaria. also, in falciparum malaria high parasitaemia may cause a prozone phenomenon with a false negative rdt. answer to question 2 how do you proceed? to reliably rule out dengue and indeed",
      "type": "text"
    },
    {
      "id": 13,
      "text": "proceed? to reliably rule out dengue and indeed any of the arboviral infections, serology at this point is the diagnostic test of choice, because viraemia is short and igm should be positive by day 6 of fever. convalescent samples taken 1 0 to 1 4 days later should show a further rise in titres. for diagnosis of influenza a deep nas",
      "type": "text"
    },
    {
      "id": 14,
      "text": "titres. for diagnosis of influenza a deep nasopharyngeal swab should be obtained, and care must be taken to apply the cor - rect technique. for acute hiv infection fourth - generation diagnostic tests which include p 2 4 antigen, should be able to diagnose acute infection. western blot may still be nega - tive at this stage, but in",
      "type": "text"
    },
    {
      "id": 15,
      "text": "nega - tive at this stage, but in case of doubt, hiv pcr would help establish the diagnosis. blood cultures would be the appro - priate test to rule out enteric fever. for malaria, microscopy thick and thin films remains the diagnostic gold standard. three negative films taken on consecutive days are considered to safely rule out malaria. if malaria parasites are detected but the species",
      "type": "text"
    },
    {
      "id": 16,
      "text": "malaria. if malaria parasites are detected but the species remains unclear even at a referral laboratory, species - specific polymer - ase chain reaction pcr may be useful. the case continued … a thick blood film showed plasmodium species trophozoites at a density of 9 2 0 μl. on thin film however, the microsco - pist on duty was unable to determine the pla",
      "type": "text"
    },
    {
      "id": 17,
      "text": "- pist on duty was unable to determine the plasmodium spe - cies. based on the negative result of the rapid diagnostic test, non - falciparum malaria was suspected. the patient was admitted to the infectious diseases ward. treatment was started with atovaquone proguanil 2 5 0 1 0 0 mg, 4 tablets once daily for 3 days. the patient rapidly",
      "type": "text"
    },
    {
      "id": 18,
      "text": "tablets once daily for 3 days. the patient rapidly recovered and was discharged on the fourth day. for further parasite differenti - ation, malaria microscopy was repeated by the head parasitol - ogist. after intense reading of the giemsa - stained thin blood film, 2 parasite - infected erythrocytes were identified with morphological characteristics compatible with plasmodium malari",
      "type": "text"
    },
    {
      "id": 19,
      "text": "morphological characteristics compatible with plasmodium malariae or p. knowlesi infection figs. 9 2. 1 and 9 2. 2. sub - sequently, species - specific pcr confirmed the presence of a mono - infection with p. knowlesi. summary box knowlesi malaria p. knowlesi is primarily a zoonotic parasite reported increasingly in humans across",
      "type": "text"
    },
    {
      "id": 20,
      "text": "a zoonotic parasite reported increasingly in humans across south - east asia. its reservoir is in various species of macaques. knowlesi malaria is now recognized as the most common form of malaria in malaysia and parts of western indonesia and it is increasingly reported from other parts of south - east asia. its prevalence may have long been underestimated because of the inability to reliably distinguish",
      "type": "text"
    },
    {
      "id": 21,
      "text": "underestimated because of the inability to reliably distinguish p. knowlesi from other plas - modium species, in particular p. malariae. pcr - based methods have been a major breakthrough in recognizing the importance of p. knowlesi. rapid diagnostic tests lack sensitivity and specificity • fig. 9 2. 1 young trophozoite ring form of p",
      "type": "text"
    },
    {
      "id": 22,
      "text": "1 young trophozoite ring form of p. knowlesi giemsa - stained thin film. • fig. 9 2. 2 late trophozoite band form of p. knowlesi giemsa - stained thin film. 2 5 7 chapter 9 2 a 4 2 - year - old traveller returning from thailand with fever and thrombocytopenia # page 3",
      "type": "text"
    },
    {
      "id": 23,
      "text": "with fever and thrombocytopenia # page 3 for this parasite, and physicians practising in the region or seeing returned travellers from south - east asia need to be aware of these pitfalls. p. knowlesi has a 2 4 - hour erythrocytic cycle and therefore causes a quotidian daily fever pattern with relatively high para - sitaemias seen in some patients",
      "type": "text"
    },
    {
      "id": 24,
      "text": "para - sitaemias seen in some patients. it may cause severe disease, similar to falciparum malaria. treatment is the same as for acute falciparum malaria. further reading 1. white nj. malaria. in : farrar j, editor. manson ’ s tropical diseases. 2 3 rd ed. london : elsevier ; [ chapter 4 3 ].",
      "type": "text"
    },
    {
      "id": 25,
      "text": "london : elsevier ; [ chapter 4 3 ]. 2. antinori s, galimberti l, milazzo l, et al. plasmodium knowlesi : the emerging zoonotic malaria parasite. acta trop ; 1 2 5 : 1 9 1 - 2 0 1. 3. singh b, daneshvar c. human infections and detection of pla",
      "type": "text"
    },
    {
      "id": 26,
      "text": "eshvar c. human infections and detection of plas - modium knowlesi. clin microbiol rev ; 2 6 2 : 1 6 5 - 8 4. 4. zaw mt, lin z. human plasmodium knowlesi infections in south - east asian countries. j microbiol immunol infect ; s : 8. https : doi.",
      "type": "text"
    },
    {
      "id": 27,
      "text": "ct ; s : 8. https : doi. org 1 0. j. jmii.. 0 5. 0 1 2. 5. froeschl g, nothdurft hd, von sonnenburg f, et al. retrospective clinical case series study in indentifies plasmodium knowlesi as most frequent plasmodium species in returning travellers from thailand to germany",
      "type": "text"
    },
    {
      "id": 28,
      "text": "smodium species in returning travellers from thailand to germany. euro surveill ; 2 3 2 9. 2 5 8 chapter 9 2 a 4 2 - year - old traveller returning from thailand with fever and thrombocytopenia",
      "type": "text"
    }
  ],
  "images": [
    {
      "path": "Processed/images/92---A-42-Year-Old-Traveller-Returning-from-Thaila_2022_Clinical-Cases-in-Tr/92---A-42-Year-Old-Traveller-Returning-from-Thaila_2022_Clinical-Cases-in-Tr_p2_img1.jpeg",
      "type": "image"
    },
    {
      "path": "Processed/images/92---A-42-Year-Old-Traveller-Returning-from-Thaila_2022_Clinical-Cases-in-Tr/92---A-42-Year-Old-Traveller-Returning-from-Thaila_2022_Clinical-Cases-in-Tr_p2_img2.jpeg",
      "type": "image"
    }
  ]
}