{
  "file": "93---A-35-Year-Old-Male-Logger-from-Peru-With-Fe_2022_Clinical-Cases-in-Trop.md",
  "n_chunks": 33,
  "text_embedding": "Processed_embeddings/embeddings/text/93---A-35-Year-Old-Male-Logger-from-Peru-With-Fe_2022_Clinical-Cases-in-Trop_text.npy",
  "image_embedding": "Processed_embeddings/embeddings/image/93---A-35-Year-Old-Male-Logger-from-Peru-With-Fe_2022_Clinical-Cases-in-Trop_images.npy",
  "chunks": [
    {
      "id": 0,
      "text": "# page 1 9 3 a 3 5 - year - old male logger from peru with fever, jaundice and bleeding pedro legua clinical presentation history a 3 5 - year - old peruvian man is referred to a hospital in lima. eight days prior, he developed fever and retro - orbital headache. two days into the illness he was admitted to a local hospital in the jungle after he",
      "type": "text"
    },
    {
      "id": 1,
      "text": "admitted to a local hospital in the jungle after he had developed jaundice, coffee - ground vomiting, gross haematuria and increasing mental obtundation. during the transfer to the referral hospital in lima the patient had a generalized seizure. his past medical history included hepatitis of unknown aetiology 2 0 years before. the patient was born in lima, but for the past",
      "type": "text"
    },
    {
      "id": 2,
      "text": "patient was born in lima, but for the past 5 years has been working as a logging supervisor in a remote jungle area near pucallpa on the shores of the ucayali river which joins the marañón to form the amazon river. he has not taken any malaria prophylaxis and has not received any vaccina - tions since his early childhood. clinical findings temperature 3",
      "type": "text"
    },
    {
      "id": 3,
      "text": "tions since his early childhood. clinical findings temperature 3 8. 8 ° c 1 0 1. 8 ° c, blood pressure 1 1 0 7 0 mmhg, heart rate 1 1 0 beats per minute, respiratory rate 2 4 breaths per minute. he is agitated, unresponsive to verbal commands and intermittently stuporous. there is marked flapping of hands, no",
      "type": "text"
    },
    {
      "id": 4,
      "text": ". there is marked flapping of hands, no focal neurological signs and no men - ingeal signs. he is jaundiced, and there is spontaneous bleed - ing of his oral mucosa and at venipuncture and iv sites. there are multiple large ecchymoses on the face, the trunk and all limbs fig. 9 3. 1. on auscultation",
      "type": "text"
    },
    {
      "id": 5,
      "text": ". 9 3. 1. on auscultation of the lungs there are crepitant rales in both bases. the heart sounds are nor - mal. the liver is felt 3 cm below the right costal margin ; the spleen is not palpable and there is no lymphadenopathy. laboratory results his routine laboratory results on admission are shown in table 9 3",
      "type": "text"
    },
    {
      "id": 6,
      "text": "laboratory results on admission are shown in table 9 3. 1. his malaria thick film is three times negative. blood cultures are negative. brucella serology is negative. hepatitis b igm anti - hbc are negative. questions 1. what is your differential diagnosis? 2. what tests will you do to confirm the diagnosis? table 9 3. 1 laboratory results on admission par",
      "type": "text"
    },
    {
      "id": 7,
      "text": "table 9 3. 1 laboratory results on admission parameter result reference range haematocrit 3 0 % 4 1 - 5 3 white cell count μl 0 bands : 4 % 0 - 1 0 neutrophils : 6 2 % 4 0 - 7 0 eosinophils : 0 % 0 - 8 basophils : 0 % 0 - 3 monocytes : 6",
      "type": "text"
    },
    {
      "id": 8,
      "text": "0 % 0 - 3 monocytes : 6 % 4 - 1 1 lymphocytes : 2 8 % 2 2 - 4 4 platelets 0 0 μl 0 0 0 0 ast got alt gpt u l 0 - 3 5 u l 0 - 3 5 ap 4 9 6 u l 3 8 - 1 2 6 total bilirubin direct biliru",
      "type": "text"
    },
    {
      "id": 9,
      "text": "6 total bilirubin direct bilirubin 1 1. 6 mg dl 0. 3 - 1. 2 9. 2 mg dl 0 - 0. 4 urea creatinine 8 9 mg dl 1 7 - 4 9 1. 2 mg dl 0. 6 - 1. 2 glucose 8 0 mg dl 7 0 - 1 1 0 serum protein albumin 4.",
      "type": "text"
    },
    {
      "id": 10,
      "text": "- 1 1 0 serum protein albumin 4. 2 g l 5. 5 - 8. 0 2. 8 g l 3. 5 - 5. 5 prothrombin time inr aptt 1 7 s 1 1. 1 - 1 3. 1 2. 6 0. 9 - 1. 3 8 0 s 2 2. 1 - 3 5. 1 fibrino",
      "type": "text"
    },
    {
      "id": 11,
      "text": ". 1 - 3 5. 1 fibrinogen 2 5 0 mg dl 1 5 0 - 4 0 0 ck u l 5 2 - 3 3 6 urine proteins 3 +, rbc : 5 0 - 6 0 f, wbc : 4 - 6 f 2 5 9 # page 2 discussion a young male peruvian logger working in the south american jungle presents with fever, jaundice,",
      "type": "text"
    },
    {
      "id": 12,
      "text": "american jungle presents with fever, jaundice, bleeding, encephalopathy and seizures. laboratory results indicate liver failure. answer to question 1 what is your differential diagnosis? this patient presents with an acute febrile illness that pro - duces liver failure. severe malaria is a possibility, although transaminases are usually not so high. the differential diag - nosis includes",
      "type": "text"
    },
    {
      "id": 13,
      "text": "high. the differential diag - nosis includes viral hepatitis a, b, c, d, and e and toxin - mediated hepatitis. leptospirosis seems possible, but the transaminases in lep - tospirosis are usually only mildly elevated less than 2 0 0 u l and jaundice is caused by cholestasis rather than hepatocel -",
      "type": "text"
    },
    {
      "id": 14,
      "text": "by cholestasis rather than hepatocel - lular damage. typhoid fever and brucellosis are other bacte - rial infections to be taken into account. severe dengue has to be considered, although 8 days of fever appearslongfordengueandusuallyjaundiceisnotsoprominent. also, haematocrit would be increased rather than low,",
      "type": "text"
    },
    {
      "id": 15,
      "text": "matocrit would be increased rather than low, as in this case. other viral haemorrhagic fevers vhfs with jaundice are possible, particularly given his occupation as a logger in the peruvian jungle with possible contact to sylvatic mosquitoes andanimals. themostprominentvhfinperuisyellowfever and he does not appear to be vaccinated against this disease. answer to",
      "type": "text"
    },
    {
      "id": 16,
      "text": "appear to be vaccinated against this disease. answer to question 2 what tests will you do to confirm the diagnosis? serial thick blood smears for malaria should be ordered. dengue ns 1 and dengue igm should be performed because ns 1 might have turned negative after more than 1 week of illness. blood cultures should be done to look for brucella species, as well as s. ty",
      "type": "text"
    },
    {
      "id": 17,
      "text": "cella species, as well as s. typhi and s. paratyphi. if brucellosis is sus - pected, microbiologists must be informed because specimens have to be handled under special biosafety precautions to prevent laboratory infections. if available, pcr of urine and blood should be done to look for leptospirosis ; microscopic agglutination test",
      "type": "text"
    },
    {
      "id": 18,
      "text": "spirosis ; microscopic agglutination test is an alternative if pcr is not available. laboratory tests should include igm antibodies for the different viral hepatitis viruses except for acute hepatitis d because of delayed antibody production. igm antibodies against the yellow fever virus persist for several weeks and can be detected by various methods, e. g. igm capture elisa. detection of viral",
      "type": "text"
    },
    {
      "id": 19,
      "text": "g. igm capture elisa. detection of viral rna by rt - pcr could also be attempted. the case continued … the patient received presumptive treatment for malaria, broad - spectrum antibiotics, and supportive care. over the next 3 days, he developed increasing hepatic encephalopathy, renal failure, coma, and dic with increasing spontaneous bleeding. the chest x - ray showed bilateral",
      "type": "text"
    },
    {
      "id": 20,
      "text": "spontaneous bleeding. the chest x - ray showed bilateral pulmonary infil - trates compatible with ards fig. 9 3. 2. repeat laboratory results on day 3 showed deterioration of his kidney function creatinine 6. 5 mg dl, urea 1 2 0 mg dl and a sudden drop in his liver transaminases ast 1 0 0 u l, alt 2 0 0",
      "type": "text"
    },
    {
      "id": 21,
      "text": "1 0 0 u l, alt 2 0 0 u l, most likely indicating acute hepatic disintegration. sadly, the patient passed away 1 day later. igm capture elisa for yellow fever came back highly pos - itive at 1 : 0. anti - dengue igm was negative. direct viral isolation in culture was negative on a blood specimen drawn on admission 8 days into the",
      "type": "text"
    },
    {
      "id": 22,
      "text": "a blood specimen drawn on admission 8 days into the illness, which is not surprising because viraemia in yellow fever is short 4 - 5 days. permis - sion for autopsy was refused, therefore liver histology was not available. • fig. 9 3. 1 extended ecchymoses in a febrile peruvian logger with fever and jaundice 2 6 0 chapter 9 3",
      "type": "text"
    },
    {
      "id": 23,
      "text": "and jaundice 2 6 0 chapter 9 3 a 3 5 - year - old male logger from peru with fever, jaundice and bleeding # page 3 summary box yellow fever yellow fever is and arboviral infection caused by a flavivirus and transmitted by aedes and haemagogus mosquitoes. it is endemic in south and central america and in africa. there is no",
      "type": "text"
    },
    {
      "id": 24,
      "text": "and central america and in africa. there is no yellow fever in asia. the incubation period of yellow fever is usually 3 to 6 days. most cases are subclinical or show mild and non - specific symptoms. after an acute febrile illness with headache and myalgia without a rash that likely represents the peak viraemia, there may be a period of remission, as",
      "type": "text"
    },
    {
      "id": 25,
      "text": "there may be a period of remission, as seen in other flaviviral infections. fever may then resume joined by back pain, nausea, vomiting and altered mental status progressing to the severe clinical syndrome described above. haematemesis is commonly described. in fatal cases, death usually occurs 7 to 1 0 days into the illness. yellow fever causes an infection of hepato",
      "type": "text"
    },
    {
      "id": 26,
      "text": "illness. yellow fever causes an infection of hepatocytes and kupffer cells. there is mid - zonal hepatocellular necrosis with a minimal inflammatory response. councilman bodies and microvesicular fatty changes are seen. the sudden and marked decrease of hepatic transaminases in our patient just before death likely represented near total destruction of functioning hepatocytes",
      "type": "text"
    },
    {
      "id": 27,
      "text": "represented near total destruction of functioning hepatocytes and acute hepatic disintegration. as with other flaviviruses there is no specific treatment for yellow fever, making prevention by use of the 1 7 d live yellow fever vaccine imperative. vaccine efficacy in immunocompetent persons is at nearly 1 0 0 %. while most individuals in endemic areas amazon basin and sub - saharan africa have poor access to",
      "type": "text"
    },
    {
      "id": 28,
      "text": "basin and sub - saharan africa have poor access to vaccines and there are regular shortages during yellow fever epidemics there is dramatic under - use of the vaccination by travellers and expatriates. data indicates that the number of unvaccinated travellers visiting risk areas is substantial. each year, deaths in unvaccinated travellers to yellow fever endemic areas are reported. further reading 1. blumberg l, en",
      "type": "text"
    },
    {
      "id": 29,
      "text": ". further reading 1. blumberg l, enria d, bausch dg. viral haemorrhagic fevers. in : farrar j, editor. manson ’ s tropical diseases. 2 3 rd ed london : elsevier ; [ chapter 1 6 ]. 2. monath tp, vasconcelos pfc. yellow fever. j clin virol ; 6 4 :",
      "type": "text"
    },
    {
      "id": 30,
      "text": ". j clin virol ; 6 4 : 1 6 0 - 7 3. 3. quaresma jas, pagliari c, medeiros dba, et al. immunity and immune response, pathology and pathologic changes : progress and challenges in the immunopathology of yellow fever. rev med virol ; 2 3 5 : 3 0 5 - 1 8",
      "type": "text"
    },
    {
      "id": 31,
      "text": "2 3 5 : 3 0 5 - 1 8. 4. visser lg. fractional - dose yellow fever vaccination : how much can we do less? curr opin infect dis ; 3 2 5 : 3 9 0 - 9 3. 5. reno e, quan ng, franco - paredes c, et al. prevention of yellow fever in travellers : an update",
      "type": "text"
    },
    {
      "id": 32,
      "text": ". prevention of yellow fever in travellers : an update. lancet infect dis ; 2 0 6 : e 1 2 9 - 3 7. • fig. 9 3. 2 chest x - ray of the patient showing bilateral patchy infiltrates. 2 6 1 chapter 9 3 a 3 5 - year - old male logger from peru with fever, jaundice and bleeding",
      "type": "text"
    }
  ],
  "images": [
    {
      "path": "Processed/images/93---A-35-Year-Old-Male-Logger-from-Peru-With-Fe_2022_Clinical-Cases-in-Trop/93---A-35-Year-Old-Male-Logger-from-Peru-With-Fe_2022_Clinical-Cases-in-Trop_p2_img1.jpeg",
      "type": "image"
    },
    {
      "path": "Processed/images/93---A-35-Year-Old-Male-Logger-from-Peru-With-Fe_2022_Clinical-Cases-in-Trop/93---A-35-Year-Old-Male-Logger-from-Peru-With-Fe_2022_Clinical-Cases-in-Trop_p2_img2.jpeg",
      "type": "image"
    },
    {
      "path": "Processed/images/93---A-35-Year-Old-Male-Logger-from-Peru-With-Fe_2022_Clinical-Cases-in-Trop/93---A-35-Year-Old-Male-Logger-from-Peru-With-Fe_2022_Clinical-Cases-in-Trop_p3_img1.jpeg",
      "type": "image"
    }
  ]
}