{
  "file": "94---A-20-Year-Old-Woman-from-the-Democratic-Republic-_2022_Clinical-Cases-i.md",
  "n_chunks": 28,
  "text_embedding": "Processed_embeddings/embeddings/text/94---A-20-Year-Old-Woman-from-the-Democratic-Republic-_2022_Clinical-Cases-i_text.npy",
  "image_embedding": "Processed_embeddings/embeddings/image/94---A-20-Year-Old-Woman-from-the-Democratic-Republic-_2022_Clinical-Cases-i_images.npy",
  "chunks": [
    {
      "id": 0,
      "text": "# page 1 9 4 a 2 0 - year - old woman from the democratic republic of the congo with fever and a vesiculopustular skin rash johannes blum and andreas neumayr clinical presentation history a 2 0 - year - old woman presents to her local hospital in a rural area of the democratic republic of the congo with a history of fever, malaise, headache,",
      "type": "text"
    },
    {
      "id": 1,
      "text": "a history of fever, malaise, headache, dry cough, swelling of the neck and a disseminated skin rash, which appeared 2 days after the symptoms began. the skin lesions first appeared on the face and then spread centrifugally over her body, including the palms and soles of her feet as well as the oral mucosa. the lesions have developed from initial mac",
      "type": "text"
    },
    {
      "id": 2,
      "text": "sa. the lesions have developed from initial macules to papules, then to vesicles and finally to pustules. the oral mucosal lesions are painful and make drinking and eating difficult. the patient resides in a village, where people live from agriculture, she has no relevant past medical history and is the mother of three children. clinical findings vital signs :",
      "type": "text"
    },
    {
      "id": 3,
      "text": "mother of three children. clinical findings vital signs : temperature 3 8 ° c 1 0 0. 4 ° f, pulse 1 1 0 beats per minute, blood pressure 1 0 5 8 2 mmhg. disseminated uni - form umbilicated vesiculopustular skin lesions, ranging from 0. 5 to 1 cm in diameter, all over the body with a",
      "type": "text"
    },
    {
      "id": 4,
      "text": "cm in diameter, all over the body with a predilection for the face, the hands and the feet fig. 9 4. 1. generalized lymphadenopathy with prominent swelling of the cervical lymph nodes. the examination of the lungs, heart, abdomen and the cns is unremarkable. laboratory results see table 9 4. 1 table 9 4. 1",
      "type": "text"
    },
    {
      "id": 5,
      "text": "table 9 4. 1 table 9 4. 1 laboratory results at presentation parameter patient reference wbc 1 0 9 l neutrophils : lymphocytes 4. 4 7 3 %: 2 1 % 4 - 1 0 haemoglobin g dl 1 2. 3 1 2 - 1 6 esr 7 5 mm h < 2 0 mm h • fig. 9 4.",
      "type": "text"
    },
    {
      "id": 6,
      "text": "2 0 mm h • fig. 9 4. 1 vesiculopustular skin rash seen at hospital admission 2 6 2 # page 2 questions 1. what are your differential diagnoses? 2. what are the main criteria to distinguish these differential diagnoses from each other? discussion a 2 0 - year - old woman from a rural region of the democratic republic of the congo presents",
      "type": "text"
    },
    {
      "id": 7,
      "text": "rural region of the democratic republic of the congo presents with an acute febrile illness which is accompanied by a disseminated uniform vesiculo - pustular skin rash including the palms and soles of the feet as well as the oral mucosa and a prominent cervical lymphadenopathy. answer to question 1 what are your differential diagnoses? the clinical manifestation suggests a viral",
      "type": "text"
    },
    {
      "id": 8,
      "text": "differential diagnoses? the clinical manifestation suggests a viral infection and the morphology and evolution of the skin lesions is characteristic for a poxvirus. although smallpox was eradicated in and no cases have occurred since, a zoonotic poxvirus would be the primary suspicion, particularly monkeypox, which is endemic in rural regions of central africa. varicella, caused by",
      "type": "text"
    },
    {
      "id": 9,
      "text": "of central africa. varicella, caused by the varicella zoster virus, is another febrile illness associ - ated with a vesicular rash that is often confused with monkeypox, but several features help distinguish the two ill - nesses discussed below. cowpox usually presents with a single lesion unless the patient is immunosuppressed ; fever and lymp",
      "type": "text"
    },
    {
      "id": 10,
      "text": "patient is immunosuppressed ; fever and lymphadenopathy are uncommon, therefore this seems to be less likely. answer to question 2 what are the main criteria to distinguish these differential diagnoses from each other? important criteria to distinguish the main viral infections presenting with a vesiculopapular rash include the distribu - tion of the skin lesions, the stage of the respective",
      "type": "text"
    },
    {
      "id": 11,
      "text": "the skin lesions, the stage of the respective lesions, involvement of palms and soles, and the presence of fever and lymphadenopathy table 9 4. 2. the case continued … currently, no specific vaccine or treatment for monkeypox is available and clinical management is exclusively supportive. persons who have been vaccinated against smallpox in the past appear to have some cross - protection",
      "type": "text"
    },
    {
      "id": 12,
      "text": "in the past appear to have some cross - protection against monkey - pox ; and if they get infected, develop milder symptoms than unvaccinated persons. our patient is 2 0 years old, and was thus born after the worldwide smallpox vaccination table 9 4. 2 clinical characteristics of viral infections presenting with a vesicular rash mccollum, 2 monkeypox smallpox cowpox var",
      "type": "text"
    },
    {
      "id": 13,
      "text": "lum, 2 monkeypox smallpox cowpox varicella incubation period days 6 1 4 7 1 7 fever ° c 3 8. 5 - 4 0. 5 > 4 0 rare < 3 8. 8 rash disseminated, uniform disseminated, uniform localized singular lesions rarely disseminated disseminated, non - uniform lesion distribution centrifugal centrifugal - centripetal",
      "type": "text"
    },
    {
      "id": 14,
      "text": "distribution centrifugal centrifugal - centripetal lesion progression homogenous rash lesions are mostly in one stage of development ; slow progression with each stage lasting 1 - 2 days homogenous rash lesions are mostly in one stage of development ; slow progression with each stage lasting 1 - 2 days - heterogeneous rash lesions are often in multiple stages of development on the",
      "type": "text"
    },
    {
      "id": 15,
      "text": "sions are often in multiple stages of development on the body ; fast progression frequency of lesions on palms or soles of feet common common - rare rash period from the appearance of lesions to desquamation days 1 4 2 1 lymphadenopathy yes yes rare no case fatality rate 1 %- 1 0 % 1 0 %- 5 0 % 1 %- 3 % 0. 1",
      "type": "text"
    },
    {
      "id": 16,
      "text": "5 0 % 1 %- 3 % 0. 1 3 % 2 6 3 chapter 9 4 a 2 0 - year - old woman from the drc with fever and a skin rash # page 3 programmes were stopped in the early s. she made an uneventful recovery ; however, with scarring from the skin lesions fig. 9 4. 2. summary box human monkeypox human",
      "type": "text"
    },
    {
      "id": 17,
      "text": "4. 2. summary box human monkeypox human monkeypox is a sporadic smallpox - like zoonotic viral exanthematous disease. it occurs in the rain forests of central and west africa. the virus was first identified in in laboratory monkeys. human monkeypox was not recognized as a distinct infection in humans until. then, during efforts to eradicate smallpox, the virus",
      "type": "text"
    },
    {
      "id": 18,
      "text": ", during efforts to eradicate smallpox, the virus was isolated from a patient with suspected smallpox infection in zaire now the democratic republic of the congo. although the natural animal reservoir of monkeypox remains unknown, several lines of evidence point to rodents as a likely reservoir. the sporadically observed human cases and small outbreaks are confined to remote villages and believed to result from close",
      "type": "text"
    },
    {
      "id": 19,
      "text": "confined to remote villages and believed to result from close contact between humans and wild animals. however, the precise exposure is often difficult to pinpoint in areas where contact with animals through household rodent infestations and hunting or preparation of bushmeat from a variety of species is common. outside endemic areas, there was an outbreak of monkeypox in the united states in associated with infected prairie dogs sold",
      "type": "text"
    },
    {
      "id": 20,
      "text": "the united states in associated with infected prairie dogs sold as pets. although considerably less infective than smallpox, monkey - pox can also spread from human to human through the respi - ratory route or by contact with an infected person ’ s bodily fluids. transmission is believed to occur through saliva and respiratory secretions or contact with exudate or crust material from the skin",
      "type": "text"
    },
    {
      "id": 21,
      "text": "with exudate or crust material from the skin lesions. risk factors for transmission include sharing a bed or room or using the same utensils as an infected person. the clinical picture of monkeypox is similar to smallpox but shows a considerably milder course with a case fatality rate of 1 0 %. it is believed that the rising number of reported human cases in recent years is",
      "type": "text"
    },
    {
      "id": 22,
      "text": "rising number of reported human cases in recent years is largely attributable to the waning herd immunity after the suspension of smallpox vaccination in the early s. in endemic regions, the fairly distinct rash of monkeypox is primarily a clinical diagnosis because neither commercial assays nor the required laboratory infrastructure are usually readily available. the definitive diagnosis is established by pcr, culture, immunohistochemistry",
      "type": "text"
    },
    {
      "id": 23,
      "text": "established by pcr, culture, immunohistochemistry or electron microscopy but demands biosafety level 2 laboratory facilities. optimal diagnostic speci - mens for pcr are lesion exudate on a swab or crust specimens stored in a dry, sterile tube without any transport media and kept cold. interpretation of serological tests can be hampered by cross - reactivity with other orthopo",
      "type": "text"
    },
    {
      "id": 24,
      "text": "pered by cross - reactivity with other orthopoxviruses including previous smallpox vaccination. further reading 1. blumberg l, enria d, bausch dg. viral haemorrhagic fevers. in : farrar j, editor. manson ’ s tropical diseases. 2 3 rd ed london : elsevier ; [ chapter 1 6 ]. 2. mccollum am,",
      "type": "text"
    },
    {
      "id": 25,
      "text": "1 6 ]. 2. mccollum am, damon ik. human monkeypox. clin infect dis ; 5 8 2 : 2 6 0 - 7. 3. sklenovská n, van ranst m. emergence of monkeypox as the most important orthopoxvirus infection in humans. front public health ; 6 : 2 4 1. 4. reed kd",
      "type": "text"
    },
    {
      "id": 26,
      "text": "6 : 2 4 1. 4. reed kd, melski jw, graham mb, et al. the detection of mon - keypox in humans in the western hemisphere. n engl j med ; 3 5 0 : 3 4 2 - 5 0. • fig. 9 4. 2 healing skin lesions at discharge from the hospital 2 6 4 chapter 9 4 a 2 0",
      "type": "text"
    },
    {
      "id": 27,
      "text": "hospital 2 6 4 chapter 9 4 a 2 0 - year - old woman from the drc with fever and a skin rash",
      "type": "text"
    }
  ],
  "images": [
    {
      "path": "Processed/images/94---A-20-Year-Old-Woman-from-the-Democratic-Republic-_2022_Clinical-Cases-i/94---A-20-Year-Old-Woman-from-the-Democratic-Republic-_2022_Clinical-Cases-i_p1_img1.jpeg",
      "type": "image"
    },
    {
      "path": "Processed/images/94---A-20-Year-Old-Woman-from-the-Democratic-Republic-_2022_Clinical-Cases-i/94---A-20-Year-Old-Woman-from-the-Democratic-Republic-_2022_Clinical-Cases-i_p3_img1.jpeg",
      "type": "image"
    }
  ]
}