{
  "file": "Acknowledgements_2022_Clinical-Cases-in-Tropical-Medicine.md",
  "n_chunks": 4,
  "text_embedding": "Processed_embeddings/embeddings/text/Acknowledgements_2022_Clinical-Cases-in-Tropical-Medicine_text.npy",
  "image_embedding": "Processed_embeddings/embeddings/image/Acknowledgements_2022_Clinical-Cases-in-Tropical-Medicine_images.npy",
  "chunks": [
    {
      "id": 0,
      "text": "# page 1 acknowledgements i would like to thank the whole editorial team at elsevier for their encouragement to go for the second edition of this book, for their tremendous support and patience. in partic - ular i would like to thank content strategist lotta kryhl, con - tent development specialist louise cook, and andrew riley as project manager. i am very grateful to all authors who",
      "type": "text"
    },
    {
      "id": 1,
      "text": "manager. i am very grateful to all authors who come from 6 differ - ent continents, for their great enthusiasm and uncomplicated cooperation. i am particularly obliged to all patients, whose cases are presented in this book, and some of whom sadly did not survive the diseases discussed. special thanks go out to anthony d. harries who ’ s own wonderful case book, alas now",
      "type": "text"
    },
    {
      "id": 2,
      "text": "’ s own wonderful case book, alas now out of print, inspired me to compile this current book. i am particularly happy that tony is one of the contributors of this book. i would like to thank david lalloo for bringing me into contact with elsevier. i am also very grateful and honoured that peter hotez volunteered to write a very special foreword to this",
      "type": "text"
    },
    {
      "id": 3,
      "text": "volunteered to write a very special foreword to this book. xxi",
      "type": "text"
    }
  ],
  "images": []
}