{
  "file": "Copyright_2022_Clinical-Cases-in-Tropical-Medicine.md",
  "n_chunks": 5,
  "text_embedding": "Processed_embeddings/embeddings/text/Copyright_2022_Clinical-Cases-in-Tropical-Medicine_text.npy",
  "image_embedding": "Processed_embeddings/embeddings/image/Copyright_2022_Clinical-Cases-in-Tropical-Medicine_images.npy",
  "chunks": [
    {
      "id": 0,
      "text": "# page 1 ©, elsevier limited. all rights reserved. first edition second edition the right of camilla rothe to be identified as editor of this work has been asserted by her in accordance with the copyright, designs and patents act. no part of this publication may be reproduced or transmitted in any form or by any means, electronic or mechanical, including photocopying, recording",
      "type": "text"
    },
    {
      "id": 1,
      "text": ", electronic or mechanical, including photocopying, recording, or any information storage and retrieval system, without permission in writing from the publisher. details on how to seek permission, further information about the publisher ’ s permissions policies and our arrangements with organizations such as the copyright clearance center and the copyright licensing agency, can be found at our website : www. elsevier. com per",
      "type": "text"
    },
    {
      "id": 2,
      "text": "our website : www. elsevier. com permissions this book and the individual contributions contained in it are protected under copyright by the publisher other than as may be noted herein. notices practitioners and researchers must always rely on their own experience and knowledge in evaluating and using any information, methods, compounds or experiments described herein. because of rapid advances in the medical sciences, in particular,",
      "type": "text"
    },
    {
      "id": 3,
      "text": "rapid advances in the medical sciences, in particular, independent verification of diagnoses and drug dosages should be made. to the fullest extent of the law, no responsibility is assumed by elsevier, authors, editors or contributors for any injury and or damage to persons or property as a matter of products liability, negligence or otherwise, or from any use or operation of any methods, products,",
      "type": "text"
    },
    {
      "id": 4,
      "text": "any use or operation of any methods, products, instructions or ideas contained in the material herein. isbn : 9 7 8 - 0 8 content strategist : lotta kryhl content development specialist : louise cook project manager : andrew riley design : renee duenow marketing manager : maria moreno printed in the uk last digit is the print number : 1",
      "type": "text"
    }
  ],
  "images": []
}