{
  "file": "Foreword_2022_Clinical-Cases-in-Tropical-Medicine.md",
  "n_chunks": 22,
  "text_embedding": "Processed_embeddings/embeddings/text/Foreword_2022_Clinical-Cases-in-Tropical-Medicine_text.npy",
  "image_embedding": "Processed_embeddings/embeddings/image/Foreword_2022_Clinical-Cases-in-Tropical-Medicine_images.npy",
  "chunks": [
    {
      "id": 0,
      "text": "# page 1 foreword twenty years following the launch of the millennium devel - opment goals, malaria and neglected tropical diseases remain pervasive, especially among the world ’ s poor. infor - mation from the recently published global burden of dis - ease study confirms that the world ’ s major tropical infections, including malaria and the 2 0 major neglected tropical diseases ntds",
      "type": "text"
    },
    {
      "id": 1,
      "text": "and the 2 0 major neglected tropical diseases ntds identified by the world health organization, exert a horrific toll on human life 1, 2. together these diseases kill an estimated 7 2 0, 0 0 0, 1 while causing chronic and disabling effects measured in dalys disability - adjusted life years that exceed almost any other cause of illness. 2 tuberculosis and hiv aids are also dev",
      "type": "text"
    },
    {
      "id": 2,
      "text": "illness. 2 tuberculosis and hiv aids are also dev - astating infections that disproportionately occur in tropical developing countries. even beyond their adverse health impact, the leading tropical diseases are significant causes of economic underde - velopment. indeed, malaria and the ntds are probably the most common diseases of poor people and have been shown to thwart economic productivity through their negative effects on child",
      "type": "text"
    },
    {
      "id": 3,
      "text": "thwart economic productivity through their negative effects on child health and the productivity of agricultural workers. 3 so far in, we have also seen how a coronavi - rus, a zoonotic disease from bats, can profoundly affect the world ’ s second largest economy - china. yet another impor - tant effect - tropical infectious diseases also disproportion - ately devastate girls",
      "type": "text"
    },
    {
      "id": 4,
      "text": "diseases also disproportion - ately devastate girls and women through their ability to damage the female urogenital tract or cause disfigurement and stigma. 4 tropical diseases are the secret scourge of girls and women. despite their enormous global importance, there is a sur - prising lack of knowledge about tropical diseases among health care professionals including physicians. for example, recent studies from the united",
      "type": "text"
    },
    {
      "id": 5,
      "text": "physicians. for example, recent studies from the united states centers for disease control and prevention indicate that very few us medical doctors know how to recognize and diagnose chagas disease american trypanosomiasis even though it is now an impor - tant cause of heart disease in the us. 5, 6 as a result, thousands of chagas disease cases may go undiagnosed every year",
      "type": "text"
    },
    {
      "id": 6,
      "text": "chagas disease cases may go undiagnosed every year and patients inadvertently denied access to essential trypanocidal medicines. this finding emphasizes an emerging concept in tropical medicine that many parasitic and related infections occur outside of the poorest countries, with high levels of transmission also occurring in generally wealthy countries such as in the us or eastern and southern europe. 7, 8 the term",
      "type": "text"
    },
    {
      "id": 7,
      "text": "eastern and southern europe. 7, 8 the term ‘ blue marble health ’ has been coined to account for the finding that many of the world ’ s neglected tropical diseases are found predominantly among the extreme poor living amidst wealth. 9 in other words, poverty has emerged as the overriding social determinant of neglected tropical dis - eases. but poverty is not",
      "type": "text"
    },
    {
      "id": 8,
      "text": "tropical dis - eases. but poverty is not the only social or physical determi - nant now driving 2 1 st century diseases, as increasingly, we increasingly see how war or political collapse, urbanization, and climate change influence disease patterns 1 0 - 1 2. clinical cases in tropical medicine ‘ clinical cases ’ is a key companion volume to the 2 3 rd edition of",
      "type": "text"
    },
    {
      "id": 9,
      "text": "key companion volume to the 2 3 rd edition of manson ’ s tropical diseases, but it will also be useful alongside other complete tropical medicine textbooks. an important role for clinical cases is to provide important practical applica - tions and illustrative case reports in order to reinforce the material in these comprehensive texts. comprised of over 1 0 0 detailed clinical cases from as many tropical medicine",
      "type": "text"
    },
    {
      "id": 10,
      "text": "0 0 detailed clinical cases from as many tropical medicine physicians across the world, clinical cases provides an excel - lent learning opportunity to reinforce concepts on practical approaches to the diagnosis, management, and treatment of the major tropical diseases endemic to africa, asia and the americas. this new edition also contains important updates regarding emerging tropical diseases such as zika virus infec - tion and malaria caused by pla",
      "type": "text"
    },
    {
      "id": 11,
      "text": "virus infec - tion and malaria caused by plasmodium knowlesi, among other conditions. the book should be useful for trainees and practitioners working in disease - endemic developing countries, as well as those working in clinical settings that see immigrants or travelers from affected regions and now people living in poverty in north america and europe who also suffer from these afflictions. clinical cases should serve",
      "type": "text"
    },
    {
      "id": 12,
      "text": "from these afflictions. clinical cases should serve as a powerful learning tool for years to come! peter hotez md phd faap fastmh * references cited 1. gbd causes of death collaborators. global, regional, and national age - sex specific mortality for 2 8 2 causes of death in 1 9 5 countries and territories,: a systematic analysis for the global burden of disease",
      "type": "text"
    },
    {
      "id": 13,
      "text": ": a systematic analysis for the global burden of disease study. lancet ; 3 9 2 : 8 8. 2. gbd dalys and hale collaborators. global, regional, and national disability - adjusted life - years dalys for 3 5 9 * peter hotez is texas children ’ s hospital endowed chair of tropical pediatrics, professor of pediatrics and molecular virology",
      "type": "text"
    },
    {
      "id": 14,
      "text": "atrics, professor of pediatrics and molecular virology and micro - biology, and dean of the national school of tropical medicine at baylor college of medicine in houston, texas. x # page 2 diseases and injuries and healthy life expectancy hale for 1 9 5 countries and territories,: a systematic analysis for the global burden of disease study. lancet ; 3 9 2 : 9 2 2",
      "type": "text"
    },
    {
      "id": 15,
      "text": "lancet ; 3 9 2 : 9 2 2. 3. hotez pj, fenwick a, savioli l, et al. rescuing the bottom billion through control of neglected tropical diseases. lancet ; 3 7 3 : 5. 4. hotez pj, engels d, gyapong m, et al. female genital schistoso - miasis. n",
      "type": "text"
    },
    {
      "id": 16,
      "text": "female genital schistoso - miasis. n engl j med ; 3 8 1 : 5. 5. stimpert kk, montgomery sp. physician awareness of chagas disease, usa. emerg infect dis ; 1 6 : 8 7 1 - 2. 6. verani jr, montgomery sp, schulkin j, et al. survey of obstetrician -",
      "type": "text"
    },
    {
      "id": 17,
      "text": ", et al. survey of obstetrician - gynecologists in the united states about chagas dis - ease. am j trop med hyg ; 8 3 : 8 9 1 - 5. 7. hotez pj, jackson lee s. us gulf coast states : the rise of neglected tropical diseases in “ flyover nation ” plos negl trop dis ; 1 1",
      "type": "text"
    },
    {
      "id": 18,
      "text": "� plos negl trop dis ; 1 1 1 1 : e 7 4 4. 8. hotez pj. southern europe ’ s coming plagues : vector - borne neglected tropical diseases. plos negl trop dis ; 1 0 6 : e 2 4 3. 9. hotez pj. ntds v. 2. 0 : ‘ blue marble health ’",
      "type": "text"
    },
    {
      "id": 19,
      "text": ". 0 : ‘ blue marble health ’- neglected tropical disease control and elimination in a shifting health policy land - scape. plos negl trop dis ; 7 : e. 1 0. du ry, stanaway jd, hotez pj. could violent conflict derail the london declaration on ntds? plos negl trop dis ; 1 2 4 : 1 3 6",
      "type": "text"
    },
    {
      "id": 20,
      "text": "trop dis ; 1 2 4 : 1 3 6. 1 1. hotez pj. global urbanization and the neglected tropical diseases. plos negl trop dis ; 1 1 2 : e 3 0 8. 1 2. blum aj, hotez pj. global “ worming ”: climate change and its projected general impact on human helminth infections. plos",
      "type": "text"
    },
    {
      "id": 21,
      "text": "impact on human helminth infections. plos negl trop dis ; 1 2 7 : e 3 7 0. xi foreword",
      "type": "text"
    }
  ],
  "images": []
}