{
  "file": "Front-Matter_2022_Clinical-Cases-in-Tropical-Medicine.md",
  "n_chunks": 1,
  "text_embedding": "Processed_embeddings/embeddings/text/Front-Matter_2022_Clinical-Cases-in-Tropical-Medicine_text.npy",
  "image_embedding": "Processed_embeddings/embeddings/image/Front-Matter_2022_Clinical-Cases-in-Tropical-Medicine_images.npy",
  "chunks": [
    {
      "id": 0,
      "text": "# page 1 clinical cases in tropical medicine # page 2 clinical cases in tropical medicine second edition edited by camilla rothe, md, dtm & h head of clinical tropical medicine division of infectious diseases and tropical medicine lmu university hospital munich, germany",
      "type": "text"
    }
  ],
  "images": []
}