{
  "file": "Inside-Front-Cover_2022_Clinical-Cases-in-Tropical-Medicine.md",
  "n_chunks": 0,
  "text_embedding": "Processed_embeddings/embeddings/text/Inside-Front-Cover_2022_Clinical-Cases-in-Tropical-Medicine_text.npy",
  "image_embedding": "Processed_embeddings/embeddings/image/Inside-Front-Cover_2022_Clinical-Cases-in-Tropical-Medicine_images.npy",
  "chunks": [],
  "images": [
    {
      "path": "Processed/images/Inside-Front-Cover_2022_Clinical-Cases-in-Tropical-Medicine/Inside-Front-Cover_2022_Clinical-Cases-in-Tropical-Medicine_p1_img1.jpeg",
      "type": "image"
    }
  ]
}