{
  "file": "List-of-Contributors_2022_Clinical-Cases-in-Tropical-Medicine.md",
  "n_chunks": 56,
  "text_embedding": "Processed_embeddings/embeddings/text/List-of-Contributors_2022_Clinical-Cases-in-Tropical-Medicine_text.npy",
  "image_embedding": "Processed_embeddings/embeddings/image/List-of-Contributors_2022_Clinical-Cases-in-Tropical-Medicine_images.npy",
  "chunks": [
    {
      "id": 0,
      "text": "# page 1 list of contributors charlotte adamczick, md, mih, dtmh, pgdippid consultant paediatrician tropen - und reisemedizin am bellevue z € urich, switzerland cassandra aldrich, bm bch, phd, dtmh division of infectious diseases and tropical medicine university hospital, lmu munich munich, germany koya ariyoshi,",
      "type": "text"
    },
    {
      "id": 1,
      "text": "mu munich munich, germany koya ariyoshi, md, dtmh, msc, phd professor of clinical medicine department of infectious diseases nagasaki university hospital nagasaki city, nagasaki, japan sudhir babji, md assistant professor the wellcome trust research laboratory division of gastrointestinal sciences christian medical college vellore, india andrew bastawrous, bsc hons, mbchb",
      "type": "text"
    },
    {
      "id": 2,
      "text": "awrous, bsc hons, mbchb, mrcophth, pgctlcp, fhea, phd associate professor clinical research department london, school of hygiene and tropical medicine london, uk m. jane bates, mbchb, mphil, frcgp family physician department of family medicine college of medicine blantyre, malawi daniel g. bausch,",
      "type": "text"
    },
    {
      "id": 3,
      "text": "yre, malawi daniel g. bausch, md, mph & tm director uk public health rapid support team public health england london school of hygiene and tropical medicine, london london, uk ; professor department of disease control london, school of hygiene and tropical medicine london, uk nicholas a. v. beare, ma, mb chb, md, frcophth consultant ophthalmo",
      "type": "text"
    },
    {
      "id": 4,
      "text": ", md, frcophth consultant ophthalmologist st paul ’ s eye unit royal liverpool university hospital liverpool, uk cesar g. berto, md internal medicine jacobi medical center bronx, ny, usa johannes blum, prof. prof. dr. med. medical department swiss tropical and public health institute basel, switzerland marleen boelaert, md phd professor department of public health",
      "type": "text"
    },
    {
      "id": 5,
      "text": "elaert, md phd professor department of public health institute of tropical medicine antwerp, belgium gerd - dieter burchard, prof. dr. med. professor bernhard nocht institute for tropical medicine hamburg, germany beatriz bustamante, md head of the mycology laboratory and associate researcher instituto de medicina tropical alexander von humboldt universidad peruana cayetano heredia",
      "type": "text"
    },
    {
      "id": 6,
      "text": "humboldt universidad peruana cayetano heredia, lima, peru ; assistant physician department of transmissible and dermatological diseases hospital nacional cayetano heredia lima, peru fátima concha velasco, msc physician infectious disease medicine hospital antonio lorena cusco, peru xiii # page 2 fernando mejía cordero, md researcher instituto medicina tropical",
      "type": "text"
    },
    {
      "id": 7,
      "text": "cordero, md researcher instituto medicina tropical alexander von humboldt universidad peruana cayetano heredia lima, peru christina m. coyle, md, ms assistant dean office of faculty development albert einstein college of medicine new york, ny, usa bart j. currie, mbbs, fracp, fafphm, dtm + h professor in medicine northern territory medical program and men",
      "type": "text"
    },
    {
      "id": 8,
      "text": "h professor in medicine northern territory medical program and menzies school of health research royal darwin hospital, darwin, northern territory, australia david a. b. dance, mb chb, msc, frcpath clinical research microbiologist lao - oxford - mahosot hospital - wellcome trust research unit microbiology laboratory mahosot hospital vientiane, lao pdr and centre for tropical medicine",
      "type": "text"
    },
    {
      "id": 9,
      "text": "ane, lao pdr and centre for tropical medicine university of oxford oxford, uk jeremy day, ma, mb bchir, dtm & h, phd, frcp head, cns and hiv infections research group oxford university clinical research unit ho chi minh city, vietnam ; professor of infectious diseases nuffield department of medicine university of oxford oxford, uk sebastian dieckmann, md senior",
      "type": "text"
    },
    {
      "id": 10,
      "text": "oxford, uk sebastian dieckmann, md senior clinical consultant charit e universit € atsmedizin berlin occupational medicine berlin, germany ivy ekem, mb chb, fwacp professor of haematology school of medical sciences university of cape coast cape coast, ghana nadia el - dib, phd professor of parasitology head of the permanent scientific committee of parasitology in egyptian",
      "type": "text"
    },
    {
      "id": 11,
      "text": "the permanent scientific committee of parasitology in egyptian universities department of medical parasitology faculty of medicine cairo, egypt viravong douangnoulak, md head, department of otorhinolaryngology mahosot hospital vientiane, laos pdr facundo m. fernández, phd associate professor school of chemistry and biochemistry georgia institute of technology",
      "type": "text"
    },
    {
      "id": 12,
      "text": "of chemistry and biochemistry georgia institute of technology atlanta, ga, usa arthur m. friedlander, md senior scientist headquarters u. s. army medical research institute of infectious diseases usamriid frederick, md, usa ; adjunct professor of medicine school of medicine uniformed services university of the health sciences bethesda, md, usa cristina goens, md, mscih consultant",
      "type": "text"
    },
    {
      "id": 13,
      "text": "cristina goens, md, mscih consultant in internal medicine medical school academic department of internal medicine pontificia universidad católica de chile santiago, chile ; consultant in internal medicine internal medicine hospital la florida santiago, chile eduardo h. gotuzzo, md, facp, fidsa emeritus professor instituto de medicina tropical alexander von humboldt universidad peruana cay",
      "type": "text"
    },
    {
      "id": 14,
      "text": "ina tropical alexander von humboldt universidad peruana cayetano heredia lima, peru ; profesor adscrito enfermedades infecciosas y tropicales hospital nacional cayetano heredia lima, peru michael d. green, phd research chemist division of parasitic diseases and malaria us centers for disease control and prevention atlanta, ga, usa xiv list of contributors # page",
      "type": "text"
    },
    {
      "id": 15,
      "text": ", ga, usa xiv list of contributors # page 3 anthony d. harries, md, frcp senior advisor centre, for operational research international union against tb and lung disease paris, france ; honorary professor infectious diseases and tropical medicine london, school of hygiene and tropical medicine london, uk william p. howlett, mb, dtm & h, frcpi, phd professor internal medicine kilimanjaro",
      "type": "text"
    },
    {
      "id": 16,
      "text": "h, frcpi, phd professor internal medicine kilimanjaro christian medical centre, moshi kilimanjaro, tanzania ralf ignatius, md prof. dr. department of microbiology mvz laboratory berlin, germany saythong inthalad, md luang nam tha provincial health department luang nam tha province lao pdr kentaro ishida, md, dtmh, fjsog vice director obstetrics and",
      "type": "text"
    },
    {
      "id": 17,
      "text": "tmh, fjsog vice director obstetrics and gynecology nishijima clinic fujimino, saitama, japan frederique jacquerioz, md physician division of tropical and humanitarian medicine hug geneva, switzerland benjamin jeffs, frcp medical consultant acute medicine bristol royal infirmary bristol, uk ; physician me ̒ decins sans frontières london, uk johannes jo",
      "type": "text"
    },
    {
      "id": 18,
      "text": "sans frontières london, uk johannes jochum, md department of medicine university medical center hamburg - eppendorf hamburg, germany nick jones, mbbs addenbrooke ’ s hospital department of infectious diseases cambridge university hospitals nhs foundation trust cambridge, uk sabine jordan, md clinical lecturer i. medical clinic, division of tropical medicine and infectious diseases university medical center hamburg - eppendorf hamburg",
      "type": "text"
    },
    {
      "id": 19,
      "text": "infectious diseases university medical center hamburg - eppendorf hamburg, germany clinical lecturer clinical research department bernhard nocht institute for tropical medicine hamburg, germany gagandeep kang, md, phd, frcpath professor division of gastrointestinal sciences christian medical college vellore, tamil nadu, india juri katchanov, md physician department of internal medicine klinikum rechts der isar",
      "type": "text"
    },
    {
      "id": 20,
      "text": "medicine klinikum rechts der isar munich, germany valy keoluangkhot, md, msc chief of adult infectious and tropical diseases center senior clinical research mahosot hospital ; ministry of health vientiane, lao pdr ; clinical coordinator institut francophone pour la medicine tropicale vientiane, lao pdr guido kluxen, professor dr.",
      "type": "text"
    },
    {
      "id": 21,
      "text": "pdr guido kluxen, professor dr. med. senior clinical research fellow ophthalmological regional community consulting and clinic wermelskirchen - solingen - remscheid wermelskirchen, germany yoon kong, md, phd professor molecular parasitology sungkyunkwan university school of medicine suwon, gyeonggi - do, republic of korea esther kuenzli,",
      "type": "text"
    },
    {
      "id": 22,
      "text": "do, republic of korea esther kuenzli, md, msc, dtm & h physician medical department swiss tropical and public health institute basel, switzerland saba m. lambert, mbchb, dip trop med, phd clinical research fellow infectious and tropical diseases london, school of hygiene and tropical medicine london, uk xv list of contributors # page 4 vatthanaphone latthaphasav",
      "type": "text"
    },
    {
      "id": 23,
      "text": "4 vatthanaphone latthaphasavang, md senior clinical research fellow adult infectious disease ward mahosot hospital vientiane, lao pdr alejandro llanos - cuentas, md, msc, phd full professor school of public health universidad peruana cayetano heredia lima, peru pedro legua, md, mscctm professor department of medicine universi",
      "type": "text"
    },
    {
      "id": 24,
      "text": "md, mscctm professor department of medicine universidad peruana cayetano heredia lima, peru ; attending physician departamento de enfermedades infecciosas, tropicales y dermatológicas hospital cayetano heredia lima, peru michael libman, md professor of medicine mcgill university montreal, quebec, canada elizabeth m. molyneux",
      "type": "text"
    },
    {
      "id": 25,
      "text": "quebec, canada elizabeth m. molyneux, dsc hc, frcpch, frcem, frcp honorary professor of paediatrics paediatric and child health college of medicine blantyre, malawi david c. w. mabey, dm, frcp professor of communicable diseases infectious and tropical diseases london, school of hygiene and tropical medicine london, uk maria s.",
      "type": "text"
    },
    {
      "id": 26,
      "text": "hygiene and tropical medicine london, uk maria s. mackroth, md i. medical clinic, division of tropical medicine and infectious diseases university medical center hamburg - eppendorf hamburg, germany ciro maguiña, md principal professor of medicine instituto de medicina tropical alexander von humboldt universidad peruana cayetano heredia lima, peru reeta s. mani, md additional professor",
      "type": "text"
    },
    {
      "id": 27,
      "text": "peru reeta s. mani, md additional professor neurovirology national institute of mental health and neurosciences nimhans bangalore, india michael marks, mrcp, phd, dtm & h assistant professor clinical research department london, school of hygiene and tropical medicine london, uk dalila martínez, md, msph infectious disease physician departamento de enfermedades infecci",
      "type": "text"
    },
    {
      "id": 28,
      "text": "departamento de enfermedades infecciosas, tropicales y dermatológicas hospital cayetano heredia lima, peru ; research professor facultad de medicina alberto hurtado universidad peruana cayetano heredia lima, peru associate researcher instituto de medicina tropical alexander von humboldt universidad peruana cayetano heredia lima,",
      "type": "text"
    },
    {
      "id": 29,
      "text": "dad peruana cayetano heredia lima, peru haruhiko maruyama, md professor department of infectious diseases university of miyazaki faculty of medicine miyazaki, japan alice mathuram, mbbs, md, dtm & h professor department of medicine christian medical college vellore, india kohsuke matsui, md assistant professor department of infectious diseases nagasaki university hospital nag",
      "type": "text"
    },
    {
      "id": 30,
      "text": "professor department of infectious diseases nagasaki university hospital nagasaki city, nagasaki, japan mayfong mayxay, md, phd associate professor institute of research and education development university of health sciences, vientiane lao pdr ; head of field research lomwru mahosot hospital, vientiane lao pdr james mccarthy, fracp professor of tropical medicine and infectious diseases",
      "type": "text"
    },
    {
      "id": 31,
      "text": ", fracp professor of tropical medicine and infectious diseases infectious diseases program qimr berghofer medical research institute and department of infectious diseases royal brisbane and women ’ s hospital brisbane, qld, australia xvi list of contributors # page 5 oriol mitià, md, phd assistant professor neglected tropical diseases barcelona, institute for global health barcelona, spain robert f. miller, mbbs",
      "type": "text"
    },
    {
      "id": 32,
      "text": "barcelona, spain robert f. miller, mbbs, frcp professor institute for global health university college london london, uk israel molina, md, phd head tropical medicine and international health vall d ’ hebron university hospital barcelona, spain andreas j. morguet, md, phd senior cardiology attending and lecturer department of cardiology campus benjamin franklin charit e university medicine berlin berlin, germany hiroy",
      "type": "text"
    },
    {
      "id": 33,
      "text": "it e university medicine berlin berlin, germany hiroyuki nakase, md department of neurosurgery nara medical university kashihara nara, japan yukifumi nawa, md, phd invited professor tropical diseases research center khon kaen university, khon kaen muan khon klaen, thailand ; emeritus professor infectious diseases university of miyazaki miyazaki, japan andreas",
      "type": "text"
    },
    {
      "id": 34,
      "text": "of miyazaki miyazaki, japan andreas neumayr, md, dtm & h, mctm chief medical officer department of medicine swiss tropical and public health institute basel, switzerland paul n. newton, bmbch, dphil, mrcp, dtmh & h professor lao - oxford - mahosot hospital - wellcome research unit mahosot hospital, vi",
      "type": "text"
    },
    {
      "id": 35,
      "text": "wellcome research unit mahosot hospital, vientiane lao pdr ; professor centre for tropical medicine and global health university of oxford oxford, uk ; professor infectious diseases data observatory university of oxford oxford, uk thi thuy ngan nguyen, md clinician department of tropical diseases cho ray hospital ho chi minh, vietnam ; phd student cns hiv group oxford university clinical research unit ho chi",
      "type": "text"
    },
    {
      "id": 36,
      "text": "cns hiv group oxford university clinical research unit ho chi minh, vietnam caoimhe nic fhogartaigh, mrcp, frcpath, msc, dtmh consultant in infectious disease and microbiology division of infection barts health london, uk fumihiko nishimura, md, phd department of neurosurgery nara medical university kashihara nara, japan buachan nor",
      "type": "text"
    },
    {
      "id": 37,
      "text": "university kashihara nara, japan buachan norindr, md deputy, department of otorhinolaryngology mahosot hospital vientiane, lao pdr yukiteru ouji department of pathogen, infection and immunity nara medical university kashihara nara, japan gregor pollach, prof, dr. professor of anaesthesia and intensive care university of",
      "type": "text"
    },
    {
      "id": 38,
      "text": "professor of anaesthesia and intensive care university of malawi blantyre, malawi douglas g. postels, md, ms associate professor pediatric neurology children ’ s national medical center washington, dc, usa ; associate professor pediatric neurology george washington university washington, dc, usa ranjan premaratna, md professor in medicine medicine faculty of medicine, university of kelaniya ra",
      "type": "text"
    },
    {
      "id": 39,
      "text": "faculty of medicine, university of kelaniya ragama, sri lanka xvii list of contributors # page 6 sayaphet rattanavong, md research clinician microbiology laboratory mahosot hospital, vientiane capital vientiane capital lao pdr koert ritmeijer, phd, mph, msc coordinator neglected tropical diseases medical department m edecins sans fronti",
      "type": "text"
    },
    {
      "id": 40,
      "text": "diseases medical department m edecins sans frontières amsterdam, the netherlands hillary k. rono, mb chb, mmed ophthalmol, feaco, msc ophthalmologist kitale, district hospital ministry of health kirale, kenya karen roodnat, md, msc medical doctor in tropical medicine and international health rotterdam, the netherlands ; medical doctor in tropical medicine and international",
      "type": "text"
    },
    {
      "id": 41,
      "text": "the netherlands ; medical doctor in tropical medicine and international health me ̒ decins sans frontières amsterdam, netherlands camilla rothe, md, dtm & h head of clinical tropical medicine division of infectious diseases and tropical medicine lmu university hospital munich, germany priscilla rupali, md, dtmh, frcp professor infectious diseases christian medical college vellore, tamil nadu,",
      "type": "text"
    },
    {
      "id": 42,
      "text": "diseases christian medical college vellore, tamil nadu, india prakasit sa - ngaimwibool department of pathology faculty of medicine khon kaen university thailand thomas schneider, univ. prof., phd, md head of infectious diseases charite ̒- universit € atsmedizin berlin berlin, germany markus schulze schwering, dr. med., febo dr",
      "type": "text"
    },
    {
      "id": 43,
      "text": "wering, dr. med., febo dr. med. ophthalmology university eye hospital t € ubingen, germany carlos seas, md, msc associate professor department of medicine universidad peruana cayetano heredia lima, peru ; vice director instituto de medicina tropical alexander von humboldt lima, peru ; attending physician infectious and tropical medicine hospital nacional cayetano heredia lima",
      "type": "text"
    },
    {
      "id": 44,
      "text": "tropical medicine hospital nacional cayetano heredia lima, peru fredericka sey, mb chb principal medical officer sickle cell clinic ghana institute of clinical genetics korle bu accra, ghana omar siddiqi, md, mph assistant professor neurology beth israel deaconess medical center boston, ma, usa ; visiting lecturer in medicine university of zambia school of medicine lusaka, zambia eberhard siebert",
      "type": "text"
    },
    {
      "id": 45,
      "text": "of medicine lusaka, zambia eberhard siebert, md neuroradiologist department of neuroradiology charit e - universit € atsmedizin berlin berlin, germany siho sisouphonh, md senior infectious disease clinician adult infectious disease ward mahosot hospital vientiane, lao pdr g € unther slesak, dr. med., dtm &",
      "type": "text"
    },
    {
      "id": 46,
      "text": "ther slesak, dr. med., dtm & h, mscih dr tropical medicine tropenklinik paul - lechler - krankenhaus t € ubingen, germany chris smith, mbbch, phd professor clinical medicine tropical medicine and global health nagasaki university nagasaki - shi, japan xviii list of contributors # page 7 peter sothmann, md, dtm",
      "type": "text"
    },
    {
      "id": 47,
      "text": "page 7 peter sothmann, md, dtm & h dr. division of infectious diseases and tropical medicine lmu university hospital munich, germany douangdao soukaloun lao - oxford - mahosot hospital - wellcome trust research unit lomwru, microbiology laboratory, mahosot hospital, vientiane, lao pdr and paediatric ward, mahosot hospital,",
      "type": "text"
    },
    {
      "id": 48,
      "text": "and paediatric ward, mahosot hospital, vientiane, lao pdr m. leila srour, md, mph, dtm & h pediatrician department of pediatrics health frontiers, vientiane lao pdr cornelia staehelin, md, dtm & h, mih physician department of infectious diseases inselspital, bern university hospital bern, switzerland hart",
      "type": "text"
    },
    {
      "id": 49,
      "text": "spital, bern university hospital bern, switzerland hartmut stocker, md head st. joseph krankenhaus department of infectious diseases berlin, germany marija stojkovic, dtmh associate professor department of infectious diseases clinical tropical medicine heidelberg, germany kensuke takahashi, md assistant professor department of infectious diseases nagasaki university hospital nagasaki city, nagasaki, japan hiroko ta",
      "type": "text"
    },
    {
      "id": 50,
      "text": "asaki city, nagasaki, japan hiroko takamatsu takamatsu hiroko dermatology clinic fukuoka, japan e. tannich professor bernhard nocht institute for tropical medicine bnitm hamburg germany masaki tomita, md associate professor department of surgery ii university of miyazaki miyasaki, japan joep j. van oosterhout, md, phd professor",
      "type": "text"
    },
    {
      "id": 51,
      "text": "van oosterhout, md, phd professor department of medicine university of malawi college of medicine blantyre, malawi kristien verdonck, md, phd research fellow department of public health institute of tropical medicine antwerp, belgium moritz vogel, dr. med. consultant dr department of pediatrics klinikum mutterhaus trier, rhineland - palatine, germany stephen",
      "type": "text"
    },
    {
      "id": 52,
      "text": "er, rhineland - palatine, germany stephen l. walker, mbchb, phd, mrcp uk, dtm & h consultant dermatologist and associate professor department of clinical research faculty of infectious and tropical diseases london, school of hygiene and tropical medicine london, uk emma c. wall, phd clinical lecturer infection and immunity university college london london, uk thomas weitzel, md",
      "type": "text"
    },
    {
      "id": 53,
      "text": "london london, uk thomas weitzel, md, dtm & p full professor travel medicine program clínica alemana universidad del desarrollo santiago, chile christopher j. m. whitty, frcp professor hospital for tropical diseases university college london hospitals london, uk yohannes w. woldeamanuel, md physician scientist neurology stanford university school of medicine stanford",
      "type": "text"
    },
    {
      "id": 54,
      "text": "md physician scientist neurology stanford university school of medicine stanford, ca, usa ; founder and consultant advanced clinical and research center addis ababa, ethiopia ; founder and ceo propria health solutions ca, usa xix list of contributors # page 8 mary e. wright, md, mph medical officer division of clinical research national institute of allergy and infectious diseases national institutes of health bethesda, md, usa",
      "type": "text"
    },
    {
      "id": 55,
      "text": "diseases national institutes of health bethesda, md, usa sophie yacoub, bm, mrcp, msc, phd, dtm & h physician centre for tropical medicine oxford university clinical research unit ho chi minh city, vietnam masahide yoshikawa, md professor department of pathogen, infection and immunity nara medical university nara, japan xx list of contributors",
      "type": "text"
    }
  ],
  "images": []
}