{
  "file": "Preface_2022_Clinical-Cases-in-Tropical-Medicine.md",
  "n_chunks": 7,
  "text_embedding": "Processed_embeddings/embeddings/text/Preface_2022_Clinical-Cases-in-Tropical-Medicine_text.npy",
  "image_embedding": "Processed_embeddings/embeddings/image/Preface_2022_Clinical-Cases-in-Tropical-Medicine_images.npy",
  "chunks": [
    {
      "id": 0,
      "text": "# page 1 preface clinical cases in tropical medicine was written for doctors and senior medical students who already have some back - ground knowledge in tropical medicine which they wish to put into practice. it helps the reader prepare for an occu - pational stay in a tropical country and is equally useful for preparing for examinations, like the diploma in tropical medicine and hygiene dtm & h or a",
      "type": "text"
    },
    {
      "id": 1,
      "text": "in tropical medicine and hygiene dtm & h or a specialist examina - tion. it can also just be used by anyone who takes pleasure in puzzling cases in tropical medicine for the mere fun of it! this book has been developed as a companion book to man - son's tropical diseases ; however, it can be read alongside any other textbook of tropical medicine. it can also be used",
      "type": "text"
    },
    {
      "id": 2,
      "text": "textbook of tropical medicine. it can also be used on its own since every case presentation closes with a ‘ summary box ’ providing a brief synopsis of the clinical problem dis - cussed. the “ summary box ” is also meant to serve as a useful and compact tool for revision, e. g. before an exam. the first edition of this book was a great",
      "type": "text"
    },
    {
      "id": 3,
      "text": ". the first edition of this book was a great success : doctors and medical students around the world use it for self - study and teaching all over the world. this second edition of clin - ical cases in tropical medicine has been updated and extended and contains 3 0 new cases. important “ classical ” tropical diseases missing in the first edition have now been added, such as african",
      "type": "text"
    },
    {
      "id": 4,
      "text": "first edition have now been added, such as african trypanosomiasis, chagas, leprosy and yaws. the world ’ s epidemiological picture is rapidly changing : cases of newly emerging diseases have been included, such as zika, severe fever with thrombocytope - nia syndrome sfts and knowlesi malaria. in addition, migrant medicine has become of",
      "type": "text"
    },
    {
      "id": 5,
      "text": "malaria. in addition, migrant medicine has become of growing importance to cli - nicians in non - tropical countries. this novel trend is reflected by new cases in migrant medicine and contain decriptions eg. of louse - borne - relapsing fever, spinal brucel - losis and hyperreactive malarial splenomegaly. on behalf of our team of authors from",
      "type": "text"
    },
    {
      "id": 6,
      "text": "y. on behalf of our team of authors from all over the world we hope you enjoy the second edition of this book. xii",
      "type": "text"
    }
  ],
  "images": []
}